method,attention,type,prompt_index,prompt_text,image_path,clip_new_prompt_sim,clip_old_image_sim,dino_struct_dist
baseline,none,0-animal,1,A photo of a cat riding a bicycle,data_new/baseline/0-animal/1.png,0.3174087405204773,0.8938950896263123,0.035309165716171265
baseline,none,0-animal,2,A photo of a dog riding a bicycle,data_new/baseline/0-animal/2.png,0.26115018129348755,0.7673993110656738,0.0333552323281765
baseline,none,0-animal,3,A photo of a lion riding a bicycle,data_new/baseline/0-animal/3.png,0.3218408226966858,0.8656452298164368,0.0364660769701004
baseline,none,0-animal,4,A photo of a tiger riding a bicycle,data_new/baseline/0-animal/4.png,0.3759469985961914,0.8517652750015259,0.02076360210776329
baseline,none,0-animal,5,A photo of a rabbit riding a bicycle,data_new/baseline/0-animal/5.png,0.34850192070007324,0.7759848833084106,0.0749177485704422
baseline,none,0-animal,6,A photo of a panda riding a bicycle,data_new/baseline/0-animal/6.png,0.2883201241493225,0.8106018900871277,0.053476423025131226
baseline,none,0-animal,7,A photo of a fox riding a bicycle,data_new/baseline/0-animal/7.png,0.33258867263793945,0.8871219158172607,0.033046744763851166
baseline,none,0-animal,8,A photo of a wolf riding a bicycle,data_new/baseline/0-animal/8.png,0.3405200242996216,0.8966226577758789,0.02675778605043888
baseline,none,0-animal,9,A photo of a monkey riding a bicycle,data_new/baseline/0-animal/9.png,0.3819870054721832,0.8006743788719177,0.04343392699956894
baseline,none,0-animal,10,A photo of an elephant riding a bicycle,data_new/baseline/0-animal/10.png,0.30836525559425354,0.7761073708534241,0.056653913110494614
baseline,none,1-clothes,1,A portrait of a woman wearing a jacket,data_new/baseline/1-clothes/1.png,0.28931906819343567,0.8296483755111694,0.03867369145154953
baseline,none,1-clothes,2,A portrait of a woman wearing a sweater,data_new/baseline/1-clothes/2.png,0.3148137032985687,0.7497614622116089,0.07852753251791
baseline,none,1-clothes,3,A portrait of a woman wearing a skirt,data_new/baseline/1-clothes/3.png,0.255828320980072,0.74653559923172,0.07348445802927017
baseline,none,1-clothes,4,A portrait of a woman wearing a coat,data_new/baseline/1-clothes/4.png,0.2500510811805725,0.6667076349258423,0.07754138857126236
baseline,none,1-clothes,5,A portrait of a woman wearing a shirt,data_new/baseline/1-clothes/5.png,0.2410101592540741,0.8255783915519714,0.052803851664066315
baseline,none,1-clothes,6,A portrait of a woman wearing a scarf,data_new/baseline/1-clothes/6.png,0.36861732602119446,0.8792118430137634,0.04131486639380455
baseline,none,1-clothes,7,A portrait of a woman wearing a hoodie,data_new/baseline/1-clothes/7.png,0.3120836019515991,0.5900589227676392,0.09057161211967468
baseline,none,1-clothes,8,A portrait of a woman wearing a blouse,data_new/baseline/1-clothes/8.png,0.2910672426223755,0.9147864580154419,0.02646440640091896
baseline,none,1-clothes,9,A portrait of a woman wearing a suit,data_new/baseline/1-clothes/9.png,0.28766822814941406,0.7247045040130615,0.038967378437519073
baseline,none,1-clothes,10,A portrait of a woman wearing a vest,data_new/baseline/1-clothes/10.png,0.2701771557331085,0.7724450826644897,0.048858605325222015
baseline,none,2-color,1,A bear holding a red balloon.,data_new/baseline/2-color/1.png,0.3573262095451355,0.8462029695510864,0.18451768159866333
baseline,none,2-color,2,A bear holding a yellow balloon.,data_new/baseline/2-color/2.png,0.3884040117263794,0.8380842804908752,0.14378595352172852
baseline,none,2-color,3,A bear holding a black balloon.,data_new/baseline/2-color/3.png,0.3712817430496216,0.8250255584716797,0.12607252597808838
baseline,none,2-color,4,A bear holding a pink balloon.,data_new/baseline/2-color/4.png,0.3562272787094116,0.8991311192512512,0.17549268901348114
baseline,none,2-color,5,A bear holding a white balloon.,data_new/baseline/2-color/5.png,0.32535791397094727,0.9001783728599548,0.11530044674873352
baseline,none,2-color,6,A bear holding a green balloon.,data_new/baseline/2-color/6.png,0.3405967950820923,0.9003497362136841,0.1172969862818718
baseline,none,2-color,7,A bear holding a purple balloon.,data_new/baseline/2-color/7.png,0.35172441601753235,0.9109352827072144,0.14189764857292175
baseline,none,2-color,8,A bear holding a orange balloon.,data_new/baseline/2-color/8.png,0.3601686954498291,0.884143590927124,0.20818379521369934
baseline,none,2-color,9,A bear holding a gray balloon.,data_new/baseline/2-color/9.png,0.34301626682281494,0.8932766318321228,0.07962706685066223
baseline,none,2-color,10,A bear holding a brown balloon.,data_new/baseline/2-color/10.png,0.35776662826538086,0.8988120555877686,0.11005693674087524
baseline,none,3-decorates,1,A cake decorated with strawberries,data_new/baseline/3-decorates/1.png,0.32522153854370117,0.8229941129684448,0.07891301065683365
baseline,none,3-decorates,2,A cake decorated with blueberries,data_new/baseline/3-decorates/2.png,0.32262852787971497,0.9033564329147339,0.05764591693878174
baseline,none,3-decorates,3,A cake decorated with cream,data_new/baseline/3-decorates/3.png,0.2919018268585205,0.8155979514122009,0.0892944261431694
baseline,none,3-decorates,4,A cake decorated with sprinkles,data_new/baseline/3-decorates/4.png,0.3431170880794525,0.8276357650756836,0.08735905587673187
baseline,none,3-decorates,5,A cake decorated with almonds,data_new/baseline/3-decorates/5.png,0.33979782462120056,0.7950837016105652,0.08584021776914597
baseline,none,3-decorates,6,A cake decorated with cherries,data_new/baseline/3-decorates/6.png,0.3512561321258545,0.8661125898361206,0.07666600495576859
baseline,none,3-decorates,7,A cake decorated with mints,data_new/baseline/3-decorates/7.png,0.318544864654541,0.7783589959144592,0.11597004532814026
baseline,none,3-decorates,8,A cake decorated with macarons,data_new/baseline/3-decorates/8.png,0.3449876606464386,0.8617635369300842,0.08627845346927643
baseline,none,3-decorates,9,A cake decorated with caramel,data_new/baseline/3-decorates/9.png,0.2989484667778015,0.795353889465332,0.10628204792737961
baseline,none,3-decorates,10,A cake decorated with raspberries,data_new/baseline/3-decorates/10.png,0.2910572290420532,0.8684992790222168,0.08506583422422409
baseline,none,4-food,1,A painting of a girl holding an apple,data_new/baseline/4-food/1.png,0.365547239780426,0.774658203125,0.06696528941392899
baseline,none,4-food,2,A painting of a girl holding a grape,data_new/baseline/4-food/2.png,0.3840012550354004,0.7316477298736572,0.07574737817049026
baseline,none,4-food,3,A painting of a girl holding a pineapple,data_new/baseline/4-food/3.png,0.40477320551872253,0.7570993900299072,0.07400380074977875
baseline,none,4-food,4,A painting of a girl holding a watermelon,data_new/baseline/4-food/4.png,0.3704724907875061,0.7878726720809937,0.060471709817647934
baseline,none,4-food,5,A painting of a girl holding a mango,data_new/baseline/4-food/5.png,0.33255791664123535,0.7123358845710754,0.058875031769275665
baseline,none,4-food,6,A painting of a girl holding a strawberry,data_new/baseline/4-food/6.png,0.3806082606315613,0.7516055107116699,0.06629396975040436
baseline,none,4-food,7,A painting of a girl holding a peach,data_new/baseline/4-food/7.png,0.36081463098526,0.815683126449585,0.07582361996173859
baseline,none,4-food,8,A painting of a girl holding a papaya,data_new/baseline/4-food/8.png,0.34705299139022827,0.7899359464645386,0.04812264442443848
baseline,none,4-food,9,A painting of a girl holding a kiwi,data_new/baseline/4-food/9.png,0.31602880358695984,0.7296651601791382,0.060188762843608856
baseline,none,4-food,10,A painting of a girl holding an orange,data_new/baseline/4-food/10.png,0.3608393371105194,0.8044169545173645,0.06910163909196854
baseline,none,5-object,1,A photo of a book on the table,data_new/baseline/5-object/1.png,0.2519274950027466,0.853283703327179,0.09137440472841263
baseline,none,5-object,2,A photo of a cup on the table,data_new/baseline/5-object/2.png,0.31619811058044434,0.8114607930183411,0.11296460032463074
baseline,none,5-object,3,A photo of a lamp on the table,data_new/baseline/5-object/3.png,0.3049667179584503,0.8474713563919067,0.10331172496080399
baseline,none,5-object,4,A photo of a phone on the table,data_new/baseline/5-object/4.png,0.32337963581085205,0.6440786123275757,0.12123075127601624
baseline,none,5-object,5,A photo of a chair on the table,data_new/baseline/5-object/5.png,0.30054575204849243,0.814581036567688,0.08442427963018417
baseline,none,5-object,6,A photo of a table on the table,data_new/baseline/5-object/6.png,0.2575444281101227,0.7215065956115723,0.14234989881515503
baseline,none,5-object,7,A photo of a pen on the table,data_new/baseline/5-object/7.png,0.2900181710720062,0.8218008875846863,0.22473642230033875
baseline,none,5-object,8,A photo of a key on the table,data_new/baseline/5-object/8.png,0.2827998399734497,0.7065277695655823,0.15371949970722198
baseline,none,5-object,9,A photo of a bag on the table,data_new/baseline/5-object/9.png,0.29504773020744324,0.8138575553894043,0.07259780168533325
baseline,none,5-object,10,A photo of a clock on the table,data_new/baseline/5-object/10.png,0.28507348895072937,0.6881126761436462,0.1368275135755539
baseline,none,6-plants,1,A drawing of a garden filled with roses,data_new/baseline/6-plants/1.png,0.32047364115715027,0.7579076290130615,0.09264038503170013
baseline,none,6-plants,2,A drawing of a garden filled with tulips,data_new/baseline/6-plants/2.png,0.2761222720146179,0.842668890953064,0.041727907955646515
baseline,none,6-plants,3,A drawing of a garden filled with daisies,data_new/baseline/6-plants/3.png,0.35347142815589905,0.8746703267097473,0.07367304712533951
baseline,none,6-plants,4,A drawing of a garden filled with lavender,data_new/baseline/6-plants/4.png,0.2863757014274597,0.7500096559524536,0.08558643609285355
baseline,none,6-plants,5,A drawing of a garden filled with lotus,data_new/baseline/6-plants/5.png,0.3319251537322998,0.7666076421737671,0.09713426977396011
baseline,none,6-plants,6,A drawing of a garden filled with orchids,data_new/baseline/6-plants/6.png,0.27547702193260193,0.7671633958816528,0.11838077753782272
baseline,none,6-plants,7,A drawing of a garden filled with peonies,data_new/baseline/6-plants/7.png,0.30937904119491577,0.778526246547699,0.0998266190290451
baseline,none,6-plants,8,A drawing of a garden filled with violets,data_new/baseline/6-plants/8.png,0.2933366596698761,0.6817820072174072,0.09542623162269592
baseline,none,6-plants,9,A drawing of a garden filled with carnations,data_new/baseline/6-plants/9.png,0.30068129301071167,0.9466807842254639,0.02141455188393593
baseline,none,6-plants,10,A drawing of a garden filled with hydrangeas,data_new/baseline/6-plants/10.png,0.3197328448295593,0.811307430267334,0.08244285732507706
baseline,none,7-text,1,A magazine cover with the headline “FASHION”,data_new/baseline/7-text/1.png,0.23489561676979065,0.8753080368041992,0.02022329904139042
baseline,none,7-text,2,A magazine cover with the headline “DESIGN”,data_new/baseline/7-text/2.png,0.2398632913827896,0.7785395383834839,0.036786824464797974
baseline,none,7-text,3,A magazine cover with the headline “TRENDS”,data_new/baseline/7-text/3.png,0.27824246883392334,0.8041626811027527,0.02700268290936947
baseline,none,7-text,4,A magazine cover with the headline “BEAUTY”,data_new/baseline/7-text/4.png,0.3092867136001587,0.5168702602386475,0.09521527588367462
baseline,none,7-text,5,A magazine cover with the headline “LIFESTYLE”,data_new/baseline/7-text/5.png,0.3416316509246826,0.7482975125312805,0.02915184758603573
baseline,none,7-text,6,A magazine cover with the headline “MODERN”,data_new/baseline/7-text/6.png,0.25979650020599365,0.8585944771766663,0.02296687848865986
baseline,none,7-text,7,A magazine cover with the headline “ELEGANCE”,data_new/baseline/7-text/7.png,0.2590827941894531,0.8135812282562256,0.02272174321115017
baseline,none,7-text,8,A magazine cover with the headline “GLAMOUR”,data_new/baseline/7-text/8.png,0.3307091295719147,0.542351245880127,0.0974220335483551
baseline,none,7-text,9,A magazine cover with the headline “FEATURES”,data_new/baseline/7-text/9.png,0.24650856852531433,0.763687252998352,0.024787066504359245
baseline,none,7-text,10,A magazine cover with the headline “INSPIRE”,data_new/baseline/7-text/10.png,0.2922467887401581,0.8159688711166382,0.020634517073631287
baseline,none,8-texture,1,A cup with a rough surface,data_new/baseline/8-texture/1.png,0.2824455797672272,0.9168593883514404,0.11270832270383835
baseline,none,8-texture,2,A cup with a shiny surface,data_new/baseline/8-texture/2.png,0.30759456753730774,0.927647054195404,0.15793797373771667
baseline,none,8-texture,3,A cup with a matte surface,data_new/baseline/8-texture/3.png,0.312106192111969,0.9522826671600342,0.05754411965608597
baseline,none,8-texture,4,A cup with a soft surface,data_new/baseline/8-texture/4.png,0.2982967793941498,0.9598780274391174,0.02406357415020466
baseline,none,8-texture,5,A cup with a hard surface,data_new/baseline/8-texture/5.png,0.2991786301136017,0.8880903720855713,0.11241421103477478
baseline,none,8-texture,6,A cup with a sticky surface,data_new/baseline/8-texture/6.png,0.30208638310432434,0.8507459759712219,0.12459561228752136
baseline,none,8-texture,7,A cup with a wet surface,data_new/baseline/8-texture/7.png,0.2692076563835144,0.9009346961975098,0.0313892662525177
baseline,none,8-texture,8,A cup with a dry surface,data_new/baseline/8-texture/8.png,0.2667842507362366,0.9194844365119934,0.032745812088251114
baseline,none,8-texture,9,A cup with a grainy surface,data_new/baseline/8-texture/9.png,0.30202916264533997,0.9252885580062866,0.04261411726474762
baseline,none,8-texture,10,A cup with a fuzzy surface,data_new/baseline/8-texture/10.png,0.27761781215667725,0.9218573570251465,0.06265199929475784
baseline,none,9-Transportation,1,A drawing of a boy driving a truck,data_new/baseline/9-Transportation/1.png,0.3146537244319916,0.8588958978652954,0.050189632922410965
baseline,none,9-Transportation,2,A drawing of a boy driving a motorcycle,data_new/baseline/9-Transportation/2.png,0.33877456188201904,0.690824568271637,0.14172962307929993
baseline,none,9-Transportation,3,A drawing of a boy driving a bus,data_new/baseline/9-Transportation/3.png,0.3235361874103546,0.807614803314209,0.05524434894323349
baseline,none,9-Transportation,4,A drawing of a boy driving a bicycle,data_new/baseline/9-Transportation/4.png,0.3011210560798645,0.7734562158584595,0.2025059163570404
baseline,none,9-Transportation,5,A drawing of a boy driving a scooter,data_new/baseline/9-Transportation/5.png,0.35514122247695923,0.7277049422264099,0.12284412980079651
baseline,none,9-Transportation,6,A drawing of a boy driving a train,data_new/baseline/9-Transportation/6.png,0.31163233518600464,0.7502213716506958,0.06924740970134735
baseline,none,9-Transportation,7,A drawing of a boy driving a submarine,data_new/baseline/9-Transportation/7.png,0.3013284504413605,0.7064695954322815,0.1100110411643982
baseline,none,9-Transportation,8,A drawing of a boy driving a helicopter,data_new/baseline/9-Transportation/8.png,0.34073078632354736,0.7531026601791382,0.1374426931142807
baseline,none,9-Transportation,9,A drawing of a boy driving a jet,data_new/baseline/9-Transportation/9.png,0.3093416094779968,0.7633402347564697,0.1029367446899414
baseline,none,9-Transportation,10,A drawing of a boy driving a spaceship,data_new/baseline/9-Transportation/10.png,0.2803770899772644,0.7981100082397461,0.08892084658145905
replace,self,0-animal,1,A photo of a cat riding a bicycle,data_new/replace/0-animal/1.png,0.325663685798645,0.9036318063735962,0.03019591234624386
replace,self,0-animal,2,A photo of a dog riding a bicycle,data_new/replace/0-animal/2.png,0.3547631800174713,0.9050945043563843,0.02614487148821354
replace,self,0-animal,3,A photo of a lion riding a bicycle,data_new/replace/0-animal/3.png,0.3288450241088867,0.8987095355987549,0.021386083215475082
replace,self,0-animal,4,A photo of a tiger riding a bicycle,data_new/replace/0-animal/4.png,0.29110538959503174,0.8348627090454102,0.024983813986182213
replace,self,0-animal,5,A photo of a rabbit riding a bicycle,data_new/replace/0-animal/5.png,0.3700029253959656,0.8562896847724915,0.039135921746492386
replace,self,0-animal,6,A photo of a panda riding a bicycle,data_new/replace/0-animal/6.png,0.3894929587841034,0.8883436918258667,0.030619531869888306
replace,self,0-animal,7,A photo of a fox riding a bicycle,data_new/replace/0-animal/7.png,0.3987276554107666,0.8843865394592285,0.026003427803516388
replace,self,0-animal,8,A photo of a wolf riding a bicycle,data_new/replace/0-animal/8.png,0.29141104221343994,0.8404324054718018,0.020310793071985245
replace,self,0-animal,9,A photo of a monkey riding a bicycle,data_new/replace/0-animal/9.png,0.32008159160614014,0.8927028179168701,0.012264162302017212
replace,self,0-animal,10,A photo of an elephant riding a bicycle,data_new/replace/0-animal/10.png,0.3573743999004364,0.8706933259963989,0.026194332167506218
replace,self,1-clothes,1,A portrait of a woman wearing a jacket,data_new/replace/1-clothes/1.png,0.29395216703414917,0.9606044292449951,0.010835247114300728
replace,self,1-clothes,2,A portrait of a woman wearing a sweater,data_new/replace/1-clothes/2.png,0.29307273030281067,0.8678686022758484,0.018490932881832123
replace,self,1-clothes,3,A portrait of a woman wearing a skirt,data_new/replace/1-clothes/3.png,0.2789936065673828,0.9829127788543701,0.0039589484222233295
replace,self,1-clothes,4,A portrait of a woman wearing a coat,data_new/replace/1-clothes/4.png,0.3115915060043335,0.9289858341217041,0.014098570682108402
replace,self,1-clothes,5,A portrait of a woman wearing a shirt,data_new/replace/1-clothes/5.png,0.25472745299339294,0.9367296695709229,0.012428843416273594
replace,self,1-clothes,6,A portrait of a woman wearing a scarf,data_new/replace/1-clothes/6.png,0.3395528793334961,0.9296501874923706,0.0222657211124897
replace,self,1-clothes,7,A portrait of a woman wearing a hoodie,data_new/replace/1-clothes/7.png,0.29258638620376587,0.8894106149673462,0.02141740173101425
replace,self,1-clothes,8,A portrait of a woman wearing a blouse,data_new/replace/1-clothes/8.png,0.29690271615982056,0.9851745367050171,0.007114351727068424
replace,self,1-clothes,9,A portrait of a woman wearing a suit,data_new/replace/1-clothes/9.png,0.2730877995491028,0.9432140588760376,0.012468159198760986
replace,self,1-clothes,10,A portrait of a woman wearing a vest,data_new/replace/1-clothes/10.png,0.3258734941482544,0.9543933868408203,0.01026803907006979
replace,self,2-color,1,A bear holding a red balloon.,data_new/replace/2-color/1.png,0.3307992219924927,0.9399653673171997,0.012322379276156425
replace,self,2-color,2,A bear holding a yellow balloon.,data_new/replace/2-color/2.png,0.3224932849407196,0.9514113664627075,0.01096540316939354
replace,self,2-color,3,A bear holding a black balloon.,data_new/replace/2-color/3.png,0.3210739493370056,0.9885063767433167,0.002214152133092284
replace,self,2-color,4,A bear holding a pink balloon.,data_new/replace/2-color/4.png,0.3528568148612976,0.9374068975448608,0.012775165028870106
replace,self,2-color,5,A bear holding a white balloon.,data_new/replace/2-color/5.png,0.32850176095962524,0.9573602080345154,0.007979036308825016
replace,self,2-color,6,A bear holding a green balloon.,data_new/replace/2-color/6.png,0.31920570135116577,0.9611262083053589,0.005842207930982113
replace,self,2-color,7,A bear holding a purple balloon.,data_new/replace/2-color/7.png,0.36309611797332764,0.967368483543396,0.007889969274401665
replace,self,2-color,8,A bear holding a orange balloon.,data_new/replace/2-color/8.png,0.34322842955589294,0.9640700221061707,0.00809781439602375
replace,self,2-color,9,A bear holding a gray balloon.,data_new/replace/2-color/9.png,0.3280758857727051,0.9759595990180969,0.005520784296095371
replace,self,2-color,10,A bear holding a brown balloon.,data_new/replace/2-color/10.png,0.3127085566520691,0.9422205686569214,0.013511882163584232
replace,self,3-decorates,1,A cake decorated with strawberries,data_new/replace/3-decorates/1.png,0.3210858702659607,0.8768225908279419,0.023247038945555687
replace,self,3-decorates,2,A cake decorated with blueberries,data_new/replace/3-decorates/2.png,0.3174015283584595,0.9092192649841309,0.021032877266407013
replace,self,3-decorates,3,A cake decorated with cream,data_new/replace/3-decorates/3.png,0.290320485830307,0.9405666589736938,0.01965343952178955
replace,self,3-decorates,4,A cake decorated with sprinkles,data_new/replace/3-decorates/4.png,0.31347954273223877,0.9333029985427856,0.01658373326063156
replace,self,3-decorates,5,A cake decorated with almonds,data_new/replace/3-decorates/5.png,0.29924994707107544,0.9427223801612854,0.014081317000091076
replace,self,3-decorates,6,A cake decorated with cherries,data_new/replace/3-decorates/6.png,0.3203258514404297,0.9070671200752258,0.018053384497761726
replace,self,3-decorates,7,A cake decorated with mints,data_new/replace/3-decorates/7.png,0.29621750116348267,0.9537279605865479,0.01794670894742012
replace,self,3-decorates,8,A cake decorated with macarons,data_new/replace/3-decorates/8.png,0.2902193069458008,0.9409917593002319,0.016438115388154984
replace,self,3-decorates,9,A cake decorated with caramel,data_new/replace/3-decorates/9.png,0.2910073399543762,0.9477395415306091,0.011535260826349258
replace,self,3-decorates,10,A cake decorated with raspberries,data_new/replace/3-decorates/10.png,0.3222501277923584,0.910169243812561,0.02761288546025753
replace,self,4-food,1,A painting of a girl holding an apple,data_new/replace/4-food/1.png,0.38149696588516235,0.8406711220741272,0.02523072063922882
replace,self,4-food,2,A painting of a girl holding a grape,data_new/replace/4-food/2.png,0.3347318172454834,0.8137911558151245,0.02618696726858616
replace,self,4-food,3,A painting of a girl holding a pineapple,data_new/replace/4-food/3.png,0.3854127824306488,0.8321192264556885,0.023056132718920708
replace,self,4-food,4,A painting of a girl holding a watermelon,data_new/replace/4-food/4.png,0.35197481513023376,0.9146525859832764,0.024441659450531006
replace,self,4-food,5,A painting of a girl holding a mango,data_new/replace/4-food/5.png,0.35241907835006714,0.8519210815429688,0.01698257401585579
replace,self,4-food,6,A painting of a girl holding a strawberry,data_new/replace/4-food/6.png,0.38599666953086853,0.8202755451202393,0.025390002876520157
replace,self,4-food,7,A painting of a girl holding a peach,data_new/replace/4-food/7.png,0.3723323941230774,0.8346127867698669,0.02022196352481842
replace,self,4-food,8,A painting of a girl holding a papaya,data_new/replace/4-food/8.png,0.32841944694519043,0.8599444031715393,0.017467696219682693
replace,self,4-food,9,A painting of a girl holding a kiwi,data_new/replace/4-food/9.png,0.3121137022972107,0.8140151500701904,0.022410137578845024
replace,self,4-food,10,A painting of a girl holding an orange,data_new/replace/4-food/10.png,0.33192163705825806,0.8498660326004028,0.013933536596596241
replace,self,5-object,1,A photo of a book on the table,data_new/replace/5-object/1.png,0.25711414217948914,0.8831371068954468,0.0398695133626461
replace,self,5-object,2,A photo of a cup on the table,data_new/replace/5-object/2.png,0.27289268374443054,0.9019080400466919,0.021994488313794136
replace,self,5-object,3,A photo of a lamp on the table,data_new/replace/5-object/3.png,0.2890155613422394,0.9095008373260498,0.008952409029006958
replace,self,5-object,4,A photo of a phone on the table,data_new/replace/5-object/4.png,0.26856958866119385,0.8261960744857788,0.03182319924235344
replace,self,5-object,5,A photo of a chair on the table,data_new/replace/5-object/5.png,0.28675609827041626,0.9083445072174072,0.02505422942340374
replace,self,5-object,6,A photo of a table on the table,data_new/replace/5-object/6.png,0.25213944911956787,0.9610185623168945,0.01088173221796751
replace,self,5-object,7,A photo of a pen on the table,data_new/replace/5-object/7.png,0.27055761218070984,0.952236533164978,0.01470173615962267
replace,self,5-object,8,A photo of a key on the table,data_new/replace/5-object/8.png,0.26267075538635254,0.8536728024482727,0.02926686219871044
replace,self,5-object,9,A photo of a bag on the table,data_new/replace/5-object/9.png,0.28570523858070374,0.8562520742416382,0.030866852030158043
replace,self,5-object,10,A photo of a clock on the table,data_new/replace/5-object/10.png,0.3027564585208893,0.8000329732894897,0.03161754086613655
replace,self,6-plants,1,A drawing of a garden filled with roses,data_new/replace/6-plants/1.png,0.32172662019729614,0.9280474185943604,0.0265037938952446
replace,self,6-plants,2,A drawing of a garden filled with tulips,data_new/replace/6-plants/2.png,0.3106285333633423,0.9092180728912354,0.030146783217787743
replace,self,6-plants,3,A drawing of a garden filled with daisies,data_new/replace/6-plants/3.png,0.3212459087371826,0.9580304622650146,0.020026084035634995
replace,self,6-plants,4,A drawing of a garden filled with lavender,data_new/replace/6-plants/4.png,0.3333771228790283,0.7899454832077026,0.058107491582632065
replace,self,6-plants,5,A drawing of a garden filled with lotus,data_new/replace/6-plants/5.png,0.34992825984954834,0.8638641834259033,0.0454421304166317
replace,self,6-plants,6,A drawing of a garden filled with orchids,data_new/replace/6-plants/6.png,0.3042643070220947,0.9455134868621826,0.027622882276773453
replace,self,6-plants,7,A drawing of a garden filled with peonies,data_new/replace/6-plants/7.png,0.3325018286705017,0.9261162281036377,0.03185411915183067
replace,self,6-plants,8,A drawing of a garden filled with violets,data_new/replace/6-plants/8.png,0.31056249141693115,0.9252830147743225,0.026556553319096565
replace,self,6-plants,9,A drawing of a garden filled with carnations,data_new/replace/6-plants/9.png,0.30973994731903076,0.9525080919265747,0.01773643121123314
replace,self,6-plants,10,A drawing of a garden filled with hydrangeas,data_new/replace/6-plants/10.png,0.34989458322525024,0.9135031700134277,0.0413496308028698
replace,self,7-text,1,A magazine cover with the headline “FASHION”,data_new/replace/7-text/1.png,0.2554759681224823,0.9089159369468689,0.006089773494750261
replace,self,7-text,2,A magazine cover with the headline “DESIGN”,data_new/replace/7-text/2.png,0.25303933024406433,0.8908849954605103,0.020207030698657036
replace,self,7-text,3,A magazine cover with the headline “TRENDS”,data_new/replace/7-text/3.png,0.2401701807975769,0.915906548500061,0.012972763739526272
replace,self,7-text,4,A magazine cover with the headline “BEAUTY”,data_new/replace/7-text/4.png,0.2587175667285919,0.8638167977333069,0.014562076888978481
replace,self,7-text,5,A magazine cover with the headline “LIFESTYLE”,data_new/replace/7-text/5.png,0.24122834205627441,0.9766466021537781,0.003596371505409479
replace,self,7-text,6,A magazine cover with the headline “MODERN”,data_new/replace/7-text/6.png,0.24263834953308105,0.9105627536773682,0.013532128185033798
replace,self,7-text,7,A magazine cover with the headline “ELEGANCE”,data_new/replace/7-text/7.png,0.25993812084198,0.865591824054718,0.008593990467488766
replace,self,7-text,8,A magazine cover with the headline “GLAMOUR”,data_new/replace/7-text/8.png,0.25993096828460693,0.8332538604736328,0.011929105967283249
replace,self,7-text,9,A magazine cover with the headline “FEATURES”,data_new/replace/7-text/9.png,0.23805370926856995,0.9460539221763611,0.0029192809015512466
replace,self,7-text,10,A magazine cover with the headline “INSPIRE”,data_new/replace/7-text/10.png,0.2263527512550354,0.8812070488929749,0.012187885120511055
replace,self,8-texture,1,A cup with a rough surface,data_new/replace/8-texture/1.png,0.30870744585990906,0.9841718673706055,0.009608728811144829
replace,self,8-texture,2,A cup with a shiny surface,data_new/replace/8-texture/2.png,0.30366456508636475,0.9929949641227722,0.005244710016995668
replace,self,8-texture,3,A cup with a matte surface,data_new/replace/8-texture/3.png,0.3031887412071228,0.9632941484451294,0.028384219855070114
replace,self,8-texture,4,A cup with a soft surface,data_new/replace/8-texture/4.png,0.30396682024002075,0.9914374351501465,0.003928665537387133
replace,self,8-texture,5,A cup with a hard surface,data_new/replace/8-texture/5.png,0.29374587535858154,0.9870191812515259,0.005325314123183489
replace,self,8-texture,6,A cup with a sticky surface,data_new/replace/8-texture/6.png,0.29350095987319946,0.9778193235397339,0.00687032425776124
replace,self,8-texture,7,A cup with a wet surface,data_new/replace/8-texture/7.png,0.28457778692245483,0.9699905514717102,0.011878784745931625
replace,self,8-texture,8,A cup with a dry surface,data_new/replace/8-texture/8.png,0.2871282696723938,0.9815651774406433,0.006032826844602823
replace,self,8-texture,9,A cup with a grainy surface,data_new/replace/8-texture/9.png,0.2955259680747986,0.9799349308013916,0.006964676082134247
replace,self,8-texture,10,A cup with a fuzzy surface,data_new/replace/8-texture/10.png,0.2976456880569458,0.9802521467208862,0.018209492787718773
replace,self,9-Transportation,1,A drawing of a boy driving a truck,data_new/replace/9-Transportation/1.png,0.25430822372436523,0.9509764909744263,0.012894660234451294
replace,self,9-Transportation,2,A drawing of a boy driving a motorcycle,data_new/replace/9-Transportation/2.png,0.3136850595474243,0.7706903219223022,0.02770792506635189
replace,self,9-Transportation,3,A drawing of a boy driving a bus,data_new/replace/9-Transportation/3.png,0.281670480966568,0.9056084156036377,0.017641866579651833
replace,self,9-Transportation,4,A drawing of a boy driving a bicycle,data_new/replace/9-Transportation/4.png,0.3392147421836853,0.778785765171051,0.05105305835604668
replace,self,9-Transportation,5,A drawing of a boy driving a scooter,data_new/replace/9-Transportation/5.png,0.29888832569122314,0.9113756418228149,0.021328367292881012
replace,self,9-Transportation,6,A drawing of a boy driving a train,data_new/replace/9-Transportation/6.png,0.31296244263648987,0.8976006507873535,0.03188236057758331
replace,self,9-Transportation,7,A drawing of a boy driving a submarine,data_new/replace/9-Transportation/7.png,0.335035502910614,0.804747998714447,0.026087524369359016
replace,self,9-Transportation,8,A drawing of a boy driving a helicopter,data_new/replace/9-Transportation/8.png,0.3224714994430542,0.8467056155204773,0.03790248930454254
replace,self,9-Transportation,9,A drawing of a boy driving a jet,data_new/replace/9-Transportation/9.png,0.295329749584198,0.8686032891273499,0.029430488124489784
replace,self,9-Transportation,10,A drawing of a boy driving a spaceship,data_new/replace/9-Transportation/10.png,0.29363855719566345,0.918189525604248,0.02946844883263111
linear,self,0-animal,1,A photo of a cat riding a bicycle,data_new/linear/self/0-animal/1.png,0.33488816022872925,0.9135484099388123,0.026923293247818947
linear,self,0-animal,2,A photo of a dog riding a bicycle,data_new/linear/self/0-animal/2.png,0.34179091453552246,0.9273151159286499,0.013079986907541752
linear,self,0-animal,3,A photo of a lion riding a bicycle,data_new/linear/self/0-animal/3.png,0.34072309732437134,0.9037184715270996,0.006783465854823589
linear,self,0-animal,4,A photo of a tiger riding a bicycle,data_new/linear/self/0-animal/4.png,0.37196946144104004,0.8924648761749268,0.01361871138215065
linear,self,0-animal,5,A photo of a rabbit riding a bicycle,data_new/linear/self/0-animal/5.png,0.3481920659542084,0.9017347097396851,0.02768436074256897
linear,self,0-animal,6,A photo of a panda riding a bicycle,data_new/linear/self/0-animal/6.png,0.40559738874435425,0.9270972609519958,0.0076787518337368965
linear,self,0-animal,7,A photo of a fox riding a bicycle,data_new/linear/self/0-animal/7.png,0.3960466980934143,0.9188721776008606,0.012456132099032402
linear,self,0-animal,8,A photo of a wolf riding a bicycle,data_new/linear/self/0-animal/8.png,0.32503020763397217,0.9032849073410034,0.01703415811061859
linear,self,0-animal,9,A photo of a monkey riding a bicycle,data_new/linear/self/0-animal/9.png,0.36630716919898987,0.9057701230049133,0.00863911584019661
linear,self,0-animal,10,A photo of an elephant riding a bicycle,data_new/linear/self/0-animal/10.png,0.354030966758728,0.8769558072090149,0.012270694598555565
linear,self,1-clothes,1,A portrait of a woman wearing a jacket,data_new/linear/self/1-clothes/1.png,0.2971138656139374,0.9545866250991821,0.007230107672512531
linear,self,1-clothes,2,A portrait of a woman wearing a sweater,data_new/linear/self/1-clothes/2.png,0.2802259027957916,0.9107389450073242,0.014342011883854866
linear,self,1-clothes,3,A portrait of a woman wearing a skirt,data_new/linear/self/1-clothes/3.png,0.2831789255142212,0.9632775783538818,0.0031261693220585585
linear,self,1-clothes,4,A portrait of a woman wearing a coat,data_new/linear/self/1-clothes/4.png,0.30310600996017456,0.9578217267990112,0.009325268678367138
linear,self,1-clothes,5,A portrait of a woman wearing a shirt,data_new/linear/self/1-clothes/5.png,0.26203304529190063,0.9428826570510864,0.009656280279159546
linear,self,1-clothes,6,A portrait of a woman wearing a scarf,data_new/linear/self/1-clothes/6.png,0.32714933156967163,0.9469754099845886,0.013843294233083725
linear,self,1-clothes,7,A portrait of a woman wearing a hoodie,data_new/linear/self/1-clothes/7.png,0.2633630037307739,0.9329373836517334,0.012238182127475739
linear,self,1-clothes,8,A portrait of a woman wearing a blouse,data_new/linear/self/1-clothes/8.png,0.304689884185791,0.9845656156539917,0.0034703616984188557
linear,self,1-clothes,9,A portrait of a woman wearing a suit,data_new/linear/self/1-clothes/9.png,0.26464521884918213,0.9501484632492065,0.008562644943594933
linear,self,1-clothes,10,A portrait of a woman wearing a vest,data_new/linear/self/1-clothes/10.png,0.3278741240501404,0.9588761329650879,0.007513792719691992
linear,self,2-color,1,A bear holding a red balloon.,data_new/linear/self/2-color/1.png,0.3309016525745392,0.9429491758346558,0.010334271006286144
linear,self,2-color,2,A bear holding a yellow balloon.,data_new/linear/self/2-color/2.png,0.3263271450996399,0.9531221985816956,0.010844198055565357
linear,self,2-color,3,A bear holding a black balloon.,data_new/linear/self/2-color/3.png,0.3214963376522064,0.9903610944747925,0.001729310373775661
linear,self,2-color,4,A bear holding a pink balloon.,data_new/linear/self/2-color/4.png,0.35241463780403137,0.9406729936599731,0.011044186539947987
linear,self,2-color,5,A bear holding a white balloon.,data_new/linear/self/2-color/5.png,0.3317982256412506,0.9663417339324951,0.0041922302916646
linear,self,2-color,6,A bear holding a green balloon.,data_new/linear/self/2-color/6.png,0.3217673897743225,0.9727545976638794,0.004583274479955435
linear,self,2-color,7,A bear holding a purple balloon.,data_new/linear/self/2-color/7.png,0.3580201268196106,0.9766415357589722,0.005267086438834667
linear,self,2-color,8,A bear holding a orange balloon.,data_new/linear/self/2-color/8.png,0.34329503774642944,0.9576785564422607,0.005803939886391163
linear,self,2-color,9,A bear holding a gray balloon.,data_new/linear/self/2-color/9.png,0.3287286162376404,0.9877387285232544,0.001947615179233253
linear,self,2-color,10,A bear holding a brown balloon.,data_new/linear/self/2-color/10.png,0.3180326521396637,0.9442442655563354,0.014226897619664669
linear,self,3-decorates,1,A cake decorated with strawberries,data_new/linear/self/3-decorates/1.png,0.30988311767578125,0.898440957069397,0.013453361578285694
linear,self,3-decorates,2,A cake decorated with blueberries,data_new/linear/self/3-decorates/2.png,0.3018067181110382,0.9309881925582886,0.010697697289288044
linear,self,3-decorates,3,A cake decorated with cream,data_new/linear/self/3-decorates/3.png,0.29223936796188354,0.9450617432594299,0.013394245877861977
linear,self,3-decorates,4,A cake decorated with sprinkles,data_new/linear/self/3-decorates/4.png,0.3059278726577759,0.9479782581329346,0.008012128993868828
linear,self,3-decorates,5,A cake decorated with almonds,data_new/linear/self/3-decorates/5.png,0.29703888297080994,0.9661067724227905,0.008410024456679821
linear,self,3-decorates,6,A cake decorated with cherries,data_new/linear/self/3-decorates/6.png,0.30474454164505005,0.9055001735687256,0.010337569750845432
linear,self,3-decorates,7,A cake decorated with mints,data_new/linear/self/3-decorates/7.png,0.2932593822479248,0.9587392807006836,0.012236189097166061
linear,self,3-decorates,8,A cake decorated with macarons,data_new/linear/self/3-decorates/8.png,0.29565906524658203,0.9579000473022461,0.010188804939389229
linear,self,3-decorates,9,A cake decorated with caramel,data_new/linear/self/3-decorates/9.png,0.2900887727737427,0.965617835521698,0.006092981435358524
linear,self,3-decorates,10,A cake decorated with raspberries,data_new/linear/self/3-decorates/10.png,0.3122389614582062,0.9286691546440125,0.011575451120734215
linear,self,4-food,1,A painting of a girl holding an apple,data_new/linear/self/4-food/1.png,0.3769049346446991,0.8515205383300781,0.01876380667090416
linear,self,4-food,2,A painting of a girl holding a grape,data_new/linear/self/4-food/2.png,0.34635135531425476,0.8208379149436951,0.019798344001173973
linear,self,4-food,3,A painting of a girl holding a pineapple,data_new/linear/self/4-food/3.png,0.39974445104599,0.851593017578125,0.01790778338909149
linear,self,4-food,4,A painting of a girl holding a watermelon,data_new/linear/self/4-food/4.png,0.3633531630039215,0.8874846696853638,0.011110922321677208
linear,self,4-food,5,A painting of a girl holding a mango,data_new/linear/self/4-food/5.png,0.3437088131904602,0.8271027207374573,0.011030454188585281
linear,self,4-food,6,A painting of a girl holding a strawberry,data_new/linear/self/4-food/6.png,0.3694607615470886,0.8301593065261841,0.01764122024178505
linear,self,4-food,7,A painting of a girl holding a peach,data_new/linear/self/4-food/7.png,0.3713762164115906,0.8384250402450562,0.018406325951218605
linear,self,4-food,8,A painting of a girl holding a papaya,data_new/linear/self/4-food/8.png,0.3247595429420471,0.8418136835098267,0.008087453432381153
linear,self,4-food,9,A painting of a girl holding a kiwi,data_new/linear/self/4-food/9.png,0.3265862464904785,0.8612743616104126,0.0070283496752381325
linear,self,4-food,10,A painting of a girl holding an orange,data_new/linear/self/4-food/10.png,0.35308918356895447,0.850157618522644,0.009992842562496662
linear,self,5-object,1,A photo of a book on the table,data_new/linear/self/5-object/1.png,0.25447824597358704,0.8900189399719238,0.03236640617251396
linear,self,5-object,2,A photo of a cup on the table,data_new/linear/self/5-object/2.png,0.2732236981391907,0.9195103049278259,0.016484413295984268
linear,self,5-object,3,A photo of a lamp on the table,data_new/linear/self/5-object/3.png,0.29021328687667847,0.9226799011230469,0.008315150626003742
linear,self,5-object,4,A photo of a phone on the table,data_new/linear/self/5-object/4.png,0.2681526839733124,0.8643632531166077,0.025028811767697334
linear,self,5-object,5,A photo of a chair on the table,data_new/linear/self/5-object/5.png,0.28870832920074463,0.8968075513839722,0.028624700382351875
linear,self,5-object,6,A photo of a table on the table,data_new/linear/self/5-object/6.png,0.2612387239933014,0.9718348979949951,0.010274719446897507
linear,self,5-object,7,A photo of a pen on the table,data_new/linear/self/5-object/7.png,0.2778395414352417,0.9485924243927002,0.016143597662448883
linear,self,5-object,8,A photo of a key on the table,data_new/linear/self/5-object/8.png,0.2701846957206726,0.8713533878326416,0.02492697536945343
linear,self,5-object,9,A photo of a bag on the table,data_new/linear/self/5-object/9.png,0.2927531898021698,0.8640923500061035,0.027132898569107056
linear,self,5-object,10,A photo of a clock on the table,data_new/linear/self/5-object/10.png,0.2593653202056885,0.9304518103599548,0.017421985045075417
linear,self,6-plants,1,A drawing of a garden filled with roses,data_new/linear/self/6-plants/1.png,0.31801533699035645,0.9689974188804626,0.014086567796766758
linear,self,6-plants,2,A drawing of a garden filled with tulips,data_new/linear/self/6-plants/2.png,0.3007192015647888,0.9151843786239624,0.02264653518795967
linear,self,6-plants,3,A drawing of a garden filled with daisies,data_new/linear/self/6-plants/3.png,0.30590856075286865,0.9626485109329224,0.014043438248336315
linear,self,6-plants,4,A drawing of a garden filled with lavender,data_new/linear/self/6-plants/4.png,0.31602907180786133,0.829424262046814,0.05033491924405098
linear,self,6-plants,5,A drawing of a garden filled with lotus,data_new/linear/self/6-plants/5.png,0.29994046688079834,0.8961173892021179,0.021357037127017975
linear,self,6-plants,6,A drawing of a garden filled with orchids,data_new/linear/self/6-plants/6.png,0.30562645196914673,0.9554625749588013,0.01995723322033882
linear,self,6-plants,7,A drawing of a garden filled with peonies,data_new/linear/self/6-plants/7.png,0.3317354917526245,0.9572325348854065,0.016239358112215996
linear,self,6-plants,8,A drawing of a garden filled with violets,data_new/linear/self/6-plants/8.png,0.30760273337364197,0.9417424201965332,0.017802268266677856
linear,self,6-plants,9,A drawing of a garden filled with carnations,data_new/linear/self/6-plants/9.png,0.3106211721897125,0.9608184099197388,0.01184913795441389
linear,self,6-plants,10,A drawing of a garden filled with hydrangeas,data_new/linear/self/6-plants/10.png,0.34486323595046997,0.939557671546936,0.019531354308128357
linear,self,7-text,1,A magazine cover with the headline “FASHION”,data_new/linear/self/7-text/1.png,0.25305411219596863,0.9540179967880249,0.001168003655038774
linear,self,7-text,2,A magazine cover with the headline “DESIGN”,data_new/linear/self/7-text/2.png,0.2505120038986206,0.9659241437911987,0.0034007884096354246
linear,self,7-text,3,A magazine cover with the headline “TRENDS”,data_new/linear/self/7-text/3.png,0.24956166744232178,0.9866479635238647,0.0011703590862452984
linear,self,7-text,4,A magazine cover with the headline “BEAUTY”,data_new/linear/self/7-text/4.png,0.26652318239212036,0.835715115070343,0.008946242742240429
linear,self,7-text,5,A magazine cover with the headline “LIFESTYLE”,data_new/linear/self/7-text/5.png,0.23940393328666687,0.9867092370986938,0.0011538208927959204
linear,self,7-text,6,A magazine cover with the headline “MODERN”,data_new/linear/self/7-text/6.png,0.25099390745162964,0.975027322769165,0.001835801755078137
linear,self,7-text,7,A magazine cover with the headline “ELEGANCE”,data_new/linear/self/7-text/7.png,0.263744592666626,0.9399518966674805,0.0032593412324786186
linear,self,7-text,8,A magazine cover with the headline “GLAMOUR”,data_new/linear/self/7-text/8.png,0.25961923599243164,0.8962474465370178,0.005078914109617472
linear,self,7-text,9,A magazine cover with the headline “FEATURES”,data_new/linear/self/7-text/9.png,0.23906652629375458,0.9662220478057861,0.0011460541281849146
linear,self,7-text,10,A magazine cover with the headline “INSPIRE”,data_new/linear/self/7-text/10.png,0.2323792576789856,0.9767081141471863,0.0014425835106521845
linear,self,8-texture,1,A cup with a rough surface,data_new/linear/self/8-texture/1.png,0.3017619550228119,0.9860637784004211,0.004878017120063305
linear,self,8-texture,2,A cup with a shiny surface,data_new/linear/self/8-texture/2.png,0.3030393123626709,0.9954317808151245,0.0024973948020488024
linear,self,8-texture,3,A cup with a matte surface,data_new/linear/self/8-texture/3.png,0.29673561453819275,0.982353687286377,0.007142852991819382
linear,self,8-texture,4,A cup with a soft surface,data_new/linear/self/8-texture/4.png,0.3041154444217682,0.9933310747146606,0.002439166884869337
linear,self,8-texture,5,A cup with a hard surface,data_new/linear/self/8-texture/5.png,0.29354071617126465,0.9887125492095947,0.0028728488832712173
linear,self,8-texture,6,A cup with a sticky surface,data_new/linear/self/8-texture/6.png,0.2930130064487457,0.9820525646209717,0.005691585596650839
linear,self,8-texture,7,A cup with a wet surface,data_new/linear/self/8-texture/7.png,0.2906414866447449,0.9915206432342529,0.001408664509654045
linear,self,8-texture,8,A cup with a dry surface,data_new/linear/self/8-texture/8.png,0.2878877520561218,0.9888752698898315,0.0016094869934022427
linear,self,8-texture,9,A cup with a grainy surface,data_new/linear/self/8-texture/9.png,0.2934768795967102,0.9860198497772217,0.005377471912652254
linear,self,8-texture,10,A cup with a fuzzy surface,data_new/linear/self/8-texture/10.png,0.2940291166305542,0.9928717017173767,0.0032948420848697424
linear,self,9-Transportation,1,A drawing of a boy driving a truck,data_new/linear/self/9-Transportation/1.png,0.2575438618659973,0.9383481740951538,0.006225967314094305
linear,self,9-Transportation,2,A drawing of a boy driving a motorcycle,data_new/linear/self/9-Transportation/2.png,0.2933976352214813,0.8575299978256226,0.01712399534881115
linear,self,9-Transportation,3,A drawing of a boy driving a bus,data_new/linear/self/9-Transportation/3.png,0.26903775334358215,0.9349855184555054,0.007698399480432272
linear,self,9-Transportation,4,A drawing of a boy driving a bicycle,data_new/linear/self/9-Transportation/4.png,0.3355305790901184,0.8032874464988708,0.02374822273850441
linear,self,9-Transportation,5,A drawing of a boy driving a scooter,data_new/linear/self/9-Transportation/5.png,0.2773311138153076,0.9294294118881226,0.014594334177672863
linear,self,9-Transportation,6,A drawing of a boy driving a train,data_new/linear/self/9-Transportation/6.png,0.3116176128387451,0.8974631428718567,0.011237746104598045
linear,self,9-Transportation,7,A drawing of a boy driving a submarine,data_new/linear/self/9-Transportation/7.png,0.32992005348205566,0.8958593606948853,0.01557900570333004
linear,self,9-Transportation,8,A drawing of a boy driving a helicopter,data_new/linear/self/9-Transportation/8.png,0.3205406665802002,0.934907078742981,0.013645095750689507
linear,self,9-Transportation,9,A drawing of a boy driving a jet,data_new/linear/self/9-Transportation/9.png,0.27691447734832764,0.9579062461853027,0.01300012692809105
linear,self,9-Transportation,10,A drawing of a boy driving a spaceship,data_new/linear/self/9-Transportation/10.png,0.2672976553440094,0.9716729521751404,0.008639653213322163
linear,cross,0-animal,1,A photo of a cat riding a bicycle,data_new/linear/cross/0-animal/1.png,0.34282779693603516,0.928093433380127,0.021670497953891754
linear,cross,0-animal,2,A photo of a dog riding a bicycle,data_new/linear/cross/0-animal/2.png,0.3360692262649536,0.9213970303535461,0.017760593444108963
linear,cross,0-animal,3,A photo of a lion riding a bicycle,data_new/linear/cross/0-animal/3.png,0.32811909914016724,0.9100467562675476,0.019251316785812378
linear,cross,0-animal,4,A photo of a tiger riding a bicycle,data_new/linear/cross/0-animal/4.png,0.37155216932296753,0.8861008882522583,0.012995208613574505
linear,cross,0-animal,5,A photo of a rabbit riding a bicycle,data_new/linear/cross/0-animal/5.png,0.36725813150405884,0.8929709196090698,0.026437317952513695
linear,cross,0-animal,6,A photo of a panda riding a bicycle,data_new/linear/cross/0-animal/6.png,0.40399205684661865,0.9315516948699951,0.008350660093128681
linear,cross,0-animal,7,A photo of a fox riding a bicycle,data_new/linear/cross/0-animal/7.png,0.39160266518592834,0.8978759050369263,0.02359074167907238
linear,cross,0-animal,8,A photo of a wolf riding a bicycle,data_new/linear/cross/0-animal/8.png,0.2914261221885681,0.8525925278663635,0.019226688891649246
linear,cross,0-animal,9,A photo of a monkey riding a bicycle,data_new/linear/cross/0-animal/9.png,0.3571774363517761,0.8915295004844666,0.009795576333999634
linear,cross,0-animal,10,A photo of an elephant riding a bicycle,data_new/linear/cross/0-animal/10.png,0.3525603115558624,0.8836345672607422,0.01290468592196703
linear,cross,1-clothes,1,A portrait of a woman wearing a jacket,data_new/linear/cross/1-clothes/1.png,0.2977304458618164,0.9659343361854553,0.010199864394962788
linear,cross,1-clothes,2,A portrait of a woman wearing a sweater,data_new/linear/cross/1-clothes/2.png,0.2857983708381653,0.9137328267097473,0.015748020261526108
linear,cross,1-clothes,3,A portrait of a woman wearing a skirt,data_new/linear/cross/1-clothes/3.png,0.2822137475013733,0.9807906150817871,0.003811643924564123
linear,cross,1-clothes,4,A portrait of a woman wearing a coat,data_new/linear/cross/1-clothes/4.png,0.30518797039985657,0.9527549743652344,0.011602040380239487
linear,cross,1-clothes,5,A portrait of a woman wearing a shirt,data_new/linear/cross/1-clothes/5.png,0.25671789050102234,0.9379358291625977,0.011791517958045006
linear,cross,1-clothes,6,A portrait of a woman wearing a scarf,data_new/linear/cross/1-clothes/6.png,0.32652032375335693,0.9485927820205688,0.019211117178201675
linear,cross,1-clothes,7,A portrait of a woman wearing a hoodie,data_new/linear/cross/1-clothes/7.png,0.26170313358306885,0.9015486240386963,0.014849486760795116
linear,cross,1-clothes,8,A portrait of a woman wearing a blouse,data_new/linear/cross/1-clothes/8.png,0.2950441539287567,0.9840148687362671,0.006414593663066626
linear,cross,1-clothes,9,A portrait of a woman wearing a suit,data_new/linear/cross/1-clothes/9.png,0.26304537057876587,0.9421353936195374,0.011210238561034203
linear,cross,1-clothes,10,A portrait of a woman wearing a vest,data_new/linear/cross/1-clothes/10.png,0.3279142379760742,0.9628688097000122,0.009667433798313141
linear,cross,2-color,1,A bear holding a red balloon.,data_new/linear/cross/2-color/1.png,0.33369171619415283,0.9452033638954163,0.011298410594463348
linear,cross,2-color,2,A bear holding a yellow balloon.,data_new/linear/cross/2-color/2.png,0.331844687461853,0.9547176361083984,0.00927258562296629
linear,cross,2-color,3,A bear holding a black balloon.,data_new/linear/cross/2-color/3.png,0.32091203331947327,0.9896008372306824,0.002104647923260927
linear,cross,2-color,4,A bear holding a pink balloon.,data_new/linear/cross/2-color/4.png,0.35296908020973206,0.9425035119056702,0.011286201886832714
linear,cross,2-color,5,A bear holding a white balloon.,data_new/linear/cross/2-color/5.png,0.33243781328201294,0.9677459001541138,0.005196251906454563
linear,cross,2-color,6,A bear holding a green balloon.,data_new/linear/cross/2-color/6.png,0.31914767622947693,0.9757112860679626,0.0037328042089939117
linear,cross,2-color,7,A bear holding a purple balloon.,data_new/linear/cross/2-color/7.png,0.3604058623313904,0.9746478796005249,0.006372783333063126
linear,cross,2-color,8,A bear holding a orange balloon.,data_new/linear/cross/2-color/8.png,0.3409377932548523,0.9541014432907104,0.007617653347551823
linear,cross,2-color,9,A bear holding a gray balloon.,data_new/linear/cross/2-color/9.png,0.3281434178352356,0.9834703803062439,0.00314664700999856
linear,cross,2-color,10,A bear holding a brown balloon.,data_new/linear/cross/2-color/10.png,0.3211861252784729,0.9525882005691528,0.010859319008886814
linear,cross,3-decorates,1,A cake decorated with strawberries,data_new/linear/cross/3-decorates/1.png,0.3102331757545471,0.8868610858917236,0.01707247644662857
linear,cross,3-decorates,2,A cake decorated with blueberries,data_new/linear/cross/3-decorates/2.png,0.3054189383983612,0.9204236268997192,0.016102096065878868
linear,cross,3-decorates,3,A cake decorated with cream,data_new/linear/cross/3-decorates/3.png,0.29236799478530884,0.9409846663475037,0.01791788823902607
linear,cross,3-decorates,4,A cake decorated with sprinkles,data_new/linear/cross/3-decorates/4.png,0.3153850734233856,0.9222372770309448,0.013975844718515873
linear,cross,3-decorates,5,A cake decorated with almonds,data_new/linear/cross/3-decorates/5.png,0.2999575138092041,0.9544923901557922,0.012072667479515076
linear,cross,3-decorates,6,A cake decorated with cherries,data_new/linear/cross/3-decorates/6.png,0.30865544080734253,0.9112316370010376,0.012973743490874767
linear,cross,3-decorates,7,A cake decorated with mints,data_new/linear/cross/3-decorates/7.png,0.2914995551109314,0.9600944519042969,0.01692790538072586
linear,cross,3-decorates,8,A cake decorated with macarons,data_new/linear/cross/3-decorates/8.png,0.2840375304222107,0.9422594904899597,0.014460581354796886
linear,cross,3-decorates,9,A cake decorated with caramel,data_new/linear/cross/3-decorates/9.png,0.2936354875564575,0.9567790031433105,0.0090217599645257
linear,cross,3-decorates,10,A cake decorated with raspberries,data_new/linear/cross/3-decorates/10.png,0.3187732994556427,0.9077598452568054,0.013555443845689297
linear,cross,4-food,1,A painting of a girl holding an apple,data_new/linear/cross/4-food/1.png,0.3756701350212097,0.8450679779052734,0.02346365712583065
linear,cross,4-food,2,A painting of a girl holding a grape,data_new/linear/cross/4-food/2.png,0.3239576816558838,0.8254073858261108,0.022349674254655838
linear,cross,4-food,3,A painting of a girl holding a pineapple,data_new/linear/cross/4-food/3.png,0.38343173265457153,0.8484135270118713,0.01752842403948307
linear,cross,4-food,4,A painting of a girl holding a watermelon,data_new/linear/cross/4-food/4.png,0.3610633611679077,0.8841477036476135,0.018343476578593254
linear,cross,4-food,5,A painting of a girl holding a mango,data_new/linear/cross/4-food/5.png,0.3355703055858612,0.8926742076873779,0.014790274202823639
linear,cross,4-food,6,A painting of a girl holding a strawberry,data_new/linear/cross/4-food/6.png,0.3638719618320465,0.8440396189689636,0.019888095557689667
linear,cross,4-food,7,A painting of a girl holding a peach,data_new/linear/cross/4-food/7.png,0.3692722022533417,0.8503024578094482,0.019743328914046288
linear,cross,4-food,8,A painting of a girl holding a papaya,data_new/linear/cross/4-food/8.png,0.33138307929039,0.8639593124389648,0.015370599925518036
linear,cross,4-food,9,A painting of a girl holding a kiwi,data_new/linear/cross/4-food/9.png,0.3217275142669678,0.850511908531189,0.015631340444087982
linear,cross,4-food,10,A painting of a girl holding an orange,data_new/linear/cross/4-food/10.png,0.33402568101882935,0.8546631336212158,0.013485360890626907
linear,cross,5-object,1,A photo of a book on the table,data_new/linear/cross/5-object/1.png,0.2595921754837036,0.8849403858184814,0.03691687062382698
linear,cross,5-object,2,A photo of a cup on the table,data_new/linear/cross/5-object/2.png,0.2723860740661621,0.9202064275741577,0.019288666546344757
linear,cross,5-object,3,A photo of a lamp on the table,data_new/linear/cross/5-object/3.png,0.29104578495025635,0.8983714580535889,0.00976796355098486
linear,cross,5-object,4,A photo of a phone on the table,data_new/linear/cross/5-object/4.png,0.27066075801849365,0.8395297527313232,0.030942054465413094
linear,cross,5-object,5,A photo of a chair on the table,data_new/linear/cross/5-object/5.png,0.2871261537075043,0.8893753290176392,0.028438247740268707
linear,cross,5-object,6,A photo of a table on the table,data_new/linear/cross/5-object/6.png,0.2517991065979004,0.9569339156150818,0.010220388881862164
linear,cross,5-object,7,A photo of a pen on the table,data_new/linear/cross/5-object/7.png,0.2737356424331665,0.95291668176651,0.016036715358495712
linear,cross,5-object,8,A photo of a key on the table,data_new/linear/cross/5-object/8.png,0.2799069285392761,0.8482271432876587,0.029555484652519226
linear,cross,5-object,9,A photo of a bag on the table,data_new/linear/cross/5-object/9.png,0.2879033088684082,0.8521754145622253,0.03238451108336449
linear,cross,5-object,10,A photo of a clock on the table,data_new/linear/cross/5-object/10.png,0.30144616961479187,0.805002748966217,0.034449223428964615
linear,cross,6-plants,1,A drawing of a garden filled with roses,data_new/linear/cross/6-plants/1.png,0.3161182701587677,0.9471794366836548,0.02165168710052967
linear,cross,6-plants,2,A drawing of a garden filled with tulips,data_new/linear/cross/6-plants/2.png,0.30762040615081787,0.8937642574310303,0.023490311577916145
linear,cross,6-plants,3,A drawing of a garden filled with daisies,data_new/linear/cross/6-plants/3.png,0.3143047094345093,0.9606965184211731,0.018728533759713173
linear,cross,6-plants,4,A drawing of a garden filled with lavender,data_new/linear/cross/6-plants/4.png,0.30428946018218994,0.853910505771637,0.04224003478884697
linear,cross,6-plants,5,A drawing of a garden filled with lotus,data_new/linear/cross/6-plants/5.png,0.30159103870391846,0.9033765196800232,0.032057490199804306
linear,cross,6-plants,6,A drawing of a garden filled with orchids,data_new/linear/cross/6-plants/6.png,0.30992722511291504,0.9500445127487183,0.027396468445658684
linear,cross,6-plants,7,A drawing of a garden filled with peonies,data_new/linear/cross/6-plants/7.png,0.34649667143821716,0.9515848159790039,0.025679510086774826
linear,cross,6-plants,8,A drawing of a garden filled with violets,data_new/linear/cross/6-plants/8.png,0.31192412972450256,0.9355977773666382,0.025177104398608208
linear,cross,6-plants,9,A drawing of a garden filled with carnations,data_new/linear/cross/6-plants/9.png,0.31221213936805725,0.9556273818016052,0.01549928542226553
linear,cross,6-plants,10,A drawing of a garden filled with hydrangeas,data_new/linear/cross/6-plants/10.png,0.34942328929901123,0.9362318515777588,0.026128944009542465
linear,cross,7-text,1,A magazine cover with the headline “FASHION”,data_new/linear/cross/7-text/1.png,0.2523050308227539,0.9499637484550476,0.0015921315643936396
linear,cross,7-text,2,A magazine cover with the headline “DESIGN”,data_new/linear/cross/7-text/2.png,0.24102982878684998,0.9006465077400208,0.013030020520091057
linear,cross,7-text,3,A magazine cover with the headline “TRENDS”,data_new/linear/cross/7-text/3.png,0.24332968890666962,0.8997262716293335,0.0087463753297925
linear,cross,7-text,4,A magazine cover with the headline “BEAUTY”,data_new/linear/cross/7-text/4.png,0.26174986362457275,0.8544269800186157,0.014080483466386795
linear,cross,7-text,5,A magazine cover with the headline “LIFESTYLE”,data_new/linear/cross/7-text/5.png,0.24069079756736755,0.9839638471603394,0.0019151488086208701
linear,cross,7-text,6,A magazine cover with the headline “MODERN”,data_new/linear/cross/7-text/6.png,0.24981269240379333,0.9604902267456055,0.0036980074364691973
linear,cross,7-text,7,A magazine cover with the headline “ELEGANCE”,data_new/linear/cross/7-text/7.png,0.2645537853240967,0.9034740924835205,0.005121457390487194
linear,cross,7-text,8,A magazine cover with the headline “GLAMOUR”,data_new/linear/cross/7-text/8.png,0.2566524147987366,0.8670218586921692,0.008516976609826088
linear,cross,7-text,9,A magazine cover with the headline “FEATURES”,data_new/linear/cross/7-text/9.png,0.2394675314426422,0.9659409523010254,0.0016152604948729277
linear,cross,7-text,10,A magazine cover with the headline “INSPIRE”,data_new/linear/cross/7-text/10.png,0.236352801322937,0.9772177934646606,0.0020020692609250546
linear,cross,8-texture,1,A cup with a rough surface,data_new/linear/cross/8-texture/1.png,0.30362072587013245,0.985121488571167,0.005326078739017248
linear,cross,8-texture,2,A cup with a shiny surface,data_new/linear/cross/8-texture/2.png,0.30349254608154297,0.99274080991745,0.004623099695891142
linear,cross,8-texture,3,A cup with a matte surface,data_new/linear/cross/8-texture/3.png,0.30324381589889526,0.9663534760475159,0.024005526676774025
linear,cross,8-texture,4,A cup with a soft surface,data_new/linear/cross/8-texture/4.png,0.30362668633461,0.9904578328132629,0.0036858695093542337
linear,cross,8-texture,5,A cup with a hard surface,data_new/linear/cross/8-texture/5.png,0.294161856174469,0.9874923229217529,0.004948346875607967
linear,cross,8-texture,6,A cup with a sticky surface,data_new/linear/cross/8-texture/6.png,0.2936928868293762,0.9797825813293457,0.006478600669652224
linear,cross,8-texture,7,A cup with a wet surface,data_new/linear/cross/8-texture/7.png,0.28810209035873413,0.984839916229248,0.00300151901319623
linear,cross,8-texture,8,A cup with a dry surface,data_new/linear/cross/8-texture/8.png,0.28608769178390503,0.9837749004364014,0.002255207858979702
linear,cross,8-texture,9,A cup with a grainy surface,data_new/linear/cross/8-texture/9.png,0.2957856059074402,0.9789156913757324,0.006528076715767384
linear,cross,8-texture,10,A cup with a fuzzy surface,data_new/linear/cross/8-texture/10.png,0.2969830632209778,0.9923244714736938,0.004283816087990999
linear,cross,9-Transportation,1,A drawing of a boy driving a truck,data_new/linear/cross/9-Transportation/1.png,0.2543988525867462,0.9533305168151855,0.009712151251733303
linear,cross,9-Transportation,2,A drawing of a boy driving a motorcycle,data_new/linear/cross/9-Transportation/2.png,0.31777358055114746,0.8086910843849182,0.022296544164419174
linear,cross,9-Transportation,3,A drawing of a boy driving a bus,data_new/linear/cross/9-Transportation/3.png,0.28768324851989746,0.9185634255409241,0.016903797164559364
linear,cross,9-Transportation,4,A drawing of a boy driving a bicycle,data_new/linear/cross/9-Transportation/4.png,0.3233226537704468,0.7811790108680725,0.05843662470579147
linear,cross,9-Transportation,5,A drawing of a boy driving a scooter,data_new/linear/cross/9-Transportation/5.png,0.291995108127594,0.9205335378646851,0.01748170517385006
linear,cross,9-Transportation,6,A drawing of a boy driving a train,data_new/linear/cross/9-Transportation/6.png,0.32517269253730774,0.8127282857894897,0.02207075245678425
linear,cross,9-Transportation,7,A drawing of a boy driving a submarine,data_new/linear/cross/9-Transportation/7.png,0.3237679898738861,0.8930017948150635,0.022857997566461563
linear,cross,9-Transportation,8,A drawing of a boy driving a helicopter,data_new/linear/cross/9-Transportation/8.png,0.2778737545013428,0.9164725542068481,0.024297386407852173
linear,cross,9-Transportation,9,A drawing of a boy driving a jet,data_new/linear/cross/9-Transportation/9.png,0.27510905265808105,0.9563986659049988,0.019000055268406868
linear,cross,9-Transportation,10,A drawing of a boy driving a spaceship,data_new/linear/cross/9-Transportation/10.png,0.27290692925453186,0.9728032350540161,0.017726555466651917
sigmoid,self,0-animal,1,A photo of a cat riding a bicycle,data_new/sigmoid/self/0-animal/1.png,0.3416621685028076,0.9102789759635925,0.03096930868923664
sigmoid,self,0-animal,2,A photo of a dog riding a bicycle,data_new/sigmoid/self/0-animal/2.png,0.3454934358596802,0.9169154167175293,0.017240922898054123
sigmoid,self,0-animal,3,A photo of a lion riding a bicycle,data_new/sigmoid/self/0-animal/3.png,0.35911262035369873,0.8937035799026489,0.01612444408237934
sigmoid,self,0-animal,4,A photo of a tiger riding a bicycle,data_new/sigmoid/self/0-animal/4.png,0.3694643974304199,0.8931399583816528,0.015121659263968468
sigmoid,self,0-animal,5,A photo of a rabbit riding a bicycle,data_new/sigmoid/self/0-animal/5.png,0.36285269260406494,0.8845010995864868,0.030198965221643448
sigmoid,self,0-animal,6,A photo of a panda riding a bicycle,data_new/sigmoid/self/0-animal/6.png,0.39833253622055054,0.9241764545440674,0.01067355740815401
sigmoid,self,0-animal,7,A photo of a fox riding a bicycle,data_new/sigmoid/self/0-animal/7.png,0.3956962525844574,0.8995044827461243,0.02526913210749626
sigmoid,self,0-animal,8,A photo of a wolf riding a bicycle,data_new/sigmoid/self/0-animal/8.png,0.297990083694458,0.8570971488952637,0.019274799153208733
sigmoid,self,0-animal,9,A photo of a monkey riding a bicycle,data_new/sigmoid/self/0-animal/9.png,0.35172605514526367,0.8998894691467285,0.01040080189704895
sigmoid,self,0-animal,10,A photo of an elephant riding a bicycle,data_new/sigmoid/self/0-animal/10.png,0.3320322334766388,0.8601479530334473,0.014698045328259468
sigmoid,self,1-clothes,1,A portrait of a woman wearing a jacket,data_new/sigmoid/self/1-clothes/1.png,0.29680126905441284,0.9598583579063416,0.008930127136409283
sigmoid,self,1-clothes,2,A portrait of a woman wearing a sweater,data_new/sigmoid/self/1-clothes/2.png,0.2845763862133026,0.9033946394920349,0.016010049730539322
sigmoid,self,1-clothes,3,A portrait of a woman wearing a skirt,data_new/sigmoid/self/1-clothes/3.png,0.2825188636779785,0.9763659238815308,0.003501604311168194
sigmoid,self,1-clothes,4,A portrait of a woman wearing a coat,data_new/sigmoid/self/1-clothes/4.png,0.30938002467155457,0.9505154490470886,0.011616182513535023
sigmoid,self,1-clothes,5,A portrait of a woman wearing a shirt,data_new/sigmoid/self/1-clothes/5.png,0.2615256905555725,0.940312922000885,0.011210945434868336
sigmoid,self,1-clothes,6,A portrait of a woman wearing a scarf,data_new/sigmoid/self/1-clothes/6.png,0.3329278230667114,0.9414049983024597,0.01880708523094654
sigmoid,self,1-clothes,7,A portrait of a woman wearing a hoodie,data_new/sigmoid/self/1-clothes/7.png,0.28061625361442566,0.9279136657714844,0.014548143371939659
sigmoid,self,1-clothes,8,A portrait of a woman wearing a blouse,data_new/sigmoid/self/1-clothes/8.png,0.29871150851249695,0.987232506275177,0.004336900543421507
sigmoid,self,1-clothes,9,A portrait of a woman wearing a suit,data_new/sigmoid/self/1-clothes/9.png,0.275492787361145,0.9465560913085938,0.011145939119160175
sigmoid,self,1-clothes,10,A portrait of a woman wearing a vest,data_new/sigmoid/self/1-clothes/10.png,0.3267628848552704,0.9640390276908875,0.00843106210231781
sigmoid,self,2-color,1,A bear holding a red balloon.,data_new/sigmoid/self/2-color/1.png,0.3306986093521118,0.9424856305122375,0.011043457314372063
sigmoid,self,2-color,2,A bear holding a yellow balloon.,data_new/sigmoid/self/2-color/2.png,0.3251456022262573,0.9526914358139038,0.010400094091892242
sigmoid,self,2-color,3,A bear holding a black balloon.,data_new/sigmoid/self/2-color/3.png,0.32122936844825745,0.9898126721382141,0.0018969736993312836
sigmoid,self,2-color,4,A bear holding a pink balloon.,data_new/sigmoid/self/2-color/4.png,0.35243600606918335,0.9393170475959778,0.01148157473653555
sigmoid,self,2-color,5,A bear holding a white balloon.,data_new/sigmoid/self/2-color/5.png,0.33118584752082825,0.9655327200889587,0.004480890929698944
sigmoid,self,2-color,6,A bear holding a green balloon.,data_new/sigmoid/self/2-color/6.png,0.31968724727630615,0.9627265334129333,0.005142304114997387
sigmoid,self,2-color,7,A bear holding a purple balloon.,data_new/sigmoid/self/2-color/7.png,0.3602716028690338,0.9722564816474915,0.007493817713111639
sigmoid,self,2-color,8,A bear holding a orange balloon.,data_new/sigmoid/self/2-color/8.png,0.3462862968444824,0.9618706703186035,0.005803599022328854
sigmoid,self,2-color,9,A bear holding a gray balloon.,data_new/sigmoid/self/2-color/9.png,0.3284822702407837,0.9880105257034302,0.002486375393345952
sigmoid,self,2-color,10,A bear holding a brown balloon.,data_new/sigmoid/self/2-color/10.png,0.31927749514579773,0.9438762068748474,0.013761772774159908
sigmoid,self,3-decorates,1,A cake decorated with strawberries,data_new/sigmoid/self/3-decorates/1.png,0.3110564649105072,0.889940083026886,0.015938974916934967
sigmoid,self,3-decorates,2,A cake decorated with blueberries,data_new/sigmoid/self/3-decorates/2.png,0.3075721561908722,0.9238072633743286,0.014084147289395332
sigmoid,self,3-decorates,3,A cake decorated with cream,data_new/sigmoid/self/3-decorates/3.png,0.2912607789039612,0.9430684447288513,0.01579170860350132
sigmoid,self,3-decorates,4,A cake decorated with sprinkles,data_new/sigmoid/self/3-decorates/4.png,0.31423163414001465,0.9402525424957275,0.010549912229180336
sigmoid,self,3-decorates,5,A cake decorated with almonds,data_new/sigmoid/self/3-decorates/5.png,0.2990776300430298,0.957229495048523,0.010348699986934662
sigmoid,self,3-decorates,6,A cake decorated with cherries,data_new/sigmoid/self/3-decorates/6.png,0.30666792392730713,0.9057393670082092,0.011780226603150368
sigmoid,self,3-decorates,7,A cake decorated with mints,data_new/sigmoid/self/3-decorates/7.png,0.2961406707763672,0.9578314423561096,0.01349912490695715
sigmoid,self,3-decorates,8,A cake decorated with macarons,data_new/sigmoid/self/3-decorates/8.png,0.2987196445465088,0.9521844983100891,0.012706554494798183
sigmoid,self,3-decorates,9,A cake decorated with caramel,data_new/sigmoid/self/3-decorates/9.png,0.2896430492401123,0.966063916683197,0.007313952781260014
sigmoid,self,3-decorates,10,A cake decorated with raspberries,data_new/sigmoid/self/3-decorates/10.png,0.3130762577056885,0.921277642250061,0.012871243059635162
sigmoid,self,4-food,1,A painting of a girl holding an apple,data_new/sigmoid/self/4-food/1.png,0.3772932291030884,0.8468307256698608,0.02089436538517475
sigmoid,self,4-food,2,A painting of a girl holding a grape,data_new/sigmoid/self/4-food/2.png,0.3440723419189453,0.8121652603149414,0.021601064130663872
sigmoid,self,4-food,3,A painting of a girl holding a pineapple,data_new/sigmoid/self/4-food/3.png,0.3921636939048767,0.8395282030105591,0.01951158232986927
sigmoid,self,4-food,4,A painting of a girl holding a watermelon,data_new/sigmoid/self/4-food/4.png,0.36141467094421387,0.8964822888374329,0.01534403208643198
sigmoid,self,4-food,5,A painting of a girl holding a mango,data_new/sigmoid/self/4-food/5.png,0.3479595482349396,0.8296108245849609,0.01284907665103674
sigmoid,self,4-food,6,A painting of a girl holding a strawberry,data_new/sigmoid/self/4-food/6.png,0.38128596544265747,0.8328306674957275,0.018718330189585686
sigmoid,self,4-food,7,A painting of a girl holding a peach,data_new/sigmoid/self/4-food/7.png,0.3747689723968506,0.8331574201583862,0.019902361556887627
sigmoid,self,4-food,8,A painting of a girl holding a papaya,data_new/sigmoid/self/4-food/8.png,0.33333930373191833,0.8439183235168457,0.010098838247358799
sigmoid,self,4-food,9,A painting of a girl holding a kiwi,data_new/sigmoid/self/4-food/9.png,0.3235897421836853,0.8433977365493774,0.010322336107492447
sigmoid,self,4-food,10,A painting of a girl holding an orange,data_new/sigmoid/self/4-food/10.png,0.3457741141319275,0.8543605804443359,0.013449552468955517
sigmoid,self,5-object,1,A photo of a book on the table,data_new/sigmoid/self/5-object/1.png,0.2535279393196106,0.89131098985672,0.03705797716975212
sigmoid,self,5-object,2,A photo of a cup on the table,data_new/sigmoid/self/5-object/2.png,0.2694219946861267,0.931080162525177,0.017410986125469208
sigmoid,self,5-object,3,A photo of a lamp on the table,data_new/sigmoid/self/5-object/3.png,0.28908348083496094,0.9144884347915649,0.008453629910945892
sigmoid,self,5-object,4,A photo of a phone on the table,data_new/sigmoid/self/5-object/4.png,0.267581582069397,0.8455064296722412,0.027120281010866165
sigmoid,self,5-object,5,A photo of a chair on the table,data_new/sigmoid/self/5-object/5.png,0.284557968378067,0.8875638842582703,0.028731221333146095
sigmoid,self,5-object,6,A photo of a table on the table,data_new/sigmoid/self/5-object/6.png,0.2539435625076294,0.963654637336731,0.010187076404690742
sigmoid,self,5-object,7,A photo of a pen on the table,data_new/sigmoid/self/5-object/7.png,0.2752704322338104,0.953193187713623,0.01565590687096119
sigmoid,self,5-object,8,A photo of a key on the table,data_new/sigmoid/self/5-object/8.png,0.26647305488586426,0.8630602359771729,0.02647203579545021
sigmoid,self,5-object,9,A photo of a bag on the table,data_new/sigmoid/self/5-object/9.png,0.2888979911804199,0.8599407076835632,0.028552185744047165
sigmoid,self,5-object,10,A photo of a clock on the table,data_new/sigmoid/self/5-object/10.png,0.26830872893333435,0.9017923474311829,0.018285855650901794
sigmoid,self,6-plants,1,A drawing of a garden filled with roses,data_new/sigmoid/self/6-plants/1.png,0.31237486004829407,0.9370406866073608,0.021529968827962875
sigmoid,self,6-plants,2,A drawing of a garden filled with tulips,data_new/sigmoid/self/6-plants/2.png,0.3085184693336487,0.9091522693634033,0.02189800888299942
sigmoid,self,6-plants,3,A drawing of a garden filled with daisies,data_new/sigmoid/self/6-plants/3.png,0.31160321831703186,0.9612525105476379,0.017080914229154587
sigmoid,self,6-plants,4,A drawing of a garden filled with lavender,data_new/sigmoid/self/6-plants/4.png,0.32786935567855835,0.8113371133804321,0.05761677771806717
sigmoid,self,6-plants,5,A drawing of a garden filled with lotus,data_new/sigmoid/self/6-plants/5.png,0.3193027377128601,0.887096643447876,0.033948905766010284
sigmoid,self,6-plants,6,A drawing of a garden filled with orchids,data_new/sigmoid/self/6-plants/6.png,0.31383466720581055,0.9444683194160461,0.02502818964421749
sigmoid,self,6-plants,7,A drawing of a garden filled with peonies,data_new/sigmoid/self/6-plants/7.png,0.34145253896713257,0.947837233543396,0.02497507445514202
sigmoid,self,6-plants,8,A drawing of a garden filled with violets,data_new/sigmoid/self/6-plants/8.png,0.3130415081977844,0.9288275241851807,0.024008294567465782
sigmoid,self,6-plants,9,A drawing of a garden filled with carnations,data_new/sigmoid/self/6-plants/9.png,0.30967938899993896,0.9557658433914185,0.015782073140144348
sigmoid,self,6-plants,10,A drawing of a garden filled with hydrangeas,data_new/sigmoid/self/6-plants/10.png,0.35170692205429077,0.9325395822525024,0.02739236131310463
sigmoid,self,7-text,1,A magazine cover with the headline “FASHION”,data_new/sigmoid/self/7-text/1.png,0.2549241781234741,0.9472370743751526,0.001530977780930698
sigmoid,self,7-text,2,A magazine cover with the headline “DESIGN”,data_new/sigmoid/self/7-text/2.png,0.24632316827774048,0.9200865030288696,0.013033748604357243
sigmoid,self,7-text,3,A magazine cover with the headline “TRENDS”,data_new/sigmoid/self/7-text/3.png,0.2497355341911316,0.9824047684669495,0.0018354826606810093
sigmoid,self,7-text,4,A magazine cover with the headline “BEAUTY”,data_new/sigmoid/self/7-text/4.png,0.27261272072792053,0.8436715602874756,0.013226764276623726
sigmoid,self,7-text,5,A magazine cover with the headline “LIFESTYLE”,data_new/sigmoid/self/7-text/5.png,0.2398340255022049,0.9854469895362854,0.001407584990374744
sigmoid,self,7-text,6,A magazine cover with the headline “MODERN”,data_new/sigmoid/self/7-text/6.png,0.24949514865875244,0.9700067043304443,0.0023163880687206984
sigmoid,self,7-text,7,A magazine cover with the headline “ELEGANCE”,data_new/sigmoid/self/7-text/7.png,0.2660824656486511,0.9069919586181641,0.00489031570032239
sigmoid,self,7-text,8,A magazine cover with the headline “GLAMOUR”,data_new/sigmoid/self/7-text/8.png,0.25516146421432495,0.8697059154510498,0.00780390202999115
sigmoid,self,7-text,9,A magazine cover with the headline “FEATURES”,data_new/sigmoid/self/7-text/9.png,0.23810803890228271,0.9536515474319458,0.001774958916939795
sigmoid,self,7-text,10,A magazine cover with the headline “INSPIRE”,data_new/sigmoid/self/7-text/10.png,0.23102140426635742,0.9695649743080139,0.0017529635224491358
sigmoid,self,8-texture,1,A cup with a rough surface,data_new/sigmoid/self/8-texture/1.png,0.30389973521232605,0.9856812953948975,0.005344153847545385
sigmoid,self,8-texture,2,A cup with a shiny surface,data_new/sigmoid/self/8-texture/2.png,0.303589403629303,0.9942855834960938,0.0037024447228759527
sigmoid,self,8-texture,3,A cup with a matte surface,data_new/sigmoid/self/8-texture/3.png,0.29828163981437683,0.9828625321388245,0.008039134554564953
sigmoid,self,8-texture,4,A cup with a soft surface,data_new/sigmoid/self/8-texture/4.png,0.3050001263618469,0.9929808974266052,0.0032256871927529573
sigmoid,self,8-texture,5,A cup with a hard surface,data_new/sigmoid/self/8-texture/5.png,0.29356300830841064,0.9886245131492615,0.0032104630954563618
sigmoid,self,8-texture,6,A cup with a sticky surface,data_new/sigmoid/self/8-texture/6.png,0.29280373454093933,0.9803550243377686,0.006052650976926088
sigmoid,self,8-texture,7,A cup with a wet surface,data_new/sigmoid/self/8-texture/7.png,0.2899276614189148,0.9884542226791382,0.0017855489859357476
sigmoid,self,8-texture,8,A cup with a dry surface,data_new/sigmoid/self/8-texture/8.png,0.28518086671829224,0.9832065105438232,0.0019848812371492386
sigmoid,self,8-texture,9,A cup with a grainy surface,data_new/sigmoid/self/8-texture/9.png,0.29450228810310364,0.983428418636322,0.006163538433611393
sigmoid,self,8-texture,10,A cup with a fuzzy surface,data_new/sigmoid/self/8-texture/10.png,0.29556742310523987,0.9927883148193359,0.003955913241952658
sigmoid,self,9-Transportation,1,A drawing of a boy driving a truck,data_new/sigmoid/self/9-Transportation/1.png,0.2611101269721985,0.9358879327774048,0.007342339493334293
sigmoid,self,9-Transportation,2,A drawing of a boy driving a motorcycle,data_new/sigmoid/self/9-Transportation/2.png,0.3013898432254791,0.7936898469924927,0.020261593163013458
sigmoid,self,9-Transportation,3,A drawing of a boy driving a bus,data_new/sigmoid/self/9-Transportation/3.png,0.28816020488739014,0.9115465879440308,0.014590808190405369
sigmoid,self,9-Transportation,4,A drawing of a boy driving a bicycle,data_new/sigmoid/self/9-Transportation/4.png,0.33714011311531067,0.7810730934143066,0.03175961598753929
sigmoid,self,9-Transportation,5,A drawing of a boy driving a scooter,data_new/sigmoid/self/9-Transportation/5.png,0.297452449798584,0.9154873490333557,0.017588919028639793
sigmoid,self,9-Transportation,6,A drawing of a boy driving a train,data_new/sigmoid/self/9-Transportation/6.png,0.30222633481025696,0.881077229976654,0.019335545599460602
sigmoid,self,9-Transportation,7,A drawing of a boy driving a submarine,data_new/sigmoid/self/9-Transportation/7.png,0.3356937766075134,0.8557277321815491,0.01864972524344921
sigmoid,self,9-Transportation,8,A drawing of a boy driving a helicopter,data_new/sigmoid/self/9-Transportation/8.png,0.3254129886627197,0.9157657623291016,0.021812569350004196
sigmoid,self,9-Transportation,9,A drawing of a boy driving a jet,data_new/sigmoid/self/9-Transportation/9.png,0.27950790524482727,0.9369226694107056,0.019422415643930435
sigmoid,self,9-Transportation,10,A drawing of a boy driving a spaceship,data_new/sigmoid/self/9-Transportation/10.png,0.2691660523414612,0.9647517204284668,0.013873971998691559
sigmoid,cross,0-animal,1,A photo of a cat riding a bicycle,data_new/sigmoid/cross/0-animal/1.png,0.30527740716934204,0.8824998736381531,0.027941789478063583
sigmoid,cross,0-animal,2,A photo of a dog riding a bicycle,data_new/sigmoid/cross/0-animal/2.png,0.33960914611816406,0.9197276830673218,0.018283454701304436
sigmoid,cross,0-animal,3,A photo of a lion riding a bicycle,data_new/sigmoid/cross/0-animal/3.png,0.33399659395217896,0.9081548452377319,0.020423801615834236
sigmoid,cross,0-animal,4,A photo of a tiger riding a bicycle,data_new/sigmoid/cross/0-animal/4.png,0.3679559826850891,0.8824002742767334,0.019924242049455643
sigmoid,cross,0-animal,5,A photo of a rabbit riding a bicycle,data_new/sigmoid/cross/0-animal/5.png,0.3772014379501343,0.8761523365974426,0.03594069555401802
sigmoid,cross,0-animal,6,A photo of a panda riding a bicycle,data_new/sigmoid/cross/0-animal/6.png,0.3755888342857361,0.9250433444976807,0.009333881549537182
sigmoid,cross,0-animal,7,A photo of a fox riding a bicycle,data_new/sigmoid/cross/0-animal/7.png,0.3951861560344696,0.8925254344940186,0.025717228651046753
sigmoid,cross,0-animal,8,A photo of a wolf riding a bicycle,data_new/sigmoid/cross/0-animal/8.png,0.287723183631897,0.8388704061508179,0.020350569859147072
sigmoid,cross,0-animal,9,A photo of a monkey riding a bicycle,data_new/sigmoid/cross/0-animal/9.png,0.33145350217819214,0.8934794664382935,0.01060572825372219
sigmoid,cross,0-animal,10,A photo of an elephant riding a bicycle,data_new/sigmoid/cross/0-animal/10.png,0.3597366511821747,0.8780978918075562,0.01592198573052883
sigmoid,cross,1-clothes,1,A portrait of a woman wearing a jacket,data_new/sigmoid/cross/1-clothes/1.png,0.2968178987503052,0.9574868679046631,0.01036034245043993
sigmoid,cross,1-clothes,2,A portrait of a woman wearing a sweater,data_new/sigmoid/cross/1-clothes/2.png,0.28387585282325745,0.9037023782730103,0.016327351331710815
sigmoid,cross,1-clothes,3,A portrait of a woman wearing a skirt,data_new/sigmoid/cross/1-clothes/3.png,0.27815645933151245,0.9844221472740173,0.0038422432262450457
sigmoid,cross,1-clothes,4,A portrait of a woman wearing a coat,data_new/sigmoid/cross/1-clothes/4.png,0.30703240633010864,0.9480955600738525,0.012181185185909271
sigmoid,cross,1-clothes,5,A portrait of a woman wearing a shirt,data_new/sigmoid/cross/1-clothes/5.png,0.2552201747894287,0.9377712607383728,0.012009398080408573
sigmoid,cross,1-clothes,6,A portrait of a woman wearing a scarf,data_new/sigmoid/cross/1-clothes/6.png,0.3286401927471161,0.9448034763336182,0.020389961078763008
sigmoid,cross,1-clothes,7,A portrait of a woman wearing a hoodie,data_new/sigmoid/cross/1-clothes/7.png,0.2809431850910187,0.8973251581192017,0.01623007096350193
sigmoid,cross,1-clothes,8,A portrait of a woman wearing a blouse,data_new/sigmoid/cross/1-clothes/8.png,0.2909363806247711,0.983102560043335,0.006673659197986126
sigmoid,cross,1-clothes,9,A portrait of a woman wearing a suit,data_new/sigmoid/cross/1-clothes/9.png,0.2707337439060211,0.9437168836593628,0.011897307820618153
sigmoid,cross,1-clothes,10,A portrait of a woman wearing a vest,data_new/sigmoid/cross/1-clothes/10.png,0.32731908559799194,0.9640178084373474,0.009838263504207134
sigmoid,cross,2-color,1,A bear holding a red balloon.,data_new/sigmoid/cross/2-color/1.png,0.3323613703250885,0.9437348246574402,0.011396709829568863
sigmoid,cross,2-color,2,A bear holding a yellow balloon.,data_new/sigmoid/cross/2-color/2.png,0.3301542401313782,0.9528123736381531,0.009253760799765587
sigmoid,cross,2-color,3,A bear holding a black balloon.,data_new/sigmoid/cross/2-color/3.png,0.32066136598587036,0.9890261888504028,0.0021025226451456547
sigmoid,cross,2-color,4,A bear holding a pink balloon.,data_new/sigmoid/cross/2-color/4.png,0.353385329246521,0.9412075281143188,0.012053870595991611
sigmoid,cross,2-color,5,A bear holding a white balloon.,data_new/sigmoid/cross/2-color/5.png,0.33037710189819336,0.963494062423706,0.00571026187390089
sigmoid,cross,2-color,6,A bear holding a green balloon.,data_new/sigmoid/cross/2-color/6.png,0.3179120421409607,0.9598508477210999,0.005103886127471924
sigmoid,cross,2-color,7,A bear holding a purple balloon.,data_new/sigmoid/cross/2-color/7.png,0.36199408769607544,0.9712057113647461,0.006732933688908815
sigmoid,cross,2-color,8,A bear holding a orange balloon.,data_new/sigmoid/cross/2-color/8.png,0.3434825539588928,0.9642833471298218,0.006580652669072151
sigmoid,cross,2-color,9,A bear holding a gray balloon.,data_new/sigmoid/cross/2-color/9.png,0.32744577527046204,0.9821320176124573,0.003767887130379677
sigmoid,cross,2-color,10,A bear holding a brown balloon.,data_new/sigmoid/cross/2-color/10.png,0.3171399235725403,0.9511301517486572,0.011743058450520039
sigmoid,cross,3-decorates,1,A cake decorated with strawberries,data_new/sigmoid/cross/3-decorates/1.png,0.31077075004577637,0.8890992403030396,0.01764133758842945
sigmoid,cross,3-decorates,2,A cake decorated with blueberries,data_new/sigmoid/cross/3-decorates/2.png,0.30882561206817627,0.9105289578437805,0.017687607556581497
sigmoid,cross,3-decorates,3,A cake decorated with cream,data_new/sigmoid/cross/3-decorates/3.png,0.2915935516357422,0.9414718151092529,0.018283478915691376
sigmoid,cross,3-decorates,4,A cake decorated with sprinkles,data_new/sigmoid/cross/3-decorates/4.png,0.3161696791648865,0.9322178959846497,0.01344290841370821
sigmoid,cross,3-decorates,5,A cake decorated with almonds,data_new/sigmoid/cross/3-decorates/5.png,0.29997122287750244,0.9444377422332764,0.012945445254445076
sigmoid,cross,3-decorates,6,A cake decorated with cherries,data_new/sigmoid/cross/3-decorates/6.png,0.3131003677845001,0.9099771976470947,0.013909961096942425
sigmoid,cross,3-decorates,7,A cake decorated with mints,data_new/sigmoid/cross/3-decorates/7.png,0.29200848937034607,0.962844967842102,0.01756308600306511
sigmoid,cross,3-decorates,8,A cake decorated with macarons,data_new/sigmoid/cross/3-decorates/8.png,0.29022255539894104,0.9313924908638,0.015343050472438335
sigmoid,cross,3-decorates,9,A cake decorated with caramel,data_new/sigmoid/cross/3-decorates/9.png,0.2927713990211487,0.9530029296875,0.010042425245046616
sigmoid,cross,3-decorates,10,A cake decorated with raspberries,data_new/sigmoid/cross/3-decorates/10.png,0.32235145568847656,0.9052197933197021,0.01876133680343628
sigmoid,cross,4-food,1,A painting of a girl holding an apple,data_new/sigmoid/cross/4-food/1.png,0.37536826729774475,0.8409836292266846,0.024311693385243416
sigmoid,cross,4-food,2,A painting of a girl holding a grape,data_new/sigmoid/cross/4-food/2.png,0.3215785026550293,0.8248777389526367,0.022668257355690002
sigmoid,cross,4-food,3,A painting of a girl holding a pineapple,data_new/sigmoid/cross/4-food/3.png,0.38749417662620544,0.8294707536697388,0.019183306023478508
sigmoid,cross,4-food,4,A painting of a girl holding a watermelon,data_new/sigmoid/cross/4-food/4.png,0.35810524225234985,0.9049134254455566,0.019567113369703293
sigmoid,cross,4-food,5,A painting of a girl holding a mango,data_new/sigmoid/cross/4-food/5.png,0.34164315462112427,0.8656072616577148,0.014799898490309715
sigmoid,cross,4-food,6,A painting of a girl holding a strawberry,data_new/sigmoid/cross/4-food/6.png,0.3636761009693146,0.8398398756980896,0.020914128050208092
sigmoid,cross,4-food,7,A painting of a girl holding a peach,data_new/sigmoid/cross/4-food/7.png,0.3686651885509491,0.8490015268325806,0.020795831456780434
sigmoid,cross,4-food,8,A painting of a girl holding a papaya,data_new/sigmoid/cross/4-food/8.png,0.3287123441696167,0.8595141172409058,0.015682686120271683
sigmoid,cross,4-food,9,A painting of a girl holding a kiwi,data_new/sigmoid/cross/4-food/9.png,0.3121908903121948,0.851382315158844,0.018237538635730743
sigmoid,cross,4-food,10,A painting of a girl holding an orange,data_new/sigmoid/cross/4-food/10.png,0.3323669731616974,0.8535815477371216,0.013822400942444801
sigmoid,cross,5-object,1,A photo of a book on the table,data_new/sigmoid/cross/5-object/1.png,0.2563571333885193,0.8851801156997681,0.03796185180544853
sigmoid,cross,5-object,2,A photo of a cup on the table,data_new/sigmoid/cross/5-object/2.png,0.2794181704521179,0.908589243888855,0.020822672173380852
sigmoid,cross,5-object,3,A photo of a lamp on the table,data_new/sigmoid/cross/5-object/3.png,0.2900475263595581,0.902233898639679,0.009294389747083187
sigmoid,cross,5-object,4,A photo of a phone on the table,data_new/sigmoid/cross/5-object/4.png,0.26965421438217163,0.8263257145881653,0.030699163675308228
sigmoid,cross,5-object,5,A photo of a chair on the table,data_new/sigmoid/cross/5-object/5.png,0.28593355417251587,0.9004279375076294,0.02453695423901081
sigmoid,cross,5-object,6,A photo of a table on the table,data_new/sigmoid/cross/5-object/6.png,0.2509479224681854,0.9569661617279053,0.010641097091138363
sigmoid,cross,5-object,7,A photo of a pen on the table,data_new/sigmoid/cross/5-object/7.png,0.27210330963134766,0.9527912139892578,0.015243848785758018
sigmoid,cross,5-object,8,A photo of a key on the table,data_new/sigmoid/cross/5-object/8.png,0.26856932044029236,0.8608824014663696,0.028362544253468513
sigmoid,cross,5-object,9,A photo of a bag on the table,data_new/sigmoid/cross/5-object/9.png,0.28660792112350464,0.8562984466552734,0.030185868963599205
sigmoid,cross,5-object,10,A photo of a clock on the table,data_new/sigmoid/cross/5-object/10.png,0.3018752336502075,0.7957581281661987,0.03279592841863632
sigmoid,cross,6-plants,1,A drawing of a garden filled with roses,data_new/sigmoid/cross/6-plants/1.png,0.3164675533771515,0.9504711627960205,0.02317093312740326
sigmoid,cross,6-plants,2,A drawing of a garden filled with tulips,data_new/sigmoid/cross/6-plants/2.png,0.31168439984321594,0.8995694518089294,0.02557184547185898
sigmoid,cross,6-plants,3,A drawing of a garden filled with daisies,data_new/sigmoid/cross/6-plants/3.png,0.31654930114746094,0.9589860439300537,0.019487204030156136
sigmoid,cross,6-plants,4,A drawing of a garden filled with lavender,data_new/sigmoid/cross/6-plants/4.png,0.3179713189601898,0.8341324329376221,0.0505816675722599
sigmoid,cross,6-plants,5,A drawing of a garden filled with lotus,data_new/sigmoid/cross/6-plants/5.png,0.30275678634643555,0.8999390602111816,0.03498383238911629
sigmoid,cross,6-plants,6,A drawing of a garden filled with orchids,data_new/sigmoid/cross/6-plants/6.png,0.3064151406288147,0.9487451314926147,0.02894570678472519
sigmoid,cross,6-plants,7,A drawing of a garden filled with peonies,data_new/sigmoid/cross/6-plants/7.png,0.34510576725006104,0.9484042525291443,0.02835996448993683
sigmoid,cross,6-plants,8,A drawing of a garden filled with violets,data_new/sigmoid/cross/6-plants/8.png,0.3096010684967041,0.9252381324768066,0.027316847816109657
sigmoid,cross,6-plants,9,A drawing of a garden filled with carnations,data_new/sigmoid/cross/6-plants/9.png,0.3101269006729126,0.9545269012451172,0.016562364995479584
sigmoid,cross,6-plants,10,A drawing of a garden filled with hydrangeas,data_new/sigmoid/cross/6-plants/10.png,0.35177159309387207,0.9310412406921387,0.03671856224536896
sigmoid,cross,7-text,1,A magazine cover with the headline “FASHION”,data_new/sigmoid/cross/7-text/1.png,0.2539966106414795,0.9421074390411377,0.0021912595257163048
sigmoid,cross,7-text,2,A magazine cover with the headline “DESIGN”,data_new/sigmoid/cross/7-text/2.png,0.2521805763244629,0.9056829214096069,0.017989203333854675
sigmoid,cross,7-text,3,A magazine cover with the headline “TRENDS”,data_new/sigmoid/cross/7-text/3.png,0.2399636059999466,0.9001448154449463,0.00951095949858427
sigmoid,cross,7-text,4,A magazine cover with the headline “BEAUTY”,data_new/sigmoid/cross/7-text/4.png,0.26040226221084595,0.8537771701812744,0.014774778857827187
sigmoid,cross,7-text,5,A magazine cover with the headline “LIFESTYLE”,data_new/sigmoid/cross/7-text/5.png,0.2420508861541748,0.9816522598266602,0.0024835194926708937
sigmoid,cross,7-text,6,A magazine cover with the headline “MODERN”,data_new/sigmoid/cross/7-text/6.png,0.24495413899421692,0.8902928829193115,0.008959770202636719
sigmoid,cross,7-text,7,A magazine cover with the headline “ELEGANCE”,data_new/sigmoid/cross/7-text/7.png,0.2629721164703369,0.8907424807548523,0.006280606146901846
sigmoid,cross,7-text,8,A magazine cover with the headline “GLAMOUR”,data_new/sigmoid/cross/7-text/8.png,0.25448164343833923,0.8522670865058899,0.010212109424173832
sigmoid,cross,7-text,9,A magazine cover with the headline “FEATURES”,data_new/sigmoid/cross/7-text/9.png,0.2390398234128952,0.9558892846107483,0.002146321814507246
sigmoid,cross,7-text,10,A magazine cover with the headline “INSPIRE”,data_new/sigmoid/cross/7-text/10.png,0.23503568768501282,0.9711250066757202,0.003253353526815772
sigmoid,cross,8-texture,1,A cup with a rough surface,data_new/sigmoid/cross/8-texture/1.png,0.30505436658859253,0.9850122928619385,0.005526968743652105
sigmoid,cross,8-texture,2,A cup with a shiny surface,data_new/sigmoid/cross/8-texture/2.png,0.30352845788002014,0.9928434491157532,0.004786783363670111
sigmoid,cross,8-texture,3,A cup with a matte surface,data_new/sigmoid/cross/8-texture/3.png,0.3029691278934479,0.9660469889640808,0.024474889039993286
sigmoid,cross,8-texture,4,A cup with a soft surface,data_new/sigmoid/cross/8-texture/4.png,0.3041306436061859,0.9913462400436401,0.003791254945099354
sigmoid,cross,8-texture,5,A cup with a hard surface,data_new/sigmoid/cross/8-texture/5.png,0.29387539625167847,0.9871983528137207,0.005087544675916433
sigmoid,cross,8-texture,6,A cup with a sticky surface,data_new/sigmoid/cross/8-texture/6.png,0.29333680868148804,0.9783969521522522,0.006665859837085009
sigmoid,cross,8-texture,7,A cup with a wet surface,data_new/sigmoid/cross/8-texture/7.png,0.2874191403388977,0.9828650951385498,0.0040168133564293385
sigmoid,cross,8-texture,8,A cup with a dry surface,data_new/sigmoid/cross/8-texture/8.png,0.28560736775398254,0.9823993444442749,0.0029357350431382656
sigmoid,cross,8-texture,9,A cup with a grainy surface,data_new/sigmoid/cross/8-texture/9.png,0.2952936589717865,0.9787565469741821,0.006768014281988144
sigmoid,cross,8-texture,10,A cup with a fuzzy surface,data_new/sigmoid/cross/8-texture/10.png,0.2977026700973511,0.9924852848052979,0.004402682185173035
sigmoid,cross,9-Transportation,1,A drawing of a boy driving a truck,data_new/sigmoid/cross/9-Transportation/1.png,0.2592078745365143,0.9548889398574829,0.01215379498898983
sigmoid,cross,9-Transportation,2,A drawing of a boy driving a motorcycle,data_new/sigmoid/cross/9-Transportation/2.png,0.3134171962738037,0.8079537153244019,0.024201810359954834
sigmoid,cross,9-Transportation,3,A drawing of a boy driving a bus,data_new/sigmoid/cross/9-Transportation/3.png,0.28467318415641785,0.9261459112167358,0.018650980666279793
sigmoid,cross,9-Transportation,4,A drawing of a boy driving a bicycle,data_new/sigmoid/cross/9-Transportation/4.png,0.33827757835388184,0.7805827260017395,0.056248877197504044
sigmoid,cross,9-Transportation,5,A drawing of a boy driving a scooter,data_new/sigmoid/cross/9-Transportation/5.png,0.29575061798095703,0.9175713062286377,0.019166894257068634
sigmoid,cross,9-Transportation,6,A drawing of a boy driving a train,data_new/sigmoid/cross/9-Transportation/6.png,0.3278205990791321,0.7734681367874146,0.02281869389116764
sigmoid,cross,9-Transportation,7,A drawing of a boy driving a submarine,data_new/sigmoid/cross/9-Transportation/7.png,0.32921385765075684,0.8652968406677246,0.02324099838733673
sigmoid,cross,9-Transportation,8,A drawing of a boy driving a helicopter,data_new/sigmoid/cross/9-Transportation/8.png,0.2958105206489563,0.9088913798332214,0.024904608726501465
sigmoid,cross,9-Transportation,9,A drawing of a boy driving a jet,data_new/sigmoid/cross/9-Transportation/9.png,0.2851589322090149,0.9539891481399536,0.021561961621046066
sigmoid,cross,9-Transportation,10,A drawing of a boy driving a spaceship,data_new/sigmoid/cross/9-Transportation/10.png,0.2714773416519165,0.9677736759185791,0.020511852577328682
exp,self,0-animal,1,A photo of a cat riding a bicycle,data_new/exp/self/0-animal/1.png,0.3208662271499634,0.8988654613494873,0.030890554189682007
exp,self,0-animal,2,A photo of a dog riding a bicycle,data_new/exp/self/0-animal/2.png,0.3553878962993622,0.8935853242874146,0.026679150760173798
exp,self,0-animal,3,A photo of a lion riding a bicycle,data_new/exp/self/0-animal/3.png,0.33025407791137695,0.9032351970672607,0.020182332023978233
exp,self,0-animal,4,A photo of a tiger riding a bicycle,data_new/exp/self/0-animal/4.png,0.36933714151382446,0.8958524465560913,0.016154654324054718
exp,self,0-animal,5,A photo of a rabbit riding a bicycle,data_new/exp/self/0-animal/5.png,0.37289243936538696,0.867766797542572,0.03896680101752281
exp,self,0-animal,6,A photo of a panda riding a bicycle,data_new/exp/self/0-animal/6.png,0.38689643144607544,0.8896279335021973,0.02895861677825451
exp,self,0-animal,7,A photo of a fox riding a bicycle,data_new/exp/self/0-animal/7.png,0.39812612533569336,0.8905474543571472,0.02584795467555523
exp,self,0-animal,8,A photo of a wolf riding a bicycle,data_new/exp/self/0-animal/8.png,0.3265616297721863,0.8877332210540771,0.023961668834090233
exp,self,0-animal,9,A photo of a monkey riding a bicycle,data_new/exp/self/0-animal/9.png,0.3597116470336914,0.9009751081466675,0.011406219564378262
exp,self,0-animal,10,A photo of an elephant riding a bicycle,data_new/exp/self/0-animal/10.png,0.35792502760887146,0.8775494694709778,0.025013461709022522
exp,self,1-clothes,1,A portrait of a woman wearing a jacket,data_new/exp/self/1-clothes/1.png,0.28945720195770264,0.9433311223983765,0.013307332992553711
exp,self,1-clothes,2,A portrait of a woman wearing a sweater,data_new/exp/self/1-clothes/2.png,0.2793634831905365,0.8749269247055054,0.022885316982865334
exp,self,1-clothes,3,A portrait of a woman wearing a skirt,data_new/exp/self/1-clothes/3.png,0.28173670172691345,0.9656006693840027,0.007102013099938631
exp,self,1-clothes,4,A portrait of a woman wearing a coat,data_new/exp/self/1-clothes/4.png,0.30195918679237366,0.916701078414917,0.014916096813976765
exp,self,1-clothes,5,A portrait of a woman wearing a shirt,data_new/exp/self/1-clothes/5.png,0.270714670419693,0.9133221507072449,0.018452096730470657
exp,self,1-clothes,6,A portrait of a woman wearing a scarf,data_new/exp/self/1-clothes/6.png,0.3408481180667877,0.9457494020462036,0.018914105370640755
exp,self,1-clothes,7,A portrait of a woman wearing a hoodie,data_new/exp/self/1-clothes/7.png,0.26389506459236145,0.8324029445648193,0.02249923348426819
exp,self,1-clothes,8,A portrait of a woman wearing a blouse,data_new/exp/self/1-clothes/8.png,0.3043808937072754,0.9756117463111877,0.009482099674642086
exp,self,1-clothes,9,A portrait of a woman wearing a suit,data_new/exp/self/1-clothes/9.png,0.26889994740486145,0.8370622992515564,0.01793365553021431
exp,self,1-clothes,10,A portrait of a woman wearing a vest,data_new/exp/self/1-clothes/10.png,0.32335954904556274,0.9340933561325073,0.012149744667112827
exp,self,2-color,1,A bear holding a red balloon.,data_new/exp/self/2-color/1.png,0.33017849922180176,0.9369105100631714,0.012202775105834007
exp,self,2-color,2,A bear holding a yellow balloon.,data_new/exp/self/2-color/2.png,0.3300473988056183,0.9462555646896362,0.018249955028295517
exp,self,2-color,3,A bear holding a black balloon.,data_new/exp/self/2-color/3.png,0.3211113512516022,0.9812546968460083,0.0050431289710104465
exp,self,2-color,4,A bear holding a pink balloon.,data_new/exp/self/2-color/4.png,0.3577793836593628,0.9404631853103638,0.013033362105488777
exp,self,2-color,5,A bear holding a white balloon.,data_new/exp/self/2-color/5.png,0.33720600605010986,0.9715939164161682,0.009257924742996693
exp,self,2-color,6,A bear holding a green balloon.,data_new/exp/self/2-color/6.png,0.3246411383152008,0.9766327142715454,0.004872953984886408
exp,self,2-color,7,A bear holding a purple balloon.,data_new/exp/self/2-color/7.png,0.35876765847206116,0.9725401401519775,0.006472344975918531
exp,self,2-color,8,A bear holding a orange balloon.,data_new/exp/self/2-color/8.png,0.34086668491363525,0.9399224519729614,0.03284608572721481
exp,self,2-color,9,A bear holding a gray balloon.,data_new/exp/self/2-color/9.png,0.32902833819389343,0.979390025138855,0.004675054457038641
exp,self,2-color,10,A bear holding a brown balloon.,data_new/exp/self/2-color/10.png,0.311162531375885,0.9300678968429565,0.02225876972079277
exp,self,3-decorates,1,A cake decorated with strawberries,data_new/exp/self/3-decorates/1.png,0.31612032651901245,0.9016844034194946,0.021066835150122643
exp,self,3-decorates,2,A cake decorated with blueberries,data_new/exp/self/3-decorates/2.png,0.32136183977127075,0.902398407459259,0.0204338226467371
exp,self,3-decorates,3,A cake decorated with cream,data_new/exp/self/3-decorates/3.png,0.2958086431026459,0.9373141527175903,0.02602299302816391
exp,self,3-decorates,4,A cake decorated with sprinkles,data_new/exp/self/3-decorates/4.png,0.31427744030952454,0.9441086053848267,0.017161671072244644
exp,self,3-decorates,5,A cake decorated with almonds,data_new/exp/self/3-decorates/5.png,0.29754865169525146,0.9408578872680664,0.013932687230408192
exp,self,3-decorates,6,A cake decorated with cherries,data_new/exp/self/3-decorates/6.png,0.31615781784057617,0.8976826667785645,0.015452845022082329
exp,self,3-decorates,7,A cake decorated with mints,data_new/exp/self/3-decorates/7.png,0.2955414652824402,0.9437872767448425,0.020582931116223335
exp,self,3-decorates,8,A cake decorated with macarons,data_new/exp/self/3-decorates/8.png,0.3017178773880005,0.9478042125701904,0.01862129382789135
exp,self,3-decorates,9,A cake decorated with caramel,data_new/exp/self/3-decorates/9.png,0.2918517589569092,0.9559456706047058,0.012028461322188377
exp,self,3-decorates,10,A cake decorated with raspberries,data_new/exp/self/3-decorates/10.png,0.32091814279556274,0.9176271557807922,0.02071797102689743
exp,self,4-food,1,A painting of a girl holding an apple,data_new/exp/self/4-food/1.png,0.378137469291687,0.8047270774841309,0.03902759030461311
exp,self,4-food,2,A painting of a girl holding a grape,data_new/exp/self/4-food/2.png,0.34412533044815063,0.8221654891967773,0.023816842585802078
exp,self,4-food,3,A painting of a girl holding a pineapple,data_new/exp/self/4-food/3.png,0.4044451117515564,0.8230962157249451,0.02945656329393387
exp,self,4-food,4,A painting of a girl holding a watermelon,data_new/exp/self/4-food/4.png,0.38061919808387756,0.8717169761657715,0.02278834581375122
exp,self,4-food,5,A painting of a girl holding a mango,data_new/exp/self/4-food/5.png,0.3378915786743164,0.8377310037612915,0.022366207093000412
exp,self,4-food,6,A painting of a girl holding a strawberry,data_new/exp/self/4-food/6.png,0.37665560841560364,0.8282240629196167,0.028917882591485977
exp,self,4-food,7,A painting of a girl holding a peach,data_new/exp/self/4-food/7.png,0.37014156579971313,0.8301812410354614,0.0372283048927784
exp,self,4-food,8,A painting of a girl holding a papaya,data_new/exp/self/4-food/8.png,0.3534674346446991,0.8427616357803345,0.021536462008953094
exp,self,4-food,9,A painting of a girl holding a kiwi,data_new/exp/self/4-food/9.png,0.3407490849494934,0.8427236080169678,0.01983490213751793
exp,self,4-food,10,A painting of a girl holding an orange,data_new/exp/self/4-food/10.png,0.3836696743965149,0.8092488050460815,0.02338855341076851
exp,self,5-object,1,A photo of a book on the table,data_new/exp/self/5-object/1.png,0.25705817341804504,0.8818995356559753,0.03254080191254616
exp,self,5-object,2,A photo of a cup on the table,data_new/exp/self/5-object/2.png,0.312467098236084,0.8788946866989136,0.025022320449352264
exp,self,5-object,3,A photo of a lamp on the table,data_new/exp/self/5-object/3.png,0.2942057251930237,0.8518639206886292,0.020415594801306725
exp,self,5-object,4,A photo of a phone on the table,data_new/exp/self/5-object/4.png,0.2773033380508423,0.8372703194618225,0.032443735748529434
exp,self,5-object,5,A photo of a chair on the table,data_new/exp/self/5-object/5.png,0.2720305919647217,0.875015914440155,0.043885961174964905
exp,self,5-object,6,A photo of a table on the table,data_new/exp/self/5-object/6.png,0.26782476902008057,0.8689815402030945,0.05773792788386345
exp,self,5-object,7,A photo of a pen on the table,data_new/exp/self/5-object/7.png,0.27977219223976135,0.8677331805229187,0.02665535919368267
exp,self,5-object,8,A photo of a key on the table,data_new/exp/self/5-object/8.png,0.27392852306365967,0.7980621457099915,0.042051419615745544
exp,self,5-object,9,A photo of a bag on the table,data_new/exp/self/5-object/9.png,0.2994685173034668,0.8502161502838135,0.037727706134319305
exp,self,5-object,10,A photo of a clock on the table,data_new/exp/self/5-object/10.png,0.30221396684646606,0.8151234984397888,0.03298232704401016
exp,self,6-plants,1,A drawing of a garden filled with roses,data_new/exp/self/6-plants/1.png,0.3242972493171692,0.934906005859375,0.024158861488103867
exp,self,6-plants,2,A drawing of a garden filled with tulips,data_new/exp/self/6-plants/2.png,0.306596577167511,0.9085710048675537,0.021861793473362923
exp,self,6-plants,3,A drawing of a garden filled with daisies,data_new/exp/self/6-plants/3.png,0.3161282241344452,0.9636426568031311,0.017525168135762215
exp,self,6-plants,4,A drawing of a garden filled with lavender,data_new/exp/self/6-plants/4.png,0.33277320861816406,0.8071140646934509,0.05664389953017235
exp,self,6-plants,5,A drawing of a garden filled with lotus,data_new/exp/self/6-plants/5.png,0.3320096731185913,0.8861172199249268,0.037796903401613235
exp,self,6-plants,6,A drawing of a garden filled with orchids,data_new/exp/self/6-plants/6.png,0.31765827536582947,0.9402310252189636,0.02522212639451027
exp,self,6-plants,7,A drawing of a garden filled with peonies,data_new/exp/self/6-plants/7.png,0.33695098757743835,0.9382126331329346,0.027828680351376534
exp,self,6-plants,8,A drawing of a garden filled with violets,data_new/exp/self/6-plants/8.png,0.3112337589263916,0.9300245046615601,0.02461875043809414
exp,self,6-plants,9,A drawing of a garden filled with carnations,data_new/exp/self/6-plants/9.png,0.3108603358268738,0.9555701017379761,0.015668487176299095
exp,self,6-plants,10,A drawing of a garden filled with hydrangeas,data_new/exp/self/6-plants/10.png,0.3565894663333893,0.9301695227622986,0.03640726953744888
exp,self,7-text,1,A magazine cover with the headline “FASHION”,data_new/exp/self/7-text/1.png,0.25423696637153625,0.9386491775512695,0.002554077422246337
exp,self,7-text,2,A magazine cover with the headline “DESIGN”,data_new/exp/self/7-text/2.png,0.26124852895736694,0.8616369962692261,0.017585406079888344
exp,self,7-text,3,A magazine cover with the headline “TRENDS”,data_new/exp/self/7-text/3.png,0.23982533812522888,0.8849614858627319,0.009533599950373173
exp,self,7-text,4,A magazine cover with the headline “BEAUTY”,data_new/exp/self/7-text/4.png,0.2617359757423401,0.8436009287834167,0.011412860825657845
exp,self,7-text,5,A magazine cover with the headline “LIFESTYLE”,data_new/exp/self/7-text/5.png,0.23975303769111633,0.9831000566482544,0.0016401282045990229
exp,self,7-text,6,A magazine cover with the headline “MODERN”,data_new/exp/self/7-text/6.png,0.24089360237121582,0.9034417867660522,0.011814172379672527
exp,self,7-text,7,A magazine cover with the headline “ELEGANCE”,data_new/exp/self/7-text/7.png,0.26256489753723145,0.8773466944694519,0.006445135455578566
exp,self,7-text,8,A magazine cover with the headline “GLAMOUR”,data_new/exp/self/7-text/8.png,0.2551490068435669,0.8431364893913269,0.009024351835250854
exp,self,7-text,9,A magazine cover with the headline “FEATURES”,data_new/exp/self/7-text/9.png,0.23606500029563904,0.9446457624435425,0.002852534642443061
exp,self,7-text,10,A magazine cover with the headline “INSPIRE”,data_new/exp/self/7-text/10.png,0.22847257554531097,0.8796259164810181,0.009178577922284603
exp,self,8-texture,1,A cup with a rough surface,data_new/exp/self/8-texture/1.png,0.30150461196899414,0.987565815448761,0.007323026191443205
exp,self,8-texture,2,A cup with a shiny surface,data_new/exp/self/8-texture/2.png,0.3034185767173767,0.994540274143219,0.004860794637352228
exp,self,8-texture,3,A cup with a matte surface,data_new/exp/self/8-texture/3.png,0.29635101556777954,0.9742639064788818,0.008864806964993477
exp,self,8-texture,4,A cup with a soft surface,data_new/exp/self/8-texture/4.png,0.3018404543399811,0.9891642332077026,0.004386433400213718
exp,self,8-texture,5,A cup with a hard surface,data_new/exp/self/8-texture/5.png,0.2906895875930786,0.9811941385269165,0.003975437488406897
exp,self,8-texture,6,A cup with a sticky surface,data_new/exp/self/8-texture/6.png,0.29330432415008545,0.9770534634590149,0.0076498957350850105
exp,self,8-texture,7,A cup with a wet surface,data_new/exp/self/8-texture/7.png,0.28315287828445435,0.9714237451553345,0.004880970343947411
exp,self,8-texture,8,A cup with a dry surface,data_new/exp/self/8-texture/8.png,0.2858184576034546,0.9809867739677429,0.005201085936278105
exp,self,8-texture,9,A cup with a grainy surface,data_new/exp/self/8-texture/9.png,0.29387998580932617,0.9781635403633118,0.008125580847263336
exp,self,8-texture,10,A cup with a fuzzy surface,data_new/exp/self/8-texture/10.png,0.29257455468177795,0.9921000003814697,0.00583793455734849
exp,self,9-Transportation,1,A drawing of a boy driving a truck,data_new/exp/self/9-Transportation/1.png,0.252755343914032,0.9532648921012878,0.007652204018086195
exp,self,9-Transportation,2,A drawing of a boy driving a motorcycle,data_new/exp/self/9-Transportation/2.png,0.3084763288497925,0.7739638090133667,0.02423056587576866
exp,self,9-Transportation,3,A drawing of a boy driving a bus,data_new/exp/self/9-Transportation/3.png,0.28291648626327515,0.924300491809845,0.011484944261610508
exp,self,9-Transportation,4,A drawing of a boy driving a bicycle,data_new/exp/self/9-Transportation/4.png,0.35931193828582764,0.7668643593788147,0.09051202982664108
exp,self,9-Transportation,5,A drawing of a boy driving a scooter,data_new/exp/self/9-Transportation/5.png,0.27758580446243286,0.9210672974586487,0.019381584599614143
exp,self,9-Transportation,6,A drawing of a boy driving a train,data_new/exp/self/9-Transportation/6.png,0.32391446828842163,0.8039534687995911,0.0261206217110157
exp,self,9-Transportation,7,A drawing of a boy driving a submarine,data_new/exp/self/9-Transportation/7.png,0.3395000100135803,0.8458281755447388,0.024659231305122375
exp,self,9-Transportation,8,A drawing of a boy driving a helicopter,data_new/exp/self/9-Transportation/8.png,0.296530157327652,0.8856673240661621,0.024942459538578987
exp,self,9-Transportation,9,A drawing of a boy driving a jet,data_new/exp/self/9-Transportation/9.png,0.2911587655544281,0.9254339337348938,0.022672386839985847
exp,self,9-Transportation,10,A drawing of a boy driving a spaceship,data_new/exp/self/9-Transportation/10.png,0.2789239287376404,0.931429386138916,0.023665405809879303
exp,cross,0-animal,1,A photo of a cat riding a bicycle,data_new/exp/cross/0-animal/1.png,0.3164413571357727,0.8941056728363037,0.02904900349676609
exp,cross,0-animal,2,A photo of a dog riding a bicycle,data_new/exp/cross/0-animal/2.png,0.34238001704216003,0.915063738822937,0.018121646717190742
exp,cross,0-animal,3,A photo of a lion riding a bicycle,data_new/exp/cross/0-animal/3.png,0.33764922618865967,0.8996303081512451,0.021800801157951355
exp,cross,0-animal,4,A photo of a tiger riding a bicycle,data_new/exp/cross/0-animal/4.png,0.36217671632766724,0.8563318848609924,0.020748471841216087
exp,cross,0-animal,5,A photo of a rabbit riding a bicycle,data_new/exp/cross/0-animal/5.png,0.3731268644332886,0.8520593643188477,0.0387619212269783
exp,cross,0-animal,6,A photo of a panda riding a bicycle,data_new/exp/cross/0-animal/6.png,0.356035053730011,0.9050866365432739,0.020308982580900192
exp,cross,0-animal,7,A photo of a fox riding a bicycle,data_new/exp/cross/0-animal/7.png,0.39667266607284546,0.8850581645965576,0.02582465671002865
exp,cross,0-animal,8,A photo of a wolf riding a bicycle,data_new/exp/cross/0-animal/8.png,0.3046032190322876,0.8840887546539307,0.01857023499906063
exp,cross,0-animal,9,A photo of a monkey riding a bicycle,data_new/exp/cross/0-animal/9.png,0.38179245591163635,0.8475582599639893,0.011532340198755264
exp,cross,0-animal,10,A photo of an elephant riding a bicycle,data_new/exp/cross/0-animal/10.png,0.3532010316848755,0.8807428479194641,0.027519365772604942
exp,cross,1-clothes,1,A portrait of a woman wearing a jacket,data_new/exp/cross/1-clothes/1.png,0.2928558588027954,0.9524918794631958,0.012124283239245415
exp,cross,1-clothes,2,A portrait of a woman wearing a sweater,data_new/exp/cross/1-clothes/2.png,0.29673469066619873,0.8587678670883179,0.018709296360611916
exp,cross,1-clothes,3,A portrait of a woman wearing a skirt,data_new/exp/cross/1-clothes/3.png,0.28128618001937866,0.9693057537078857,0.0048662046901881695
exp,cross,1-clothes,4,A portrait of a woman wearing a coat,data_new/exp/cross/1-clothes/4.png,0.296053409576416,0.9288949966430664,0.01438827719539404
exp,cross,1-clothes,5,A portrait of a woman wearing a shirt,data_new/exp/cross/1-clothes/5.png,0.24892430007457733,0.9208036661148071,0.013022065162658691
exp,cross,1-clothes,6,A portrait of a woman wearing a scarf,data_new/exp/cross/1-clothes/6.png,0.34559375047683716,0.9252795577049255,0.02348233200609684
exp,cross,1-clothes,7,A portrait of a woman wearing a hoodie,data_new/exp/cross/1-clothes/7.png,0.2879059910774231,0.8855146169662476,0.02291266806423664
exp,cross,1-clothes,8,A portrait of a woman wearing a blouse,data_new/exp/cross/1-clothes/8.png,0.2935982048511505,0.9826131463050842,0.007355715613812208
exp,cross,1-clothes,9,A portrait of a woman wearing a suit,data_new/exp/cross/1-clothes/9.png,0.25289463996887207,0.9127762317657471,0.013236374594271183
exp,cross,1-clothes,10,A portrait of a woman wearing a vest,data_new/exp/cross/1-clothes/10.png,0.309781014919281,0.9437719583511353,0.011184494011104107
exp,cross,2-color,1,A bear holding a red balloon.,data_new/exp/cross/2-color/1.png,0.34013187885284424,0.9576172828674316,0.013637016527354717
exp,cross,2-color,2,A bear holding a yellow balloon.,data_new/exp/cross/2-color/2.png,0.3285343050956726,0.9359465837478638,0.011613569222390652
exp,cross,2-color,3,A bear holding a black balloon.,data_new/exp/cross/2-color/3.png,0.3244435787200928,0.9791514873504639,0.003835569368675351
exp,cross,2-color,4,A bear holding a pink balloon.,data_new/exp/cross/2-color/4.png,0.35544127225875854,0.9424958229064941,0.014844711869955063
exp,cross,2-color,5,A bear holding a white balloon.,data_new/exp/cross/2-color/5.png,0.3242138922214508,0.9555714130401611,0.008345828391611576
exp,cross,2-color,6,A bear holding a green balloon.,data_new/exp/cross/2-color/6.png,0.32770857214927673,0.9653180241584778,0.004934235010296106
exp,cross,2-color,7,A bear holding a purple balloon.,data_new/exp/cross/2-color/7.png,0.3692931532859802,0.9661135673522949,0.008422058075666428
exp,cross,2-color,8,A bear holding a orange balloon.,data_new/exp/cross/2-color/8.png,0.3434615731239319,0.9470756649971008,0.022348761558532715
exp,cross,2-color,9,A bear holding a gray balloon.,data_new/exp/cross/2-color/9.png,0.32694244384765625,0.9723982810974121,0.006735992152243853
exp,cross,2-color,10,A bear holding a brown balloon.,data_new/exp/cross/2-color/10.png,0.3202248215675354,0.952783465385437,0.011618828400969505
exp,cross,3-decorates,1,A cake decorated with strawberries,data_new/exp/cross/3-decorates/1.png,0.31772270798683167,0.888775646686554,0.024595439434051514
exp,cross,3-decorates,2,A cake decorated with blueberries,data_new/exp/cross/3-decorates/2.png,0.31423288583755493,0.9067311882972717,0.02671578712761402
exp,cross,3-decorates,3,A cake decorated with cream,data_new/exp/cross/3-decorates/3.png,0.29425105452537537,0.9303715825080872,0.019326040521264076
exp,cross,3-decorates,4,A cake decorated with sprinkles,data_new/exp/cross/3-decorates/4.png,0.3337370753288269,0.9200266599655151,0.022714342921972275
exp,cross,3-decorates,5,A cake decorated with almonds,data_new/exp/cross/3-decorates/5.png,0.3038719892501831,0.9421263933181763,0.014109019190073013
exp,cross,3-decorates,6,A cake decorated with cherries,data_new/exp/cross/3-decorates/6.png,0.3183390498161316,0.9100260734558105,0.017776774242520332
exp,cross,3-decorates,7,A cake decorated with mints,data_new/exp/cross/3-decorates/7.png,0.30173003673553467,0.9486954212188721,0.018312279134988785
exp,cross,3-decorates,8,A cake decorated with macarons,data_new/exp/cross/3-decorates/8.png,0.3008826971054077,0.9534704685211182,0.021573694422841072
exp,cross,3-decorates,9,A cake decorated with caramel,data_new/exp/cross/3-decorates/9.png,0.29371532797813416,0.9603408575057983,0.011568315327167511
exp,cross,3-decorates,10,A cake decorated with raspberries,data_new/exp/cross/3-decorates/10.png,0.33090269565582275,0.9137289524078369,0.04680332541465759
exp,cross,4-food,1,A painting of a girl holding an apple,data_new/exp/cross/4-food/1.png,0.37862610816955566,0.8254448175430298,0.030756112188100815
exp,cross,4-food,2,A painting of a girl holding a grape,data_new/exp/cross/4-food/2.png,0.3497146964073181,0.8117616176605225,0.02827266976237297
exp,cross,4-food,3,A painting of a girl holding a pineapple,data_new/exp/cross/4-food/3.png,0.39581629633903503,0.8534924983978271,0.022454801946878433
exp,cross,4-food,4,A painting of a girl holding a watermelon,data_new/exp/cross/4-food/4.png,0.3500862419605255,0.9066730737686157,0.024593910202383995
exp,cross,4-food,5,A painting of a girl holding a mango,data_new/exp/cross/4-food/5.png,0.32703733444213867,0.7979292869567871,0.020759085193276405
exp,cross,4-food,6,A painting of a girl holding a strawberry,data_new/exp/cross/4-food/6.png,0.3758803606033325,0.8176141977310181,0.028887588530778885
exp,cross,4-food,7,A painting of a girl holding a peach,data_new/exp/cross/4-food/7.png,0.3738574981689453,0.8363697528839111,0.022473495453596115
exp,cross,4-food,8,A painting of a girl holding a papaya,data_new/exp/cross/4-food/8.png,0.33609652519226074,0.8588314652442932,0.018258478492498398
exp,cross,4-food,9,A painting of a girl holding a kiwi,data_new/exp/cross/4-food/9.png,0.31783008575439453,0.8355420231819153,0.02167028933763504
exp,cross,4-food,10,A painting of a girl holding an orange,data_new/exp/cross/4-food/10.png,0.3486451804637909,0.8541080951690674,0.01459593791514635
exp,cross,5-object,1,A photo of a book on the table,data_new/exp/cross/5-object/1.png,0.27602458000183105,0.8522989153862,0.03608420118689537
exp,cross,5-object,2,A photo of a cup on the table,data_new/exp/cross/5-object/2.png,0.2967870831489563,0.9032378792762756,0.016831791028380394
exp,cross,5-object,3,A photo of a lamp on the table,data_new/exp/cross/5-object/3.png,0.293351411819458,0.8823696374893188,0.011598095297813416
exp,cross,5-object,4,A photo of a phone on the table,data_new/exp/cross/5-object/4.png,0.27584972977638245,0.8135433197021484,0.033595163375139236
exp,cross,5-object,5,A photo of a chair on the table,data_new/exp/cross/5-object/5.png,0.2798009216785431,0.8909052610397339,0.03398697078227997
exp,cross,5-object,6,A photo of a table on the table,data_new/exp/cross/5-object/6.png,0.25194263458251953,0.9596916437149048,0.012323033064603806
exp,cross,5-object,7,A photo of a pen on the table,data_new/exp/cross/5-object/7.png,0.27206388115882874,0.9438462257385254,0.017838692292571068
exp,cross,5-object,8,A photo of a key on the table,data_new/exp/cross/5-object/8.png,0.2787438631057739,0.8415975570678711,0.03305641934275627
exp,cross,5-object,9,A photo of a bag on the table,data_new/exp/cross/5-object/9.png,0.29522860050201416,0.8424299359321594,0.038328010588884354
exp,cross,5-object,10,A photo of a clock on the table,data_new/exp/cross/5-object/10.png,0.28856199979782104,0.779141902923584,0.036125872284173965
exp,cross,6-plants,1,A drawing of a garden filled with roses,data_new/exp/cross/6-plants/1.png,0.31848809123039246,0.9479256868362427,0.02022971212863922
exp,cross,6-plants,2,A drawing of a garden filled with tulips,data_new/exp/cross/6-plants/2.png,0.2988620698451996,0.9033739566802979,0.02926301769912243
exp,cross,6-plants,3,A drawing of a garden filled with daisies,data_new/exp/cross/6-plants/3.png,0.31838682293891907,0.9568458795547485,0.019323954358696938
exp,cross,6-plants,4,A drawing of a garden filled with lavender,data_new/exp/cross/6-plants/4.png,0.32392120361328125,0.7824443578720093,0.05440516769886017
exp,cross,6-plants,5,A drawing of a garden filled with lotus,data_new/exp/cross/6-plants/5.png,0.3650479316711426,0.8029908537864685,0.05329189449548721
exp,cross,6-plants,6,A drawing of a garden filled with orchids,data_new/exp/cross/6-plants/6.png,0.305581271648407,0.9443040490150452,0.027532633394002914
exp,cross,6-plants,7,A drawing of a garden filled with peonies,data_new/exp/cross/6-plants/7.png,0.33230406045913696,0.8926090002059937,0.03487013652920723
exp,cross,6-plants,8,A drawing of a garden filled with violets,data_new/exp/cross/6-plants/8.png,0.31226402521133423,0.9286757111549377,0.027760621160268784
exp,cross,6-plants,9,A drawing of a garden filled with carnations,data_new/exp/cross/6-plants/9.png,0.3069280982017517,0.9562057256698608,0.017930900678038597
exp,cross,6-plants,10,A drawing of a garden filled with hydrangeas,data_new/exp/cross/6-plants/10.png,0.3492635488510132,0.924607515335083,0.039631303399801254
exp,cross,7-text,1,A magazine cover with the headline “FASHION”,data_new/exp/cross/7-text/1.png,0.25538891553878784,0.9219866991043091,0.0056875827722251415
exp,cross,7-text,2,A magazine cover with the headline “DESIGN”,data_new/exp/cross/7-text/2.png,0.25477364659309387,0.8960626125335693,0.018055623397231102
exp,cross,7-text,3,A magazine cover with the headline “TRENDS”,data_new/exp/cross/7-text/3.png,0.24314269423484802,0.9115116596221924,0.01093962974846363
exp,cross,7-text,4,A magazine cover with the headline “BEAUTY”,data_new/exp/cross/7-text/4.png,0.26048216223716736,0.8429844975471497,0.014073209837079048
exp,cross,7-text,5,A magazine cover with the headline “LIFESTYLE”,data_new/exp/cross/7-text/5.png,0.24205830693244934,0.9803857207298279,0.0028497083112597466
exp,cross,7-text,6,A magazine cover with the headline “MODERN”,data_new/exp/cross/7-text/6.png,0.23818334937095642,0.9084608554840088,0.011721477843821049
exp,cross,7-text,7,A magazine cover with the headline “ELEGANCE”,data_new/exp/cross/7-text/7.png,0.2611561715602875,0.8729628324508667,0.007996761240065098
exp,cross,7-text,8,A magazine cover with the headline “GLAMOUR”,data_new/exp/cross/7-text/8.png,0.2554994523525238,0.8333841562271118,0.011484899558126926
exp,cross,7-text,9,A magazine cover with the headline “FEATURES”,data_new/exp/cross/7-text/9.png,0.23588231205940247,0.943222165107727,0.002915794961154461
exp,cross,7-text,10,A magazine cover with the headline “INSPIRE”,data_new/exp/cross/7-text/10.png,0.22475600242614746,0.8796078562736511,0.010664834640920162
exp,cross,8-texture,1,A cup with a rough surface,data_new/exp/cross/8-texture/1.png,0.3051643669605255,0.9840694665908813,0.006232724990695715
exp,cross,8-texture,2,A cup with a shiny surface,data_new/exp/cross/8-texture/2.png,0.30216261744499207,0.9927492737770081,0.005809830967336893
exp,cross,8-texture,3,A cup with a matte surface,data_new/exp/cross/8-texture/3.png,0.30048155784606934,0.9572935104370117,0.029341407120227814
exp,cross,8-texture,4,A cup with a soft surface,data_new/exp/cross/8-texture/4.png,0.30339860916137695,0.9882402420043945,0.004369875881820917
exp,cross,8-texture,5,A cup with a hard surface,data_new/exp/cross/8-texture/5.png,0.29337993264198303,0.9837737679481506,0.006003635935485363
exp,cross,8-texture,6,A cup with a sticky surface,data_new/exp/cross/8-texture/6.png,0.2942957580089569,0.9780141115188599,0.0073853060603141785
exp,cross,8-texture,7,A cup with a wet surface,data_new/exp/cross/8-texture/7.png,0.28565603494644165,0.9738684892654419,0.0040512168779969215
exp,cross,8-texture,8,A cup with a dry surface,data_new/exp/cross/8-texture/8.png,0.28475072979927063,0.9823378324508667,0.0028218019288033247
exp,cross,8-texture,9,A cup with a grainy surface,data_new/exp/cross/8-texture/9.png,0.2992714047431946,0.9794938564300537,0.006569298449903727
exp,cross,8-texture,10,A cup with a fuzzy surface,data_new/exp/cross/8-texture/10.png,0.29808688163757324,0.9874169826507568,0.006920809391885996
exp,cross,9-Transportation,1,A drawing of a boy driving a truck,data_new/exp/cross/9-Transportation/1.png,0.2781561017036438,0.9544895887374878,0.01771770603954792
exp,cross,9-Transportation,2,A drawing of a boy driving a motorcycle,data_new/exp/cross/9-Transportation/2.png,0.3126792907714844,0.7967482805252075,0.02939143031835556
exp,cross,9-Transportation,3,A drawing of a boy driving a bus,data_new/exp/cross/9-Transportation/3.png,0.2797958254814148,0.8984091281890869,0.018808402121067047
exp,cross,9-Transportation,4,A drawing of a boy driving a bicycle,data_new/exp/cross/9-Transportation/4.png,0.32863926887512207,0.760258138179779,0.06130845099687576
exp,cross,9-Transportation,5,A drawing of a boy driving a scooter,data_new/exp/cross/9-Transportation/5.png,0.30623677372932434,0.9147093296051025,0.024304956197738647
exp,cross,9-Transportation,6,A drawing of a boy driving a train,data_new/exp/cross/9-Transportation/6.png,0.3077962398529053,0.8927640318870544,0.04073115438222885
exp,cross,9-Transportation,7,A drawing of a boy driving a submarine,data_new/exp/cross/9-Transportation/7.png,0.330071359872818,0.8228503465652466,0.027037624269723892
exp,cross,9-Transportation,8,A drawing of a boy driving a helicopter,data_new/exp/cross/9-Transportation/8.png,0.29471641778945923,0.9075918197631836,0.028583930805325508
exp,cross,9-Transportation,9,A drawing of a boy driving a jet,data_new/exp/cross/9-Transportation/9.png,0.2869613766670227,0.8773007392883301,0.02924651838839054
exp,cross,9-Transportation,10,A drawing of a boy driving a spaceship,data_new/exp/cross/9-Transportation/10.png,0.2738616466522217,0.931310772895813,0.03165243938565254
quadratic,self,0-animal,1,A photo of a cat riding a bicycle,data_new/quadratic/self/0-animal/1.png,0.3537784814834595,0.8962050080299377,0.00990491546690464
quadratic,self,0-animal,2,A photo of a dog riding a bicycle,data_new/quadratic/self/0-animal/2.png,0.3569294810295105,0.9114211797714233,0.008143503218889236
quadratic,self,0-animal,3,A photo of a lion riding a bicycle,data_new/quadratic/self/0-animal/3.png,0.34462156891822815,0.8861575722694397,0.005847690161317587
quadratic,self,0-animal,4,A photo of a tiger riding a bicycle,data_new/quadratic/self/0-animal/4.png,0.376085489988327,0.8880386352539062,0.014680125750601292
quadratic,self,0-animal,5,A photo of a rabbit riding a bicycle,data_new/quadratic/self/0-animal/5.png,0.38019880652427673,0.8812373280525208,0.018698398023843765
quadratic,self,0-animal,6,A photo of a panda riding a bicycle,data_new/quadratic/self/0-animal/6.png,0.4078330397605896,0.9224289059638977,0.006617535836994648
quadratic,self,0-animal,7,A photo of a fox riding a bicycle,data_new/quadratic/self/0-animal/7.png,0.4000835120677948,0.8939688205718994,0.007639798801392317
quadratic,self,0-animal,8,A photo of a wolf riding a bicycle,data_new/quadratic/self/0-animal/8.png,0.3627438545227051,0.9110363721847534,0.010016745887696743
quadratic,self,0-animal,9,A photo of a monkey riding a bicycle,data_new/quadratic/self/0-animal/9.png,0.3744063079357147,0.9124205112457275,0.007003428880125284
quadratic,self,0-animal,10,A photo of an elephant riding a bicycle,data_new/quadratic/self/0-animal/10.png,0.3450724482536316,0.8714521527290344,0.01201433315873146
quadratic,self,1-clothes,1,A portrait of a woman wearing a jacket,data_new/quadratic/self/1-clothes/1.png,0.29844993352890015,0.9592704176902771,0.00511303311213851
quadratic,self,1-clothes,2,A portrait of a woman wearing a sweater,data_new/quadratic/self/1-clothes/2.png,0.2749752700328827,0.9142138361930847,0.011198370717465878
quadratic,self,1-clothes,3,A portrait of a woman wearing a skirt,data_new/quadratic/self/1-clothes/3.png,0.28360089659690857,0.9816902279853821,0.0022129970602691174
quadratic,self,1-clothes,4,A portrait of a woman wearing a coat,data_new/quadratic/self/1-clothes/4.png,0.3023134768009186,0.9671345949172974,0.006827531382441521
quadratic,self,1-clothes,5,A portrait of a woman wearing a shirt,data_new/quadratic/self/1-clothes/5.png,0.26590126752853394,0.9527694582939148,0.007247512694448233
quadratic,self,1-clothes,6,A portrait of a woman wearing a scarf,data_new/quadratic/self/1-clothes/6.png,0.305350661277771,0.9543328881263733,0.008710995316505432
quadratic,self,1-clothes,7,A portrait of a woman wearing a hoodie,data_new/quadratic/self/1-clothes/7.png,0.2682467997074127,0.9416321516036987,0.009897143580019474
quadratic,self,1-clothes,8,A portrait of a woman wearing a blouse,data_new/quadratic/self/1-clothes/8.png,0.30625027418136597,0.9852155447006226,0.002112340647727251
quadratic,self,1-clothes,9,A portrait of a woman wearing a suit,data_new/quadratic/self/1-clothes/9.png,0.2706294059753418,0.9641185998916626,0.006623757537454367
quadratic,self,1-clothes,10,A portrait of a woman wearing a vest,data_new/quadratic/self/1-clothes/10.png,0.33153706789016724,0.9659641981124878,0.005635486450046301
quadratic,self,2-color,1,A bear holding a red balloon.,data_new/quadratic/self/2-color/1.png,0.33309149742126465,0.9484533667564392,0.008648605085909367
quadratic,self,2-color,2,A bear holding a yellow balloon.,data_new/quadratic/self/2-color/2.png,0.32392534613609314,0.9420909881591797,0.011023025028407574
quadratic,self,2-color,3,A bear holding a black balloon.,data_new/quadratic/self/2-color/3.png,0.32233306765556335,0.9907302856445312,0.0015756330685690045
quadratic,self,2-color,4,A bear holding a pink balloon.,data_new/quadratic/self/2-color/4.png,0.35324859619140625,0.9400632977485657,0.009813820011913776
quadratic,self,2-color,5,A bear holding a white balloon.,data_new/quadratic/self/2-color/5.png,0.32992058992385864,0.9673236608505249,0.0034032247494906187
quadratic,self,2-color,6,A bear holding a green balloon.,data_new/quadratic/self/2-color/6.png,0.31969544291496277,0.9784950017929077,0.0031335128005594015
quadratic,self,2-color,7,A bear holding a purple balloon.,data_new/quadratic/self/2-color/7.png,0.3526121973991394,0.9793587923049927,0.003251322777941823
quadratic,self,2-color,8,A bear holding a orange balloon.,data_new/quadratic/self/2-color/8.png,0.3469054400920868,0.9642004370689392,0.005343451630324125
quadratic,self,2-color,9,A bear holding a gray balloon.,data_new/quadratic/self/2-color/9.png,0.3297500014305115,0.986558198928833,0.00160426355432719
quadratic,self,2-color,10,A bear holding a brown balloon.,data_new/quadratic/self/2-color/10.png,0.3161536455154419,0.9418344497680664,0.01505762618035078
quadratic,self,3-decorates,1,A cake decorated with strawberries,data_new/quadratic/self/3-decorates/1.png,0.303890585899353,0.9223653078079224,0.011088263243436813
quadratic,self,3-decorates,2,A cake decorated with blueberries,data_new/quadratic/self/3-decorates/2.png,0.29772084951400757,0.9422208666801453,0.008878502994775772
quadratic,self,3-decorates,3,A cake decorated with cream,data_new/quadratic/self/3-decorates/3.png,0.295303076505661,0.9437385201454163,0.011326035484671593
quadratic,self,3-decorates,4,A cake decorated with sprinkles,data_new/quadratic/self/3-decorates/4.png,0.3039948642253876,0.944831907749176,0.006917877122759819
quadratic,self,3-decorates,5,A cake decorated with almonds,data_new/quadratic/self/3-decorates/5.png,0.2930625081062317,0.9755057096481323,0.006721473298966885
quadratic,self,3-decorates,6,A cake decorated with cherries,data_new/quadratic/self/3-decorates/6.png,0.30425265431404114,0.9217710494995117,0.007523625623434782
quadratic,self,3-decorates,7,A cake decorated with mints,data_new/quadratic/self/3-decorates/7.png,0.28835850954055786,0.9572857618331909,0.009671271778643131
quadratic,self,3-decorates,8,A cake decorated with macarons,data_new/quadratic/self/3-decorates/8.png,0.29782363772392273,0.9722819328308105,0.007866908796131611
quadratic,self,3-decorates,9,A cake decorated with caramel,data_new/quadratic/self/3-decorates/9.png,0.2902587056159973,0.9657706022262573,0.0044873375445604324
quadratic,self,3-decorates,10,A cake decorated with raspberries,data_new/quadratic/self/3-decorates/10.png,0.31172895431518555,0.9348141551017761,0.010038704611361027
quadratic,self,4-food,1,A painting of a girl holding an apple,data_new/quadratic/self/4-food/1.png,0.3607409596443176,0.8420239686965942,0.014723814092576504
quadratic,self,4-food,2,A painting of a girl holding a grape,data_new/quadratic/self/4-food/2.png,0.34270477294921875,0.819922924041748,0.01647033728659153
quadratic,self,4-food,3,A painting of a girl holding a pineapple,data_new/quadratic/self/4-food/3.png,0.40073713660240173,0.8309363126754761,0.01524703111499548
quadratic,self,4-food,4,A painting of a girl holding a watermelon,data_new/quadratic/self/4-food/4.png,0.36498895287513733,0.9014641642570496,0.008249836973845959
quadratic,self,4-food,5,A painting of a girl holding a mango,data_new/quadratic/self/4-food/5.png,0.3430757522583008,0.8232712745666504,0.007885247468948364
quadratic,self,4-food,6,A painting of a girl holding a strawberry,data_new/quadratic/self/4-food/6.png,0.35100919008255005,0.8266803026199341,0.01399182341992855
quadratic,self,4-food,7,A painting of a girl holding a peach,data_new/quadratic/self/4-food/7.png,0.36259734630584717,0.8508874177932739,0.013543891720473766
quadratic,self,4-food,8,A painting of a girl holding a papaya,data_new/quadratic/self/4-food/8.png,0.3242986500263214,0.8555517792701721,0.004847987089306116
quadratic,self,4-food,9,A painting of a girl holding a kiwi,data_new/quadratic/self/4-food/9.png,0.32925400137901306,0.883025050163269,0.005093222483992577
quadratic,self,4-food,10,A painting of a girl holding an orange,data_new/quadratic/self/4-food/10.png,0.33136922121047974,0.9152883887290955,0.003924468066543341
quadratic,self,5-object,1,A photo of a book on the table,data_new/quadratic/self/5-object/1.png,0.25587359070777893,0.8952502608299255,0.02814282290637493
quadratic,self,5-object,2,A photo of a cup on the table,data_new/quadratic/self/5-object/2.png,0.2519904375076294,0.967289924621582,0.006458659190684557
quadratic,self,5-object,3,A photo of a lamp on the table,data_new/quadratic/self/5-object/3.png,0.28944259881973267,0.9406657218933105,0.0065686991438269615
quadratic,self,5-object,4,A photo of a phone on the table,data_new/quadratic/self/5-object/4.png,0.2659870684146881,0.9045045375823975,0.02113470435142517
quadratic,self,5-object,5,A photo of a chair on the table,data_new/quadratic/self/5-object/5.png,0.2861241102218628,0.9159517288208008,0.01917116716504097
quadratic,self,5-object,6,A photo of a table on the table,data_new/quadratic/self/5-object/6.png,0.25771278142929077,0.9861454367637634,0.004463655408471823
quadratic,self,5-object,7,A photo of a pen on the table,data_new/quadratic/self/5-object/7.png,0.27035945653915405,0.9691487550735474,0.007679206784814596
quadratic,self,5-object,8,A photo of a key on the table,data_new/quadratic/self/5-object/8.png,0.25263711810112,0.941914975643158,0.010810429230332375
quadratic,self,5-object,9,A photo of a bag on the table,data_new/quadratic/self/5-object/9.png,0.29018348455429077,0.8763260245323181,0.02376328408718109
quadratic,self,5-object,10,A photo of a clock on the table,data_new/quadratic/self/5-object/10.png,0.2492227405309677,0.9324668645858765,0.014676053076982498
quadratic,self,6-plants,1,A drawing of a garden filled with roses,data_new/quadratic/self/6-plants/1.png,0.32314732670783997,0.9754830002784729,0.009597955271601677
quadratic,self,6-plants,2,A drawing of a garden filled with tulips,data_new/quadratic/self/6-plants/2.png,0.29883578419685364,0.932403564453125,0.020366208627820015
quadratic,self,6-plants,3,A drawing of a garden filled with daisies,data_new/quadratic/self/6-plants/3.png,0.30804648995399475,0.9766148328781128,0.01024982612580061
quadratic,self,6-plants,4,A drawing of a garden filled with lavender,data_new/quadratic/self/6-plants/4.png,0.31322282552719116,0.8556488752365112,0.04174942895770073
quadratic,self,6-plants,5,A drawing of a garden filled with lotus,data_new/quadratic/self/6-plants/5.png,0.2997483015060425,0.9272167682647705,0.015619924291968346
quadratic,self,6-plants,6,A drawing of a garden filled with orchids,data_new/quadratic/self/6-plants/6.png,0.2866405248641968,0.945482611656189,0.015959259122610092
quadratic,self,6-plants,7,A drawing of a garden filled with peonies,data_new/quadratic/self/6-plants/7.png,0.3160061836242676,0.9643910527229309,0.01171660516411066
quadratic,self,6-plants,8,A drawing of a garden filled with violets,data_new/quadratic/self/6-plants/8.png,0.3046111464500427,0.9517735242843628,0.01464858464896679
quadratic,self,6-plants,9,A drawing of a garden filled with carnations,data_new/quadratic/self/6-plants/9.png,0.31222063302993774,0.9762520790100098,0.008704219944775105
quadratic,self,6-plants,10,A drawing of a garden filled with hydrangeas,data_new/quadratic/self/6-plants/10.png,0.3455597758293152,0.9482265710830688,0.015614946372807026
quadratic,self,7-text,1,A magazine cover with the headline “FASHION”,data_new/quadratic/self/7-text/1.png,0.25219786167144775,0.9593384265899658,0.0009277333738282323
quadratic,self,7-text,2,A magazine cover with the headline “DESIGN”,data_new/quadratic/self/7-text/2.png,0.2499343454837799,0.9756518006324768,0.002165654907003045
quadratic,self,7-text,3,A magazine cover with the headline “TRENDS”,data_new/quadratic/self/7-text/3.png,0.2507903575897217,0.9913066029548645,0.0006145047955214977
quadratic,self,7-text,4,A magazine cover with the headline “BEAUTY”,data_new/quadratic/self/7-text/4.png,0.2594126760959625,0.889777421951294,0.005459746345877647
quadratic,self,7-text,5,A magazine cover with the headline “LIFESTYLE”,data_new/quadratic/self/7-text/5.png,0.23932215571403503,0.9885401725769043,0.0008236324065364897
quadratic,self,7-text,6,A magazine cover with the headline “MODERN”,data_new/quadratic/self/7-text/6.png,0.2518478333950043,0.9831922650337219,0.0010610297322273254
quadratic,self,7-text,7,A magazine cover with the headline “ELEGANCE”,data_new/quadratic/self/7-text/7.png,0.2611883282661438,0.9561951160430908,0.0020531846676021814
quadratic,self,7-text,8,A magazine cover with the headline “GLAMOUR”,data_new/quadratic/self/7-text/8.png,0.25221726298332214,0.935085654258728,0.0038797196466475725
quadratic,self,7-text,9,A magazine cover with the headline “FEATURES”,data_new/quadratic/self/7-text/9.png,0.2394530326128006,0.9843370318412781,0.0007976877386681736
quadratic,self,7-text,10,A magazine cover with the headline “INSPIRE”,data_new/quadratic/self/7-text/10.png,0.23281371593475342,0.9846158027648926,0.0010714763775467873
quadratic,self,8-texture,1,A cup with a rough surface,data_new/quadratic/self/8-texture/1.png,0.3011869788169861,0.9869335889816284,0.004015794023871422
quadratic,self,8-texture,2,A cup with a shiny surface,data_new/quadratic/self/8-texture/2.png,0.3020353615283966,0.9968109130859375,0.0017984462901949883
quadratic,self,8-texture,3,A cup with a matte surface,data_new/quadratic/self/8-texture/3.png,0.294650137424469,0.9830322265625,0.006069572176784277
quadratic,self,8-texture,4,A cup with a soft surface,data_new/quadratic/self/8-texture/4.png,0.3038935363292694,0.9946480989456177,0.0017260618042200804
quadratic,self,8-texture,5,A cup with a hard surface,data_new/quadratic/self/8-texture/5.png,0.2938825488090515,0.990946888923645,0.002401874167844653
quadratic,self,8-texture,6,A cup with a sticky surface,data_new/quadratic/self/8-texture/6.png,0.29451605677604675,0.9853357076644897,0.004492260981351137
quadratic,self,8-texture,7,A cup with a wet surface,data_new/quadratic/self/8-texture/7.png,0.29089558124542236,0.9931823015213013,0.001204233500175178
quadratic,self,8-texture,8,A cup with a dry surface,data_new/quadratic/self/8-texture/8.png,0.28895390033721924,0.9934213161468506,0.001093780156224966
quadratic,self,8-texture,9,A cup with a grainy surface,data_new/quadratic/self/8-texture/9.png,0.2941948473453522,0.9890303611755371,0.0041263834573328495
quadratic,self,8-texture,10,A cup with a fuzzy surface,data_new/quadratic/self/8-texture/10.png,0.2938690185546875,0.9934002757072449,0.0023484393022954464
quadratic,self,9-Transportation,1,A drawing of a boy driving a truck,data_new/quadratic/self/9-Transportation/1.png,0.27085915207862854,0.9780194759368896,0.003254721174016595
quadratic,self,9-Transportation,2,A drawing of a boy driving a motorcycle,data_new/quadratic/self/9-Transportation/2.png,0.28015267848968506,0.9008839130401611,0.010136322118341923
quadratic,self,9-Transportation,3,A drawing of a boy driving a bus,data_new/quadratic/self/9-Transportation/3.png,0.2762354612350464,0.9333290457725525,0.004882585722953081
quadratic,self,9-Transportation,4,A drawing of a boy driving a bicycle,data_new/quadratic/self/9-Transportation/4.png,0.31664925813674927,0.8947331309318542,0.014553975313901901
quadratic,self,9-Transportation,5,A drawing of a boy driving a scooter,data_new/quadratic/self/9-Transportation/5.png,0.2535329759120941,0.9775400161743164,0.0058317286893725395
quadratic,self,9-Transportation,6,A drawing of a boy driving a train,data_new/quadratic/self/9-Transportation/6.png,0.3154144287109375,0.9079235792160034,0.007552178110927343
quadratic,self,9-Transportation,7,A drawing of a boy driving a submarine,data_new/quadratic/self/9-Transportation/7.png,0.33076152205467224,0.9123967885971069,0.010938731022179127
quadratic,self,9-Transportation,8,A drawing of a boy driving a helicopter,data_new/quadratic/self/9-Transportation/8.png,0.2911231219768524,0.9662770628929138,0.008189168758690357
quadratic,self,9-Transportation,9,A drawing of a boy driving a jet,data_new/quadratic/self/9-Transportation/9.png,0.27795642614364624,0.9891456365585327,0.0062736207619309425
quadratic,self,9-Transportation,10,A drawing of a boy driving a spaceship,data_new/quadratic/self/9-Transportation/10.png,0.2677716612815857,0.991374135017395,0.00404228875413537
quadratic,cross,0-animal,1,A photo of a cat riding a bicycle,data_new/quadratic/cross/0-animal/1.png,0.3527057468891144,0.9252728819847107,0.01960339955985546
quadratic,cross,0-animal,2,A photo of a dog riding a bicycle,data_new/quadratic/cross/0-animal/2.png,0.3329881429672241,0.9355739951133728,0.01647374778985977
quadratic,cross,0-animal,3,A photo of a lion riding a bicycle,data_new/quadratic/cross/0-animal/3.png,0.333475798368454,0.9128323793411255,0.012092819437384605
quadratic,cross,0-animal,4,A photo of a tiger riding a bicycle,data_new/quadratic/cross/0-animal/4.png,0.3668813109397888,0.8865797519683838,0.011016522534191608
quadratic,cross,0-animal,5,A photo of a rabbit riding a bicycle,data_new/quadratic/cross/0-animal/5.png,0.3759891390800476,0.8712706565856934,0.022534776479005814
quadratic,cross,0-animal,6,A photo of a panda riding a bicycle,data_new/quadratic/cross/0-animal/6.png,0.4035186767578125,0.94242924451828,0.009355304762721062
quadratic,cross,0-animal,7,A photo of a fox riding a bicycle,data_new/quadratic/cross/0-animal/7.png,0.38235679268836975,0.9052844047546387,0.019608793780207634
quadratic,cross,0-animal,8,A photo of a wolf riding a bicycle,data_new/quadratic/cross/0-animal/8.png,0.3492397367954254,0.9305449724197388,0.01621428318321705
quadratic,cross,0-animal,9,A photo of a monkey riding a bicycle,data_new/quadratic/cross/0-animal/9.png,0.35861051082611084,0.9047794342041016,0.009395383298397064
quadratic,cross,0-animal,10,A photo of an elephant riding a bicycle,data_new/quadratic/cross/0-animal/10.png,0.3375784158706665,0.8789407014846802,0.010619830340147018
quadratic,cross,1-clothes,1,A portrait of a woman wearing a jacket,data_new/quadratic/cross/1-clothes/1.png,0.29686275124549866,0.9722628593444824,0.008620715700089931
quadratic,cross,1-clothes,2,A portrait of a woman wearing a sweater,data_new/quadratic/cross/1-clothes/2.png,0.288817822933197,0.9446354508399963,0.01365424320101738
quadratic,cross,1-clothes,3,A portrait of a woman wearing a skirt,data_new/quadratic/cross/1-clothes/3.png,0.28332585096359253,0.9784421920776367,0.0031828342471271753
quadratic,cross,1-clothes,4,A portrait of a woman wearing a coat,data_new/quadratic/cross/1-clothes/4.png,0.3031889498233795,0.9675450325012207,0.009390756487846375
quadratic,cross,1-clothes,5,A portrait of a woman wearing a shirt,data_new/quadratic/cross/1-clothes/5.png,0.26871731877326965,0.9526722431182861,0.010587872937321663
quadratic,cross,1-clothes,6,A portrait of a woman wearing a scarf,data_new/quadratic/cross/1-clothes/6.png,0.30163130164146423,0.9799484014511108,0.0083534587174654
quadratic,cross,1-clothes,7,A portrait of a woman wearing a hoodie,data_new/quadratic/cross/1-clothes/7.png,0.25801271200180054,0.9205087423324585,0.014968138188123703
quadratic,cross,1-clothes,8,A portrait of a woman wearing a blouse,data_new/quadratic/cross/1-clothes/8.png,0.2949139475822449,0.985368013381958,0.0056574721820652485
quadratic,cross,1-clothes,9,A portrait of a woman wearing a suit,data_new/quadratic/cross/1-clothes/9.png,0.2731543481349945,0.9609580039978027,0.00949519407004118
quadratic,cross,1-clothes,10,A portrait of a woman wearing a vest,data_new/quadratic/cross/1-clothes/10.png,0.33025917410850525,0.9628778696060181,0.008748273365199566
quadratic,cross,2-color,1,A bear holding a red balloon.,data_new/quadratic/cross/2-color/1.png,0.33421385288238525,0.9491298794746399,0.009565248154103756
quadratic,cross,2-color,2,A bear holding a yellow balloon.,data_new/quadratic/cross/2-color/2.png,0.3285059928894043,0.9604673981666565,0.008417665027081966
quadratic,cross,2-color,3,A bear holding a black balloon.,data_new/quadratic/cross/2-color/3.png,0.32061243057250977,0.9913431406021118,0.0016255498630926013
quadratic,cross,2-color,4,A bear holding a pink balloon.,data_new/quadratic/cross/2-color/4.png,0.35235878825187683,0.9430360794067383,0.009119595400989056
quadratic,cross,2-color,5,A bear holding a white balloon.,data_new/quadratic/cross/2-color/5.png,0.3338569104671478,0.9751236438751221,0.0038542484398931265
quadratic,cross,2-color,6,A bear holding a green balloon.,data_new/quadratic/cross/2-color/6.png,0.32031166553497314,0.9774421453475952,0.003366557415574789
quadratic,cross,2-color,7,A bear holding a purple balloon.,data_new/quadratic/cross/2-color/7.png,0.3572470247745514,0.9749801754951477,0.00560566782951355
quadratic,cross,2-color,8,A bear holding a orange balloon.,data_new/quadratic/cross/2-color/8.png,0.34215933084487915,0.9602123498916626,0.005765953101217747
quadratic,cross,2-color,9,A bear holding a gray balloon.,data_new/quadratic/cross/2-color/9.png,0.32767507433891296,0.988843560218811,0.002187780337408185
quadratic,cross,2-color,10,A bear holding a brown balloon.,data_new/quadratic/cross/2-color/10.png,0.32024818658828735,0.9480115175247192,0.011097989976406097
quadratic,cross,3-decorates,1,A cake decorated with strawberries,data_new/quadratic/cross/3-decorates/1.png,0.30195093154907227,0.9206309914588928,0.014441771432757378
quadratic,cross,3-decorates,2,A cake decorated with blueberries,data_new/quadratic/cross/3-decorates/2.png,0.2966756820678711,0.9321938157081604,0.012042335234582424
quadratic,cross,3-decorates,3,A cake decorated with cream,data_new/quadratic/cross/3-decorates/3.png,0.2933032512664795,0.9493512511253357,0.017166364938020706
quadratic,cross,3-decorates,4,A cake decorated with sprinkles,data_new/quadratic/cross/3-decorates/4.png,0.3067304491996765,0.9387415647506714,0.010053727775812149
quadratic,cross,3-decorates,5,A cake decorated with almonds,data_new/quadratic/cross/3-decorates/5.png,0.2965549826622009,0.9522034525871277,0.010421376675367355
quadratic,cross,3-decorates,6,A cake decorated with cherries,data_new/quadratic/cross/3-decorates/6.png,0.30545181035995483,0.9073136448860168,0.010908840224146843
quadratic,cross,3-decorates,7,A cake decorated with mints,data_new/quadratic/cross/3-decorates/7.png,0.287691205739975,0.9605237245559692,0.014309153892099857
quadratic,cross,3-decorates,8,A cake decorated with macarons,data_new/quadratic/cross/3-decorates/8.png,0.2782662510871887,0.9533205032348633,0.010265087708830833
quadratic,cross,3-decorates,9,A cake decorated with caramel,data_new/quadratic/cross/3-decorates/9.png,0.29161742329597473,0.955065131187439,0.00762345502153039
quadratic,cross,3-decorates,10,A cake decorated with raspberries,data_new/quadratic/cross/3-decorates/10.png,0.31523120403289795,0.9039348363876343,0.011192814446985722
quadratic,cross,4-food,1,A painting of a girl holding an apple,data_new/quadratic/cross/4-food/1.png,0.3619984984397888,0.8219159245491028,0.020704947412014008
quadratic,cross,4-food,2,A painting of a girl holding a grape,data_new/quadratic/cross/4-food/2.png,0.31827685236930847,0.810891330242157,0.020117485895752907
quadratic,cross,4-food,3,A painting of a girl holding a pineapple,data_new/quadratic/cross/4-food/3.png,0.35112208127975464,0.8385226130485535,0.016579952090978622
quadratic,cross,4-food,4,A painting of a girl holding a watermelon,data_new/quadratic/cross/4-food/4.png,0.36669647693634033,0.8813676834106445,0.015852494165301323
quadratic,cross,4-food,5,A painting of a girl holding a mango,data_new/quadratic/cross/4-food/5.png,0.34233400225639343,0.8829699754714966,0.014167308807373047
quadratic,cross,4-food,6,A painting of a girl holding a strawberry,data_new/quadratic/cross/4-food/6.png,0.3409014344215393,0.8318703174591064,0.019398724660277367
quadratic,cross,4-food,7,A painting of a girl holding a peach,data_new/quadratic/cross/4-food/7.png,0.35403501987457275,0.83187335729599,0.01776876486837864
quadratic,cross,4-food,8,A painting of a girl holding a papaya,data_new/quadratic/cross/4-food/8.png,0.33087313175201416,0.8600534200668335,0.013571251183748245
quadratic,cross,4-food,9,A painting of a girl holding a kiwi,data_new/quadratic/cross/4-food/9.png,0.3144568204879761,0.8775578141212463,0.011668925173580647
quadratic,cross,4-food,10,A painting of a girl holding an orange,data_new/quadratic/cross/4-food/10.png,0.32835400104522705,0.8644485473632812,0.013352109119296074
quadratic,cross,5-object,1,A photo of a book on the table,data_new/quadratic/cross/5-object/1.png,0.25446340441703796,0.8969905376434326,0.03554638847708702
quadratic,cross,5-object,2,A photo of a cup on the table,data_new/quadratic/cross/5-object/2.png,0.2800678610801697,0.9111995100975037,0.020238997414708138
quadratic,cross,5-object,3,A photo of a lamp on the table,data_new/quadratic/cross/5-object/3.png,0.28995126485824585,0.907069206237793,0.008828714489936829
quadratic,cross,5-object,4,A photo of a phone on the table,data_new/quadratic/cross/5-object/4.png,0.26584285497665405,0.8369397521018982,0.03103575110435486
quadratic,cross,5-object,5,A photo of a chair on the table,data_new/quadratic/cross/5-object/5.png,0.2867942750453949,0.8981575965881348,0.02377888932824135
quadratic,cross,5-object,6,A photo of a table on the table,data_new/quadratic/cross/5-object/6.png,0.25773048400878906,0.9704939126968384,0.008516793139278889
quadratic,cross,5-object,7,A photo of a pen on the table,data_new/quadratic/cross/5-object/7.png,0.26987436413764954,0.9568073749542236,0.0135831069201231
quadratic,cross,5-object,8,A photo of a key on the table,data_new/quadratic/cross/5-object/8.png,0.2691374719142914,0.8647449016571045,0.026595408096909523
quadratic,cross,5-object,9,A photo of a bag on the table,data_new/quadratic/cross/5-object/9.png,0.2902343273162842,0.8741024732589722,0.02486097812652588
quadratic,cross,5-object,10,A photo of a clock on the table,data_new/quadratic/cross/5-object/10.png,0.2724199891090393,0.8885095715522766,0.021301522850990295
quadratic,cross,6-plants,1,A drawing of a garden filled with roses,data_new/quadratic/cross/6-plants/1.png,0.3187893033027649,0.955847442150116,0.01945452205836773
quadratic,cross,6-plants,2,A drawing of a garden filled with tulips,data_new/quadratic/cross/6-plants/2.png,0.30572402477264404,0.9041627049446106,0.022568916901946068
quadratic,cross,6-plants,3,A drawing of a garden filled with daisies,data_new/quadratic/cross/6-plants/3.png,0.3109148144721985,0.9640800952911377,0.017872095108032227
quadratic,cross,6-plants,4,A drawing of a garden filled with lavender,data_new/quadratic/cross/6-plants/4.png,0.28274816274642944,0.9169977903366089,0.02935601770877838
quadratic,cross,6-plants,5,A drawing of a garden filled with lotus,data_new/quadratic/cross/6-plants/5.png,0.30026775598526,0.9110208749771118,0.02510305866599083
quadratic,cross,6-plants,6,A drawing of a garden filled with orchids,data_new/quadratic/cross/6-plants/6.png,0.3124401569366455,0.949836254119873,0.026503367349505424
quadratic,cross,6-plants,7,A drawing of a garden filled with peonies,data_new/quadratic/cross/6-plants/7.png,0.3370320200920105,0.9569640755653381,0.019362900406122208
quadratic,cross,6-plants,8,A drawing of a garden filled with violets,data_new/quadratic/cross/6-plants/8.png,0.3121059238910675,0.9484502077102661,0.022136090323328972
quadratic,cross,6-plants,9,A drawing of a garden filled with carnations,data_new/quadratic/cross/6-plants/9.png,0.3103604316711426,0.9558073282241821,0.013658611103892326
quadratic,cross,6-plants,10,A drawing of a garden filled with hydrangeas,data_new/quadratic/cross/6-plants/10.png,0.3458704650402069,0.943393349647522,0.022856302559375763
quadratic,cross,7-text,1,A magazine cover with the headline “FASHION”,data_new/quadratic/cross/7-text/1.png,0.2503036856651306,0.9581688642501831,0.0010390101233497262
quadratic,cross,7-text,2,A magazine cover with the headline “DESIGN”,data_new/quadratic/cross/7-text/2.png,0.24896475672721863,0.9490315914154053,0.004893656354397535
quadratic,cross,7-text,3,A magazine cover with the headline “TRENDS”,data_new/quadratic/cross/7-text/3.png,0.2534559667110443,0.9864088296890259,0.001669648103415966
quadratic,cross,7-text,4,A magazine cover with the headline “BEAUTY”,data_new/quadratic/cross/7-text/4.png,0.2550280690193176,0.888435959815979,0.007954619824886322
quadratic,cross,7-text,5,A magazine cover with the headline “LIFESTYLE”,data_new/quadratic/cross/7-text/5.png,0.23927746713161469,0.9861786365509033,0.0011049906024709344
quadratic,cross,7-text,6,A magazine cover with the headline “MODERN”,data_new/quadratic/cross/7-text/6.png,0.25260820984840393,0.9846458435058594,0.0017825171817094088
quadratic,cross,7-text,7,A magazine cover with the headline “ELEGANCE”,data_new/quadratic/cross/7-text/7.png,0.2572627663612366,0.9490980505943298,0.002545880153775215
quadratic,cross,7-text,8,A magazine cover with the headline “GLAMOUR”,data_new/quadratic/cross/7-text/8.png,0.2563749849796295,0.9114603996276855,0.004917981568723917
quadratic,cross,7-text,9,A magazine cover with the headline “FEATURES”,data_new/quadratic/cross/7-text/9.png,0.24234336614608765,0.980222225189209,0.0011006022104993463
quadratic,cross,7-text,10,A magazine cover with the headline “INSPIRE”,data_new/quadratic/cross/7-text/10.png,0.23594221472740173,0.9800559878349304,0.0012971926480531693
quadratic,cross,8-texture,1,A cup with a rough surface,data_new/quadratic/cross/8-texture/1.png,0.3034510910511017,0.9853056073188782,0.004741090815514326
quadratic,cross,8-texture,2,A cup with a shiny surface,data_new/quadratic/cross/8-texture/2.png,0.3040633201599121,0.9931773543357849,0.0040352800861001015
quadratic,cross,8-texture,3,A cup with a matte surface,data_new/quadratic/cross/8-texture/3.png,0.29865315556526184,0.9835208654403687,0.0073134941048920155
quadratic,cross,8-texture,4,A cup with a soft surface,data_new/quadratic/cross/8-texture/4.png,0.3043171763420105,0.9925695061683655,0.003356338944286108
quadratic,cross,8-texture,5,A cup with a hard surface,data_new/quadratic/cross/8-texture/5.png,0.29531365633010864,0.9903477430343628,0.004238781053572893
quadratic,cross,8-texture,6,A cup with a sticky surface,data_new/quadratic/cross/8-texture/6.png,0.29246604442596436,0.9810845851898193,0.006080939434468746
quadratic,cross,8-texture,7,A cup with a wet surface,data_new/quadratic/cross/8-texture/7.png,0.2873927354812622,0.9853955507278442,0.002425751183182001
quadratic,cross,8-texture,8,A cup with a dry surface,data_new/quadratic/cross/8-texture/8.png,0.28671300411224365,0.9854334592819214,0.0018519609002396464
quadratic,cross,8-texture,9,A cup with a grainy surface,data_new/quadratic/cross/8-texture/9.png,0.29519006609916687,0.9803181290626526,0.006355924066156149
quadratic,cross,8-texture,10,A cup with a fuzzy surface,data_new/quadratic/cross/8-texture/10.png,0.2961994707584381,0.9929004311561584,0.0038097419310361147
quadratic,cross,9-Transportation,1,A drawing of a boy driving a truck,data_new/quadratic/cross/9-Transportation/1.png,0.27503466606140137,0.9538245797157288,0.01641780510544777
quadratic,cross,9-Transportation,2,A drawing of a boy driving a motorcycle,data_new/quadratic/cross/9-Transportation/2.png,0.3150952458381653,0.8198058605194092,0.021376673132181168
quadratic,cross,9-Transportation,3,A drawing of a boy driving a bus,data_new/quadratic/cross/9-Transportation/3.png,0.27009332180023193,0.9210724830627441,0.012521660886704922
quadratic,cross,9-Transportation,4,A drawing of a boy driving a bicycle,data_new/quadratic/cross/9-Transportation/4.png,0.34414738416671753,0.7806463241577148,0.05335897207260132
quadratic,cross,9-Transportation,5,A drawing of a boy driving a scooter,data_new/quadratic/cross/9-Transportation/5.png,0.2608347535133362,0.9555578827857971,0.015220457687973976
quadratic,cross,9-Transportation,6,A drawing of a boy driving a train,data_new/quadratic/cross/9-Transportation/6.png,0.3042779266834259,0.9048957824707031,0.015560377389192581
quadratic,cross,9-Transportation,7,A drawing of a boy driving a submarine,data_new/quadratic/cross/9-Transportation/7.png,0.3181239366531372,0.92215895652771,0.020035790279507637
quadratic,cross,9-Transportation,8,A drawing of a boy driving a helicopter,data_new/quadratic/cross/9-Transportation/8.png,0.2708258032798767,0.945553183555603,0.01965225674211979
quadratic,cross,9-Transportation,9,A drawing of a boy driving a jet,data_new/quadratic/cross/9-Transportation/9.png,0.27016690373420715,0.9462281465530396,0.015367191284894943
quadratic,cross,9-Transportation,10,A drawing of a boy driving a spaceship,data_new/quadratic/cross/9-Transportation/10.png,0.2689717411994934,0.9668879508972168,0.013272091746330261
