method,attention,type,prompt_index,prompt_text,image_path,clip_new_prompt_sim,clip_old_image_sim,dino_struct_dist
baseline,none,0-animal,1,A photo of a cat riding a bicycle,data/baseline/0-animal/1.png,0.3173765540122986,0.8938661813735962,0.035309046506881714
baseline,none,0-animal,2,A photo of a dog riding a bicycle,data/baseline/0-animal/2.png,0.2611497640609741,0.7673976421356201,0.03335524722933769
baseline,none,0-animal,3,A photo of a lion riding a bicycle,data/baseline/0-animal/3.png,0.32184478640556335,0.8656461834907532,0.03646610304713249
baseline,none,0-animal,4,A photo of a tiger riding a bicycle,data/baseline/0-animal/4.png,0.37594708800315857,0.85176682472229,0.020763596519827843
baseline,none,0-animal,5,A photo of a rabbit riding a bicycle,data/baseline/0-animal/5.png,0.3485037088394165,0.7759872674942017,0.07491740584373474
baseline,none,0-animal,6,A photo of a panda riding a bicycle,data/baseline/0-animal/6.png,0.28831857442855835,0.8106003403663635,0.05347635969519615
baseline,none,0-animal,7,A photo of a fox riding a bicycle,data/baseline/0-animal/7.png,0.33259060978889465,0.8871222138404846,0.03304667770862579
baseline,none,0-animal,8,A photo of a wolf riding a bicycle,data/baseline/0-animal/8.png,0.3405149579048157,0.8966403603553772,0.02675831876695156
baseline,none,0-animal,9,A photo of a monkey riding a bicycle,data/baseline/0-animal/9.png,0.38198122382164,0.8006747364997864,0.04343371465802193
baseline,none,0-animal,10,A photo of an elephant riding a bicycle,data/baseline/0-animal/10.png,0.3083654046058655,0.776106595993042,0.05665392056107521
baseline,none,1-clothes,1,A portrait of a woman wearing a jacket,data/baseline/1-clothes/1.png,0.2893173098564148,0.8296672701835632,0.03867368400096893
baseline,none,1-clothes,2,A portrait of a woman wearing a sweater,data/baseline/1-clothes/2.png,0.3148139715194702,0.7497679591178894,0.07852748036384583
baseline,none,1-clothes,3,A portrait of a woman wearing a skirt,data/baseline/1-clothes/3.png,0.25583624839782715,0.7465548515319824,0.07348480820655823
baseline,none,1-clothes,4,A portrait of a woman wearing a coat,data/baseline/1-clothes/4.png,0.2500513792037964,0.6667137742042542,0.07754097878932953
baseline,none,1-clothes,5,A portrait of a woman wearing a shirt,data/baseline/1-clothes/5.png,0.24101005494594574,0.8255853652954102,0.05280334874987602
baseline,none,1-clothes,6,A portrait of a woman wearing a scarf,data/baseline/1-clothes/6.png,0.3686193823814392,0.8791952133178711,0.041313935071229935
baseline,none,1-clothes,7,A portrait of a woman wearing a hoodie,data/baseline/1-clothes/7.png,0.31208500266075134,0.5900651812553406,0.09057147055864334
baseline,none,1-clothes,8,A portrait of a woman wearing a blouse,data/baseline/1-clothes/8.png,0.2910665273666382,0.9147893786430359,0.02646489627659321
baseline,none,1-clothes,9,A portrait of a woman wearing a suit,data/baseline/1-clothes/9.png,0.28767019510269165,0.7247061729431152,0.03896765783429146
baseline,none,1-clothes,10,A portrait of a woman wearing a vest,data/baseline/1-clothes/10.png,0.2701767683029175,0.7724504470825195,0.048859141767024994
baseline,none,2-color,1,A bear holding a red balloon.,data/baseline/2-color/1.png,0.3573262095451355,0.8461952209472656,0.18451747298240662
baseline,none,2-color,2,A bear holding a yellow balloon.,data/baseline/2-color/2.png,0.38840436935424805,0.8380812406539917,0.14378631114959717
baseline,none,2-color,3,A bear holding a black balloon.,data/baseline/2-color/3.png,0.3712817430496216,0.8250296711921692,0.12607291340827942
baseline,none,2-color,4,A bear holding a pink balloon.,data/baseline/2-color/4.png,0.35622692108154297,0.8991303443908691,0.17549283802509308
baseline,none,2-color,5,A bear holding a white balloon.,data/baseline/2-color/5.png,0.32535791397094727,0.9001822471618652,0.11529988795518875
baseline,none,2-color,6,A bear holding a green balloon.,data/baseline/2-color/6.png,0.3405967950820923,0.9003441333770752,0.1172967478632927
baseline,none,2-color,7,A bear holding a purple balloon.,data/baseline/2-color/7.png,0.35172441601753235,0.9109395742416382,0.14189773797988892
baseline,none,2-color,8,A bear holding a orange balloon.,data/baseline/2-color/8.png,0.3601686954498291,0.8841513991355896,0.20818176865577698
baseline,none,2-color,9,A bear holding a gray balloon.,data/baseline/2-color/9.png,0.34301626682281494,0.8932747840881348,0.07962668687105179
baseline,none,2-color,10,A bear holding a brown balloon.,data/baseline/2-color/10.png,0.35776662826538086,0.8988063931465149,0.11005660891532898
baseline,none,3-decorates,1,A cake decorated with strawberries,data/baseline/3-decorates/1.png,0.32522153854370117,0.8230154514312744,0.07891352474689484
baseline,none,3-decorates,2,A cake decorated with blueberries,data/baseline/3-decorates/2.png,0.3226284980773926,0.9033557772636414,0.057645898312330246
baseline,none,3-decorates,3,A cake decorated with cream,data/baseline/3-decorates/3.png,0.2919020652770996,0.8156152963638306,0.089295394718647
baseline,none,3-decorates,4,A cake decorated with sprinkles,data/baseline/3-decorates/4.png,0.34311747550964355,0.8276561498641968,0.08735975623130798
baseline,none,3-decorates,5,A cake decorated with almonds,data/baseline/3-decorates/5.png,0.33979856967926025,0.7950832843780518,0.08584153652191162
baseline,none,3-decorates,6,A cake decorated with cherries,data/baseline/3-decorates/6.png,0.35125672817230225,0.8661225438117981,0.07666584849357605
baseline,none,3-decorates,7,A cake decorated with mints,data/baseline/3-decorates/7.png,0.318544864654541,0.7783679366111755,0.11597107350826263
baseline,none,3-decorates,8,A cake decorated with macarons,data/baseline/3-decorates/8.png,0.3449884057044983,0.8617672920227051,0.08627855777740479
baseline,none,3-decorates,9,A cake decorated with caramel,data/baseline/3-decorates/9.png,0.2989463806152344,0.795348584651947,0.1062822937965393
baseline,none,3-decorates,10,A cake decorated with raspberries,data/baseline/3-decorates/10.png,0.291059672832489,0.8684983253479004,0.08506684750318527
baseline,none,4-food,1,A painting of a girl holding an apple,data/baseline/4-food/1.png,0.365550696849823,0.7746482491493225,0.06696577370166779
baseline,none,4-food,2,A painting of a girl holding a grape,data/baseline/4-food/2.png,0.3840048015117645,0.7316033840179443,0.0757480040192604
baseline,none,4-food,3,A painting of a girl holding a pineapple,data/baseline/4-food/3.png,0.40477216243743896,0.7570801973342896,0.07400427758693695
baseline,none,4-food,4,A painting of a girl holding a watermelon,data/baseline/4-food/4.png,0.37047484517097473,0.7878807783126831,0.06047153100371361
baseline,none,4-food,5,A painting of a girl holding a mango,data/baseline/4-food/5.png,0.33256080746650696,0.7123165130615234,0.058875322341918945
baseline,none,4-food,6,A painting of a girl holding a strawberry,data/baseline/4-food/6.png,0.3806087374687195,0.7515790462493896,0.06629389524459839
baseline,none,4-food,7,A painting of a girl holding a peach,data/baseline/4-food/7.png,0.3608173727989197,0.8156791925430298,0.07582329213619232
baseline,none,4-food,8,A painting of a girl holding a papaya,data/baseline/4-food/8.png,0.34705299139022827,0.7899304628372192,0.048122622072696686
baseline,none,4-food,9,A painting of a girl holding a kiwi,data/baseline/4-food/9.png,0.31602734327316284,0.7296422719955444,0.0601886548101902
baseline,none,4-food,10,A painting of a girl holding an orange,data/baseline/4-food/10.png,0.3608320653438568,0.8044480085372925,0.06910143047571182
baseline,none,5-object,1,A photo of a book on the table,data/baseline/5-object/1.png,0.2519203722476959,0.8532941937446594,0.09137428551912308
baseline,none,5-object,2,A photo of a cup on the table,data/baseline/5-object/2.png,0.31619927287101746,0.811455249786377,0.11296424269676208
baseline,none,5-object,3,A photo of a lamp on the table,data/baseline/5-object/3.png,0.3049667775630951,0.8474729061126709,0.10331378877162933
baseline,none,5-object,4,A photo of a phone on the table,data/baseline/5-object/4.png,0.3233893811702728,0.644108772277832,0.12122882902622223
baseline,none,5-object,5,A photo of a chair on the table,data/baseline/5-object/5.png,0.30054420232772827,0.8145776987075806,0.08442305028438568
baseline,none,5-object,6,A photo of a table on the table,data/baseline/5-object/6.png,0.25754672288894653,0.7215009927749634,0.14235159754753113
baseline,none,5-object,7,A photo of a pen on the table,data/baseline/5-object/7.png,0.29001903533935547,0.8217986226081848,0.22472666203975677
baseline,none,5-object,8,A photo of a key on the table,data/baseline/5-object/8.png,0.28279924392700195,0.7065210342407227,0.15371938049793243
baseline,none,5-object,9,A photo of a bag on the table,data/baseline/5-object/9.png,0.2950446307659149,0.8138602375984192,0.07259783893823624
baseline,none,5-object,10,A photo of a clock on the table,data/baseline/5-object/10.png,0.28507110476493835,0.6881165504455566,0.13682569563388824
baseline,none,6-plants,1,A drawing of a garden filled with roses,data/baseline/6-plants/1.png,0.3205026090145111,0.7579495906829834,0.09264034777879715
baseline,none,6-plants,2,A drawing of a garden filled with tulips,data/baseline/6-plants/2.png,0.27611756324768066,0.8426586389541626,0.0417272113263607
baseline,none,6-plants,3,A drawing of a garden filled with daisies,data/baseline/6-plants/3.png,0.3534715175628662,0.874672532081604,0.07367376983165741
baseline,none,6-plants,4,A drawing of a garden filled with lavender,data/baseline/6-plants/4.png,0.28637611865997314,0.7499993443489075,0.08558741956949234
baseline,none,6-plants,5,A drawing of a garden filled with lotus,data/baseline/6-plants/5.png,0.3319244086742401,0.7665989398956299,0.097134530544281
baseline,none,6-plants,6,A drawing of a garden filled with orchids,data/baseline/6-plants/6.png,0.27546340227127075,0.7671435475349426,0.11838223785161972
baseline,none,6-plants,7,A drawing of a garden filled with peonies,data/baseline/6-plants/7.png,0.30938446521759033,0.7785168290138245,0.0998271256685257
baseline,none,6-plants,8,A drawing of a garden filled with violets,data/baseline/6-plants/8.png,0.2933366596698761,0.6817725896835327,0.09542637318372726
baseline,none,6-plants,9,A drawing of a garden filled with carnations,data/baseline/6-plants/9.png,0.3006737530231476,0.946692168712616,0.021415574476122856
baseline,none,6-plants,10,A drawing of a garden filled with hydrangeas,data/baseline/6-plants/10.png,0.3197278678417206,0.811309814453125,0.08244243264198303
baseline,none,7-text,1,A magazine cover with the headline “FASHION”,data/baseline/7-text/1.png,0.23488852381706238,0.8752884268760681,0.02022317424416542
baseline,none,7-text,2,A magazine cover with the headline “DESIGN”,data/baseline/7-text/2.png,0.23986369371414185,0.778541088104248,0.03678681328892708
baseline,none,7-text,3,A magazine cover with the headline “TRENDS”,data/baseline/7-text/3.png,0.27824169397354126,0.8041607141494751,0.027002492919564247
baseline,none,7-text,4,A magazine cover with the headline “BEAUTY”,data/baseline/7-text/4.png,0.30928677320480347,0.5168694257736206,0.09521548449993134
baseline,none,7-text,5,A magazine cover with the headline “LIFESTYLE”,data/baseline/7-text/5.png,0.34162837266921997,0.7482942342758179,0.02915152534842491
baseline,none,7-text,6,A magazine cover with the headline “MODERN”,data/baseline/7-text/6.png,0.25979647040367126,0.8585916757583618,0.022966718301177025
baseline,none,7-text,7,A magazine cover with the headline “ELEGANCE”,data/baseline/7-text/7.png,0.2590819299221039,0.8135831356048584,0.02272179163992405
baseline,none,7-text,8,A magazine cover with the headline “GLAMOUR”,data/baseline/7-text/8.png,0.33070963621139526,0.5423513650894165,0.09742263704538345
baseline,none,7-text,9,A magazine cover with the headline “FEATURES”,data/baseline/7-text/9.png,0.24649927020072937,0.7636524438858032,0.024786751717329025
baseline,none,7-text,10,A magazine cover with the headline “INSPIRE”,data/baseline/7-text/10.png,0.29224127531051636,0.8159740567207336,0.020633593201637268
baseline,none,8-texture,1,A cup with a rough surface,data/baseline/8-texture/1.png,0.2824699878692627,0.9168881177902222,0.11270850151777267
baseline,none,8-texture,2,A cup with a shiny surface,data/baseline/8-texture/2.png,0.3075881600379944,0.9276418685913086,0.1579395979642868
baseline,none,8-texture,3,A cup with a matte surface,data/baseline/8-texture/3.png,0.3121022582054138,0.952269971370697,0.057543277740478516
baseline,none,8-texture,4,A cup with a soft surface,data/baseline/8-texture/4.png,0.2983035445213318,0.9598695039749146,0.02406381443142891
baseline,none,8-texture,5,A cup with a hard surface,data/baseline/8-texture/5.png,0.2991792559623718,0.8880709409713745,0.11241576820611954
baseline,none,8-texture,6,A cup with a sticky surface,data/baseline/8-texture/6.png,0.30208638310432434,0.850745677947998,0.12459520250558853
baseline,none,8-texture,7,A cup with a wet surface,data/baseline/8-texture/7.png,0.26920798420906067,0.9009349346160889,0.03138922527432442
baseline,none,8-texture,8,A cup with a dry surface,data/baseline/8-texture/8.png,0.2667781710624695,0.9194689989089966,0.03274578973650932
baseline,none,8-texture,9,A cup with a grainy surface,data/baseline/8-texture/9.png,0.30202722549438477,0.9252902269363403,0.04261419549584389
baseline,none,8-texture,10,A cup with a fuzzy surface,data/baseline/8-texture/10.png,0.27761754393577576,0.9218564629554749,0.0626523420214653
baseline,none,9-Transportation,1,A drawing of a boy driving a truck,data/baseline/9-Transportation/1.png,0.31465137004852295,0.8589248061180115,0.05018964782357216
baseline,none,9-Transportation,2,A drawing of a boy driving a motorcycle,data/baseline/9-Transportation/2.png,0.3387741446495056,0.6908226013183594,0.14172989130020142
baseline,none,9-Transportation,3,A drawing of a boy driving a bus,data/baseline/9-Transportation/3.png,0.32353639602661133,0.8076082468032837,0.05524429306387901
baseline,none,9-Transportation,4,A drawing of a boy driving a bicycle,data/baseline/9-Transportation/4.png,0.30112093687057495,0.7734575271606445,0.2025057077407837
baseline,none,9-Transportation,5,A drawing of a boy driving a scooter,data/baseline/9-Transportation/5.png,0.35517334938049316,0.7276179194450378,0.12284065783023834
baseline,none,9-Transportation,6,A drawing of a boy driving a train,data/baseline/9-Transportation/6.png,0.31162580847740173,0.750270426273346,0.06924810260534286
baseline,none,9-Transportation,7,A drawing of a boy driving a submarine,data/baseline/9-Transportation/7.png,0.301327109336853,0.7064842581748962,0.11001081764698029
baseline,none,9-Transportation,8,A drawing of a boy driving a helicopter,data/baseline/9-Transportation/8.png,0.34073102474212646,0.7531027793884277,0.1374427229166031
baseline,none,9-Transportation,9,A drawing of a boy driving a jet,data/baseline/9-Transportation/9.png,0.3093607723712921,0.7633500099182129,0.1029370054602623
baseline,none,9-Transportation,10,A drawing of a boy driving a spaceship,data/baseline/9-Transportation/10.png,0.28037160634994507,0.7981127500534058,0.0889199897646904
replace,none,0-animal,1,A photo of a cat riding a bicycle,data/replace/0-animal/1.png,0.3520209789276123,0.9133508205413818,0.018920226022601128
replace,none,0-animal,2,A photo of a dog riding a bicycle,data/replace/0-animal/2.png,0.3323981761932373,0.9275784492492676,0.0168270505964756
replace,none,0-animal,3,A photo of a lion riding a bicycle,data/replace/0-animal/3.png,0.3427516222000122,0.9056459665298462,0.012229502201080322
replace,none,0-animal,4,A photo of a tiger riding a bicycle,data/replace/0-animal/4.png,0.35906434059143066,0.8869811296463013,0.010979807935655117
replace,none,0-animal,5,A photo of a rabbit riding a bicycle,data/replace/0-animal/5.png,0.37070590257644653,0.8647992014884949,0.02271106094121933
replace,none,0-animal,6,A photo of a panda riding a bicycle,data/replace/0-animal/6.png,0.3957117795944214,0.9283400774002075,0.009020675905048847
replace,none,0-animal,7,A photo of a fox riding a bicycle,data/replace/0-animal/7.png,0.39243292808532715,0.9148567914962769,0.017153138294816017
replace,none,0-animal,8,A photo of a wolf riding a bicycle,data/replace/0-animal/8.png,0.3582562804222107,0.9083985090255737,0.014762826263904572
replace,none,0-animal,9,A photo of a monkey riding a bicycle,data/replace/0-animal/9.png,0.3702777028083801,0.8925581574440002,0.009998539462685585
replace,none,0-animal,10,A photo of an elephant riding a bicycle,data/replace/0-animal/10.png,0.3349285125732422,0.8738007545471191,0.010864623822271824
replace,none,1-clothes,1,A portrait of a woman wearing a jacket,data/replace/1-clothes/1.png,0.29656362533569336,0.9071276783943176,0.029495375230908394
replace,none,1-clothes,2,A portrait of a woman wearing a sweater,data/replace/1-clothes/2.png,0.2905002236366272,0.9451277852058411,0.022864114493131638
replace,none,1-clothes,3,A portrait of a woman wearing a skirt,data/replace/1-clothes/3.png,0.2733808755874634,0.902324914932251,0.028059354051947594
replace,none,1-clothes,4,A portrait of a woman wearing a coat,data/replace/1-clothes/4.png,0.3025939464569092,0.8632948398590088,0.038716576993465424
replace,none,1-clothes,5,A portrait of a woman wearing a shirt,data/replace/1-clothes/5.png,0.27542543411254883,0.9011297225952148,0.025567732751369476
replace,none,1-clothes,6,A portrait of a woman wearing a scarf,data/replace/1-clothes/6.png,0.28586286306381226,0.9794328212738037,0.006796941626816988
replace,none,1-clothes,7,A portrait of a woman wearing a hoodie,data/replace/1-clothes/7.png,0.31327182054519653,0.7369309663772583,0.056160081177949905
replace,none,1-clothes,8,A portrait of a woman wearing a blouse,data/replace/1-clothes/8.png,0.3031570017337799,0.9564480185508728,0.016911581158638
replace,none,1-clothes,9,A portrait of a woman wearing a suit,data/replace/1-clothes/9.png,0.28530001640319824,0.8417319059371948,0.037170566618442535
replace,none,1-clothes,10,A portrait of a woman wearing a vest,data/replace/1-clothes/10.png,0.31846678256988525,0.9395970702171326,0.015902452170848846
replace,none,2-color,1,A bear holding a red balloon.,data/replace/2-color/1.png,0.32588163018226624,0.9340904951095581,0.034164633601903915
replace,none,2-color,2,A bear holding a yellow balloon.,data/replace/2-color/2.png,0.3242236077785492,0.9689483642578125,0.03244391828775406
replace,none,2-color,3,A bear holding a black balloon.,data/replace/2-color/3.png,0.3209691345691681,0.9796117544174194,0.024572378024458885
replace,none,2-color,4,A bear holding a pink balloon.,data/replace/2-color/4.png,0.3519708812236786,0.9445089101791382,0.03541024774312973
replace,none,2-color,5,A bear holding a white balloon.,data/replace/2-color/5.png,0.33550140261650085,0.9675198793411255,0.02592615783214569
replace,none,2-color,6,A bear holding a green balloon.,data/replace/2-color/6.png,0.32763051986694336,0.9834692478179932,0.005398391745984554
replace,none,2-color,7,A bear holding a purple balloon.,data/replace/2-color/7.png,0.3590538501739502,0.9694240689277649,0.032868582755327225
replace,none,2-color,8,A bear holding a orange balloon.,data/replace/2-color/8.png,0.3347424268722534,0.9270528554916382,0.03276700899004936
replace,none,2-color,9,A bear holding a gray balloon.,data/replace/2-color/9.png,0.33154797554016113,0.9769886136054993,0.02453489415347576
replace,none,2-color,10,A bear holding a brown balloon.,data/replace/2-color/10.png,0.3042950928211212,0.9164966344833374,0.0281520988792181
replace,none,3-decorates,1,A cake decorated with strawberries,data/replace/3-decorates/1.png,0.30105891823768616,0.9187682271003723,0.018517397344112396
replace,none,3-decorates,2,A cake decorated with blueberries,data/replace/3-decorates/2.png,0.3012676239013672,0.9181778430938721,0.021175742149353027
replace,none,3-decorates,3,A cake decorated with cream,data/replace/3-decorates/3.png,0.29241257905960083,0.9213731288909912,0.03886754438281059
replace,none,3-decorates,4,A cake decorated with sprinkles,data/replace/3-decorates/4.png,0.3017650246620178,0.928851842880249,0.02333034574985504
replace,none,3-decorates,5,A cake decorated with almonds,data/replace/3-decorates/5.png,0.2977658212184906,0.9343916177749634,0.01597084105014801
replace,none,3-decorates,6,A cake decorated with cherries,data/replace/3-decorates/6.png,0.3038800060749054,0.9315608143806458,0.013987073674798012
replace,none,3-decorates,7,A cake decorated with mints,data/replace/3-decorates/7.png,0.2777990698814392,0.9283472895622253,0.02279972843825817
replace,none,3-decorates,8,A cake decorated with macarons,data/replace/3-decorates/8.png,0.2918339967727661,0.9354007244110107,0.019956622272729874
replace,none,3-decorates,9,A cake decorated with caramel,data/replace/3-decorates/9.png,0.2913598418235779,0.9363783001899719,0.016015728935599327
replace,none,3-decorates,10,A cake decorated with raspberries,data/replace/3-decorates/10.png,0.31062665581703186,0.9341305494308472,0.016825051978230476
replace,none,4-food,1,A painting of a girl holding an apple,data/replace/4-food/1.png,0.3860619068145752,0.8099365830421448,0.043831877410411835
replace,none,4-food,2,A painting of a girl holding a grape,data/replace/4-food/2.png,0.3603123426437378,0.7116469144821167,0.04574509337544441
replace,none,4-food,3,A painting of a girl holding a pineapple,data/replace/4-food/3.png,0.36777976155281067,0.7949820160865784,0.043692734092473984
replace,none,4-food,4,A painting of a girl holding a watermelon,data/replace/4-food/4.png,0.33997926115989685,0.8337107300758362,0.031221464276313782
replace,none,4-food,5,A painting of a girl holding a mango,data/replace/4-food/5.png,0.3483424186706543,0.8534542322158813,0.03394196555018425
replace,none,4-food,6,A painting of a girl holding a strawberry,data/replace/4-food/6.png,0.3741324543952942,0.836995542049408,0.04668385535478592
replace,none,4-food,7,A painting of a girl holding a peach,data/replace/4-food/7.png,0.3510366678237915,0.7844026684761047,0.04480108991265297
replace,none,4-food,8,A painting of a girl holding a papaya,data/replace/4-food/8.png,0.33307865262031555,0.839506983757019,0.022722065448760986
replace,none,4-food,9,A painting of a girl holding a kiwi,data/replace/4-food/9.png,0.32207468152046204,0.8672305345535278,0.021308783441781998
replace,none,4-food,10,A painting of a girl holding an orange,data/replace/4-food/10.png,0.34160810708999634,0.751911461353302,0.04227232560515404
replace,none,5-object,1,A photo of a book on the table,data/replace/5-object/1.png,0.2626415193080902,0.8476239442825317,0.040351539850234985
replace,none,5-object,2,A photo of a cup on the table,data/replace/5-object/2.png,0.307589590549469,0.9212898015975952,0.027834484353661537
replace,none,5-object,3,A photo of a lamp on the table,data/replace/5-object/3.png,0.32351449131965637,0.875798225402832,0.03332310914993286
replace,none,5-object,4,A photo of a phone on the table,data/replace/5-object/4.png,0.27715200185775757,0.8647852540016174,0.039316728711128235
replace,none,5-object,5,A photo of a chair on the table,data/replace/5-object/5.png,0.29463014006614685,0.8519179224967957,0.052284326404333115
replace,none,5-object,6,A photo of a table on the table,data/replace/5-object/6.png,0.2660060524940491,0.8849949836730957,0.12141165882349014
replace,none,5-object,7,A photo of a pen on the table,data/replace/5-object/7.png,0.2928953170776367,0.845160186290741,0.06728919595479965
replace,none,5-object,8,A photo of a key on the table,data/replace/5-object/8.png,0.23435118794441223,0.7114236354827881,0.050319306552410126
replace,none,5-object,9,A photo of a bag on the table,data/replace/5-object/9.png,0.28955209255218506,0.8641040325164795,0.04822326824069023
replace,none,5-object,10,A photo of a clock on the table,data/replace/5-object/10.png,0.30109602212905884,0.7958295941352844,0.03711356967687607
replace,none,6-plants,1,A drawing of a garden filled with roses,data/replace/6-plants/1.png,0.3243353068828583,0.9556505680084229,0.02382073551416397
replace,none,6-plants,2,A drawing of a garden filled with tulips,data/replace/6-plants/2.png,0.3035508990287781,0.9356483221054077,0.021866874769330025
replace,none,6-plants,3,A drawing of a garden filled with daisies,data/replace/6-plants/3.png,0.3103974461555481,0.9624289870262146,0.019130215048789978
replace,none,6-plants,4,A drawing of a garden filled with lavender,data/replace/6-plants/4.png,0.28004199266433716,0.9144185781478882,0.031637609004974365
replace,none,6-plants,5,A drawing of a garden filled with lotus,data/replace/6-plants/5.png,0.3007262647151947,0.9081602096557617,0.025913307443261147
replace,none,6-plants,6,A drawing of a garden filled with orchids,data/replace/6-plants/6.png,0.3177731931209564,0.9350313544273376,0.02715836651623249
replace,none,6-plants,7,A drawing of a garden filled with peonies,data/replace/6-plants/7.png,0.334658682346344,0.9586851596832275,0.0203394778072834
replace,none,6-plants,8,A drawing of a garden filled with violets,data/replace/6-plants/8.png,0.31287673115730286,0.9499900341033936,0.021466372534632683
replace,none,6-plants,9,A drawing of a garden filled with carnations,data/replace/6-plants/9.png,0.30995452404022217,0.9530764222145081,0.014219087548553944
replace,none,6-plants,10,A drawing of a garden filled with hydrangeas,data/replace/6-plants/10.png,0.3400442600250244,0.9406529664993286,0.02094011940062046
replace,none,7-text,1,A magazine cover with the headline “FASHION”,data/replace/7-text/1.png,0.24582092463970184,0.9571243524551392,0.0011036123614758253
replace,none,7-text,2,A magazine cover with the headline “DESIGN”,data/replace/7-text/2.png,0.2559505105018616,0.9271011352539062,0.007261541672050953
replace,none,7-text,3,A magazine cover with the headline “TRENDS”,data/replace/7-text/3.png,0.25369614362716675,0.9784176349639893,0.002135487738996744
replace,none,7-text,4,A magazine cover with the headline “BEAUTY”,data/replace/7-text/4.png,0.25347986817359924,0.9237227439880371,0.00741488765925169
replace,none,7-text,5,A magazine cover with the headline “LIFESTYLE”,data/replace/7-text/5.png,0.23947344720363617,0.9885222911834717,0.0014254498528316617
replace,none,7-text,6,A magazine cover with the headline “MODERN”,data/replace/7-text/6.png,0.25661712884902954,0.9805532693862915,0.0021994970738887787
replace,none,7-text,7,A magazine cover with the headline “ELEGANCE”,data/replace/7-text/7.png,0.25959593057632446,0.9613644480705261,0.002028575399890542
replace,none,7-text,8,A magazine cover with the headline “GLAMOUR”,data/replace/7-text/8.png,0.24814535677433014,0.9466235041618347,0.004424461629241705
replace,none,7-text,9,A magazine cover with the headline “FEATURES”,data/replace/7-text/9.png,0.24302281439304352,0.9798109531402588,0.0014603520976379514
replace,none,7-text,10,A magazine cover with the headline “INSPIRE”,data/replace/7-text/10.png,0.23379647731781006,0.9601942300796509,0.004869859199970961
replace,none,8-texture,1,A cup with a rough surface,data/replace/8-texture/1.png,0.29769203066825867,0.9840062856674194,0.009655728936195374
replace,none,8-texture,2,A cup with a shiny surface,data/replace/8-texture/2.png,0.30397143959999084,0.9871028661727905,0.004617732018232346
replace,none,8-texture,3,A cup with a matte surface,data/replace/8-texture/3.png,0.30118316411972046,0.9666121006011963,0.01101038046181202
replace,none,8-texture,4,A cup with a soft surface,data/replace/8-texture/4.png,0.3007153868675232,0.9890413284301758,0.005634034518152475
replace,none,8-texture,5,A cup with a hard surface,data/replace/8-texture/5.png,0.2888643741607666,0.9785672426223755,0.005068469792604446
replace,none,8-texture,6,A cup with a sticky surface,data/replace/8-texture/6.png,0.2880227267742157,0.969487190246582,0.01578092761337757
replace,none,8-texture,7,A cup with a wet surface,data/replace/8-texture/7.png,0.27635657787323,0.9554811716079712,0.008174687623977661
replace,none,8-texture,8,A cup with a dry surface,data/replace/8-texture/8.png,0.2853392958641052,0.9782653450965881,0.006098094861954451
replace,none,8-texture,9,A cup with a grainy surface,data/replace/8-texture/9.png,0.28945934772491455,0.9681006073951721,0.011906336061656475
replace,none,8-texture,10,A cup with a fuzzy surface,data/replace/8-texture/10.png,0.2890967130661011,0.9885004758834839,0.006908380426466465
replace,none,9-Transportation,1,A drawing of a boy driving a truck,data/replace/9-Transportation/1.png,0.2639128565788269,0.9499736428260803,0.01452258788049221
replace,none,9-Transportation,2,A drawing of a boy driving a motorcycle,data/replace/9-Transportation/2.png,0.31325939297676086,0.8587620258331299,0.04594141244888306
replace,none,9-Transportation,3,A drawing of a boy driving a bus,data/replace/9-Transportation/3.png,0.275358647108078,0.9347946643829346,0.00866589043289423
replace,none,9-Transportation,4,A drawing of a boy driving a bicycle,data/replace/9-Transportation/4.png,0.32945555448532104,0.778908371925354,0.10117314755916595
replace,none,9-Transportation,5,A drawing of a boy driving a scooter,data/replace/9-Transportation/5.png,0.24985191226005554,0.8932007551193237,0.016405219212174416
replace,none,9-Transportation,6,A drawing of a boy driving a train,data/replace/9-Transportation/6.png,0.2970045506954193,0.9357213973999023,0.01123228669166565
replace,none,9-Transportation,7,A drawing of a boy driving a submarine,data/replace/9-Transportation/7.png,0.2906138300895691,0.8823813199996948,0.019412245601415634
replace,none,9-Transportation,8,A drawing of a boy driving a helicopter,data/replace/9-Transportation/8.png,0.2833179235458374,0.941840410232544,0.026197034865617752
replace,none,9-Transportation,9,A drawing of a boy driving a jet,data/replace/9-Transportation/9.png,0.27724209427833557,0.9565127491950989,0.01616685837507248
replace,none,9-Transportation,10,A drawing of a boy driving a spaceship,data/replace/9-Transportation/10.png,0.2644505500793457,0.9420233368873596,0.018528109416365623
linear,self,0-animal,1,A photo of a cat riding a bicycle,data/linear/self/0-animal/1.png,0.352992981672287,0.8963724374771118,0.009747007861733437
linear,self,0-animal,2,A photo of a dog riding a bicycle,data/linear/self/0-animal/2.png,0.34030139446258545,0.9360026121139526,0.010360939428210258
linear,self,0-animal,3,A photo of a lion riding a bicycle,data/linear/self/0-animal/3.png,0.3396434485912323,0.8844218254089355,0.005361148156225681
linear,self,0-animal,4,A photo of a tiger riding a bicycle,data/linear/self/0-animal/4.png,0.36392587423324585,0.8912555575370789,0.014784986153244972
linear,self,0-animal,5,A photo of a rabbit riding a bicycle,data/linear/self/0-animal/5.png,0.34434640407562256,0.8807224631309509,0.012335245497524738
linear,self,0-animal,6,A photo of a panda riding a bicycle,data/linear/self/0-animal/6.png,0.39729100465774536,0.9305858016014099,0.004748209845274687
linear,self,0-animal,7,A photo of a fox riding a bicycle,data/linear/self/0-animal/7.png,0.3943358063697815,0.8970869779586792,0.006773590110242367
linear,self,0-animal,8,A photo of a wolf riding a bicycle,data/linear/self/0-animal/8.png,0.35929441452026367,0.903613269329071,0.009314130060374737
linear,self,0-animal,9,A photo of a monkey riding a bicycle,data/linear/self/0-animal/9.png,0.3735095262527466,0.9079588651657104,0.007117412053048611
linear,self,0-animal,10,A photo of an elephant riding a bicycle,data/linear/self/0-animal/10.png,0.3274151086807251,0.8874698281288147,0.009042797610163689
linear,self,1-clothes,1,A portrait of a woman wearing a jacket,data/linear/self/1-clothes/1.png,0.29347094893455505,0.9770665168762207,0.0057851956225931644
linear,self,1-clothes,2,A portrait of a woman wearing a sweater,data/linear/self/1-clothes/2.png,0.281840056180954,0.9586463570594788,0.00906531885266304
linear,self,1-clothes,3,A portrait of a woman wearing a skirt,data/linear/self/1-clothes/3.png,0.2840302586555481,0.9813319444656372,0.0027166784275323153
linear,self,1-clothes,4,A portrait of a woman wearing a coat,data/linear/self/1-clothes/4.png,0.3051038980484009,0.975161075592041,0.006161361001431942
linear,self,1-clothes,5,A portrait of a woman wearing a shirt,data/linear/self/1-clothes/5.png,0.2762676477432251,0.9588349461555481,0.007561713457107544
linear,self,1-clothes,6,A portrait of a woman wearing a scarf,data/linear/self/1-clothes/6.png,0.28836315870285034,0.9877637624740601,0.002503453055396676
linear,self,1-clothes,7,A portrait of a woman wearing a hoodie,data/linear/self/1-clothes/7.png,0.2624168395996094,0.9251758456230164,0.013224596157670021
linear,self,1-clothes,8,A portrait of a woman wearing a blouse,data/linear/self/1-clothes/8.png,0.2967904806137085,0.9856261014938354,0.0026407199911773205
linear,self,1-clothes,9,A portrait of a woman wearing a suit,data/linear/self/1-clothes/9.png,0.27268320322036743,0.9707815647125244,0.00621080631390214
linear,self,1-clothes,10,A portrait of a woman wearing a vest,data/linear/self/1-clothes/10.png,0.3334048390388489,0.9583472013473511,0.005856047850102186
linear,self,2-color,1,A bear holding a red balloon.,data/linear/self/2-color/1.png,0.33133578300476074,0.9487123489379883,0.006738611496984959
linear,self,2-color,2,A bear holding a yellow balloon.,data/linear/self/2-color/2.png,0.318591833114624,0.9555875658988953,0.00837762001901865
linear,self,2-color,3,A bear holding a black balloon.,data/linear/self/2-color/3.png,0.3211385905742645,0.9910745620727539,0.001347335521131754
linear,self,2-color,4,A bear holding a pink balloon.,data/linear/self/2-color/4.png,0.35058629512786865,0.9454623460769653,0.005729547701776028
linear,self,2-color,5,A bear holding a white balloon.,data/linear/self/2-color/5.png,0.33351898193359375,0.9758801460266113,0.003547128988429904
linear,self,2-color,6,A bear holding a green balloon.,data/linear/self/2-color/6.png,0.32014575600624084,0.9835565090179443,0.002822668757289648
linear,self,2-color,7,A bear holding a purple balloon.,data/linear/self/2-color/7.png,0.3495597541332245,0.9796229004859924,0.002892798976972699
linear,self,2-color,8,A bear holding a orange balloon.,data/linear/self/2-color/8.png,0.3412748873233795,0.9567316174507141,0.00488358223810792
linear,self,2-color,9,A bear holding a gray balloon.,data/linear/self/2-color/9.png,0.3283156752586365,0.9901649951934814,0.0012702912790700793
linear,self,2-color,10,A bear holding a brown balloon.,data/linear/self/2-color/10.png,0.32167643308639526,0.9539783596992493,0.009568450972437859
linear,self,3-decorates,1,A cake decorated with strawberries,data/linear/self/3-decorates/1.png,0.2891332507133484,0.9357432126998901,0.008608001284301281
linear,self,3-decorates,2,A cake decorated with blueberries,data/linear/self/3-decorates/2.png,0.29903119802474976,0.9451518058776855,0.0069550625048577785
linear,self,3-decorates,3,A cake decorated with cream,data/linear/self/3-decorates/3.png,0.2944214642047882,0.9512810707092285,0.011027340777218342
linear,self,3-decorates,4,A cake decorated with sprinkles,data/linear/self/3-decorates/4.png,0.2980298399925232,0.9434664249420166,0.006704636849462986
linear,self,3-decorates,5,A cake decorated with almonds,data/linear/self/3-decorates/5.png,0.2939102053642273,0.9589598178863525,0.005901925731450319
linear,self,3-decorates,6,A cake decorated with cherries,data/linear/self/3-decorates/6.png,0.30173376202583313,0.9327815175056458,0.006505042780190706
linear,self,3-decorates,7,A cake decorated with mints,data/linear/self/3-decorates/7.png,0.2868902385234833,0.9627259373664856,0.00777276000007987
linear,self,3-decorates,8,A cake decorated with macarons,data/linear/self/3-decorates/8.png,0.28362998366355896,0.9710943698883057,0.006341350730508566
linear,self,3-decorates,9,A cake decorated with caramel,data/linear/self/3-decorates/9.png,0.28954026103019714,0.9632762670516968,0.004844677168875933
linear,self,3-decorates,10,A cake decorated with raspberries,data/linear/self/3-decorates/10.png,0.30936455726623535,0.9302482604980469,0.007987692952156067
linear,self,4-food,1,A painting of a girl holding an apple,data/linear/self/4-food/1.png,0.34547749161720276,0.8142160773277283,0.014428439550101757
linear,self,4-food,2,A painting of a girl holding a grape,data/linear/self/4-food/2.png,0.32450443506240845,0.8087183237075806,0.014083190821111202
linear,self,4-food,3,A painting of a girl holding a pineapple,data/linear/self/4-food/3.png,0.320778489112854,0.8267735242843628,0.00988035835325718
linear,self,4-food,4,A painting of a girl holding a watermelon,data/linear/self/4-food/4.png,0.3327784538269043,0.8907130360603333,0.005553447175770998
linear,self,4-food,5,A painting of a girl holding a mango,data/linear/self/4-food/5.png,0.3395334482192993,0.8460063934326172,0.00790852028876543
linear,self,4-food,6,A painting of a girl holding a strawberry,data/linear/self/4-food/6.png,0.3238438069820404,0.831088662147522,0.012545039877295494
linear,self,4-food,7,A painting of a girl holding a peach,data/linear/self/4-food/7.png,0.34177690744400024,0.8397300839424133,0.012255276553332806
linear,self,4-food,8,A painting of a girl holding a papaya,data/linear/self/4-food/8.png,0.3339819312095642,0.8749874234199524,0.006674672476947308
linear,self,4-food,9,A painting of a girl holding a kiwi,data/linear/self/4-food/9.png,0.3351394534111023,0.884394645690918,0.005232997238636017
linear,self,4-food,10,A painting of a girl holding an orange,data/linear/self/4-food/10.png,0.34102556109428406,0.8926668167114258,0.0063759819604456425
linear,self,5-object,1,A photo of a book on the table,data/linear/self/5-object/1.png,0.2530166506767273,0.909660279750824,0.027547957375645638
linear,self,5-object,2,A photo of a cup on the table,data/linear/self/5-object/2.png,0.2626034915447235,0.9504560828208923,0.009557100012898445
linear,self,5-object,3,A photo of a lamp on the table,data/linear/self/5-object/3.png,0.2879509925842285,0.9447820782661438,0.007841979153454304
linear,self,5-object,4,A photo of a phone on the table,data/linear/self/5-object/4.png,0.26616576313972473,0.8901787996292114,0.02457711659371853
linear,self,5-object,5,A photo of a chair on the table,data/linear/self/5-object/5.png,0.2871011197566986,0.9099951982498169,0.024248600006103516
linear,self,5-object,6,A photo of a table on the table,data/linear/self/5-object/6.png,0.2656700611114502,0.9614866971969604,0.011979476548731327
linear,self,5-object,7,A photo of a pen on the table,data/linear/self/5-object/7.png,0.2714774012565613,0.9582819938659668,0.013016038574278355
linear,self,5-object,8,A photo of a key on the table,data/linear/self/5-object/8.png,0.26956236362457275,0.8841290473937988,0.02272239699959755
linear,self,5-object,9,A photo of a bag on the table,data/linear/self/5-object/9.png,0.259212851524353,0.9622664451599121,0.010205014608800411
linear,self,5-object,10,A photo of a clock on the table,data/linear/self/5-object/10.png,0.24663981795310974,0.9522634148597717,0.012420101091265678
linear,self,6-plants,1,A drawing of a garden filled with roses,data/linear/self/6-plants/1.png,0.31008511781692505,0.978024959564209,0.012777981348335743
linear,self,6-plants,2,A drawing of a garden filled with tulips,data/linear/self/6-plants/2.png,0.3039119243621826,0.9541962146759033,0.017509177327156067
linear,self,6-plants,3,A drawing of a garden filled with daisies,data/linear/self/6-plants/3.png,0.30126848816871643,0.96335768699646,0.012406660243868828
linear,self,6-plants,4,A drawing of a garden filled with lavender,data/linear/self/6-plants/4.png,0.2840574383735657,0.9300963878631592,0.024335527792572975
linear,self,6-plants,5,A drawing of a garden filled with lotus,data/linear/self/6-plants/5.png,0.3006244897842407,0.9258466958999634,0.018228113651275635
linear,self,6-plants,6,A drawing of a garden filled with orchids,data/linear/self/6-plants/6.png,0.30392909049987793,0.9605991840362549,0.01907721348106861
linear,self,6-plants,7,A drawing of a garden filled with peonies,data/linear/self/6-plants/7.png,0.32228684425354004,0.980580747127533,0.01031875517219305
linear,self,6-plants,8,A drawing of a garden filled with violets,data/linear/self/6-plants/8.png,0.30621016025543213,0.9501296877861023,0.01507285051047802
linear,self,6-plants,9,A drawing of a garden filled with carnations,data/linear/self/6-plants/9.png,0.31515055894851685,0.9681482315063477,0.009512665681540966
linear,self,6-plants,10,A drawing of a garden filled with hydrangeas,data/linear/self/6-plants/10.png,0.3401964008808136,0.9540396928787231,0.015649255365133286
linear,self,7-text,1,A magazine cover with the headline “FASHION”,data/linear/self/7-text/1.png,0.24683013558387756,0.9729379415512085,0.0006574916769750416
linear,self,7-text,2,A magazine cover with the headline “DESIGN”,data/linear/self/7-text/2.png,0.2555076479911804,0.981076180934906,0.0014952667988836765
linear,self,7-text,3,A magazine cover with the headline “TRENDS”,data/linear/self/7-text/3.png,0.2512977421283722,0.991492748260498,0.0005224657361395657
linear,self,7-text,4,A magazine cover with the headline “BEAUTY”,data/linear/self/7-text/4.png,0.24699389934539795,0.9502056241035461,0.0026270465459674597
linear,self,7-text,5,A magazine cover with the headline “LIFESTYLE”,data/linear/self/7-text/5.png,0.23991504311561584,0.9892256259918213,0.0006168658728711307
linear,self,7-text,6,A magazine cover with the headline “MODERN”,data/linear/self/7-text/6.png,0.25623929500579834,0.9913711547851562,0.0006169385742396116
linear,self,7-text,7,A magazine cover with the headline “ELEGANCE”,data/linear/self/7-text/7.png,0.2538334131240845,0.979846715927124,0.0005907568847760558
linear,self,7-text,8,A magazine cover with the headline “GLAMOUR”,data/linear/self/7-text/8.png,0.24289926886558533,0.9626994729042053,0.0013861057814210653
linear,self,7-text,9,A magazine cover with the headline “FEATURES”,data/linear/self/7-text/9.png,0.24156561493873596,0.9885249137878418,0.0004482201184146106
linear,self,7-text,10,A magazine cover with the headline “INSPIRE”,data/linear/self/7-text/10.png,0.23666031658649445,0.9866682887077332,0.0009507787181064487
linear,self,8-texture,1,A cup with a rough surface,data/linear/self/8-texture/1.png,0.2995581030845642,0.9867323040962219,0.0037169428542256355
linear,self,8-texture,2,A cup with a shiny surface,data/linear/self/8-texture/2.png,0.30334022641181946,0.9941158294677734,0.0021802838891744614
linear,self,8-texture,3,A cup with a matte surface,data/linear/self/8-texture/3.png,0.29869940876960754,0.9840399026870728,0.005567611660808325
linear,self,8-texture,4,A cup with a soft surface,data/linear/self/8-texture/4.png,0.3036511540412903,0.9948199391365051,0.0018667848780751228
linear,self,8-texture,5,A cup with a hard surface,data/linear/self/8-texture/5.png,0.29457101225852966,0.9932864904403687,0.0023153983056545258
linear,self,8-texture,6,A cup with a sticky surface,data/linear/self/8-texture/6.png,0.29388535022735596,0.9849697947502136,0.005411145742982626
linear,self,8-texture,7,A cup with a wet surface,data/linear/self/8-texture/7.png,0.2900545001029968,0.9918960332870483,0.001060010981746018
linear,self,8-texture,8,A cup with a dry surface,data/linear/self/8-texture/8.png,0.2904026210308075,0.994212806224823,0.001051193568855524
linear,self,8-texture,9,A cup with a grainy surface,data/linear/self/8-texture/9.png,0.2928059697151184,0.9876872301101685,0.004986122250556946
linear,self,8-texture,10,A cup with a fuzzy surface,data/linear/self/8-texture/10.png,0.2940063774585724,0.9952043294906616,0.002563418820500374
linear,self,9-Transportation,1,A drawing of a boy driving a truck,data/linear/self/9-Transportation/1.png,0.2653641998767853,0.9558170437812805,0.0037570029962807894
linear,self,9-Transportation,2,A drawing of a boy driving a motorcycle,data/linear/self/9-Transportation/2.png,0.25360187888145447,0.9442423582077026,0.011483659036457539
linear,self,9-Transportation,3,A drawing of a boy driving a bus,data/linear/self/9-Transportation/3.png,0.2850250005722046,0.9534010887145996,0.003729479154571891
linear,self,9-Transportation,4,A drawing of a boy driving a bicycle,data/linear/self/9-Transportation/4.png,0.31665441393852234,0.8809076547622681,0.014998028986155987
linear,self,9-Transportation,5,A drawing of a boy driving a scooter,data/linear/self/9-Transportation/5.png,0.2500884234905243,0.9688909649848938,0.004808543715626001
linear,self,9-Transportation,6,A drawing of a boy driving a train,data/linear/self/9-Transportation/6.png,0.3151002824306488,0.9374852776527405,0.005342342425137758
linear,self,9-Transportation,7,A drawing of a boy driving a submarine,data/linear/self/9-Transportation/7.png,0.2823859751224518,0.9299216270446777,0.008157010190188885
linear,self,9-Transportation,8,A drawing of a boy driving a helicopter,data/linear/self/9-Transportation/8.png,0.27038079500198364,0.981091320514679,0.005991012789309025
linear,self,9-Transportation,9,A drawing of a boy driving a jet,data/linear/self/9-Transportation/9.png,0.26694348454475403,0.9825589656829834,0.004389876965433359
linear,self,9-Transportation,10,A drawing of a boy driving a spaceship,data/linear/self/9-Transportation/10.png,0.2709023952484131,0.9871585369110107,0.0032329310197383165
linear,cross,0-animal,1,A photo of a cat riding a bicycle,data/linear/cross/0-animal/1.png,0.3459652066230774,0.9163422584533691,0.024890245869755745
linear,cross,0-animal,2,A photo of a dog riding a bicycle,data/linear/cross/0-animal/2.png,0.33728328347206116,0.9040360450744629,0.021148046478629112
linear,cross,0-animal,3,A photo of a lion riding a bicycle,data/linear/cross/0-animal/3.png,0.3331318199634552,0.9011400938034058,0.022474190220236778
linear,cross,0-animal,4,A photo of a tiger riding a bicycle,data/linear/cross/0-animal/4.png,0.35812991857528687,0.8862809538841248,0.014757891185581684
linear,cross,0-animal,5,A photo of a rabbit riding a bicycle,data/linear/cross/0-animal/5.png,0.37607038021087646,0.885559618473053,0.029208604246377945
linear,cross,0-animal,6,A photo of a panda riding a bicycle,data/linear/cross/0-animal/6.png,0.39838582277297974,0.9180562496185303,0.01428958959877491
linear,cross,0-animal,7,A photo of a fox riding a bicycle,data/linear/cross/0-animal/7.png,0.39844462275505066,0.882472038269043,0.026706956326961517
linear,cross,0-animal,8,A photo of a wolf riding a bicycle,data/linear/cross/0-animal/8.png,0.3153654932975769,0.8790495991706848,0.021286383271217346
linear,cross,0-animal,9,A photo of a monkey riding a bicycle,data/linear/cross/0-animal/9.png,0.36712193489074707,0.9021704196929932,0.020995190367102623
linear,cross,0-animal,10,A photo of an elephant riding a bicycle,data/linear/cross/0-animal/10.png,0.3305795192718506,0.8550834059715271,0.02472173236310482
linear,cross,1-clothes,1,A portrait of a woman wearing a jacket,data/linear/cross/1-clothes/1.png,0.28300461173057556,0.8534342646598816,0.034622661769390106
linear,cross,1-clothes,2,A portrait of a woman wearing a sweater,data/linear/cross/1-clothes/2.png,0.2908687889575958,0.8608508110046387,0.03463734686374664
linear,cross,1-clothes,3,A portrait of a woman wearing a skirt,data/linear/cross/1-clothes/3.png,0.25051164627075195,0.8960410952568054,0.03488294407725334
linear,cross,1-clothes,4,A portrait of a woman wearing a coat,data/linear/cross/1-clothes/4.png,0.26871994137763977,0.6928676962852478,0.06456924229860306
linear,cross,1-clothes,5,A portrait of a woman wearing a shirt,data/linear/cross/1-clothes/5.png,0.2855435907840729,0.8164001703262329,0.029298551380634308
linear,cross,1-clothes,6,A portrait of a woman wearing a scarf,data/linear/cross/1-clothes/6.png,0.3353593945503235,0.9388269186019897,0.019844602793455124
linear,cross,1-clothes,7,A portrait of a woman wearing a hoodie,data/linear/cross/1-clothes/7.png,0.3035885989665985,0.7630006670951843,0.06284916400909424
linear,cross,1-clothes,8,A portrait of a woman wearing a blouse,data/linear/cross/1-clothes/8.png,0.29947757720947266,0.9723110795021057,0.019063323736190796
linear,cross,1-clothes,9,A portrait of a woman wearing a suit,data/linear/cross/1-clothes/9.png,0.2721256911754608,0.8173964023590088,0.04146089032292366
linear,cross,1-clothes,10,A portrait of a woman wearing a vest,data/linear/cross/1-clothes/10.png,0.29832911491394043,0.818813681602478,0.025803443044424057
linear,cross,2-color,1,A bear holding a red balloon.,data/linear/cross/2-color/1.png,0.33176344633102417,0.9370712041854858,0.04341145232319832
linear,cross,2-color,2,A bear holding a yellow balloon.,data/linear/cross/2-color/2.png,0.32169920206069946,0.9208650588989258,0.05885371193289757
linear,cross,2-color,3,A bear holding a black balloon.,data/linear/cross/2-color/3.png,0.3224219083786011,0.9715918302536011,0.024617377668619156
linear,cross,2-color,4,A bear holding a pink balloon.,data/linear/cross/2-color/4.png,0.34632977843284607,0.9458267688751221,0.04506032168865204
linear,cross,2-color,5,A bear holding a white balloon.,data/linear/cross/2-color/5.png,0.33349859714508057,0.8867824077606201,0.05884775519371033
linear,cross,2-color,6,A bear holding a green balloon.,data/linear/cross/2-color/6.png,0.35138139128685,0.970910906791687,0.00923185795545578
linear,cross,2-color,7,A bear holding a purple balloon.,data/linear/cross/2-color/7.png,0.35486167669296265,0.9582581520080566,0.042576637119054794
linear,cross,2-color,8,A bear holding a orange balloon.,data/linear/cross/2-color/8.png,0.335026353597641,0.9408777356147766,0.042472027242183685
linear,cross,2-color,9,A bear holding a gray balloon.,data/linear/cross/2-color/9.png,0.3266756534576416,0.9752436876296997,0.02795419842004776
linear,cross,2-color,10,A bear holding a brown balloon.,data/linear/cross/2-color/10.png,0.3238750696182251,0.8666568398475647,0.06351570785045624
linear,cross,3-decorates,1,A cake decorated with strawberries,data/linear/cross/3-decorates/1.png,0.32042965292930603,0.8824710845947266,0.03527573123574257
linear,cross,3-decorates,2,A cake decorated with blueberries,data/linear/cross/3-decorates/2.png,0.31281501054763794,0.899083137512207,0.03092031553387642
linear,cross,3-decorates,3,A cake decorated with cream,data/linear/cross/3-decorates/3.png,0.2998698949813843,0.8824934959411621,0.06085605546832085
linear,cross,3-decorates,4,A cake decorated with sprinkles,data/linear/cross/3-decorates/4.png,0.3384513556957245,0.9032948613166809,0.03583727777004242
linear,cross,3-decorates,5,A cake decorated with almonds,data/linear/cross/3-decorates/5.png,0.291180282831192,0.9322003126144409,0.024881910532712936
linear,cross,3-decorates,6,A cake decorated with cherries,data/linear/cross/3-decorates/6.png,0.31554222106933594,0.9068503975868225,0.02509481832385063
linear,cross,3-decorates,7,A cake decorated with mints,data/linear/cross/3-decorates/7.png,0.3061392307281494,0.8673440217971802,0.047114722430706024
linear,cross,3-decorates,8,A cake decorated with macarons,data/linear/cross/3-decorates/8.png,0.30095165967941284,0.922085702419281,0.02904551476240158
linear,cross,3-decorates,9,A cake decorated with caramel,data/linear/cross/3-decorates/9.png,0.28531914949417114,0.9154915809631348,0.033863700926303864
linear,cross,3-decorates,10,A cake decorated with raspberries,data/linear/cross/3-decorates/10.png,0.3298402428627014,0.8945538997650146,0.030263274908065796
linear,cross,4-food,1,A painting of a girl holding an apple,data/linear/cross/4-food/1.png,0.3821592926979065,0.8029267191886902,0.047569241374731064
linear,cross,4-food,2,A painting of a girl holding a grape,data/linear/cross/4-food/2.png,0.3667847514152527,0.7839357256889343,0.04725195840001106
linear,cross,4-food,3,A painting of a girl holding a pineapple,data/linear/cross/4-food/3.png,0.3918720781803131,0.7534082531929016,0.04660763964056969
linear,cross,4-food,4,A painting of a girl holding a watermelon,data/linear/cross/4-food/4.png,0.38716769218444824,0.847751259803772,0.03040613979101181
linear,cross,4-food,5,A painting of a girl holding a mango,data/linear/cross/4-food/5.png,0.3501288890838623,0.8348219394683838,0.040781762450933456
linear,cross,4-food,6,A painting of a girl holding a strawberry,data/linear/cross/4-food/6.png,0.3932221531867981,0.7790449261665344,0.053523458540439606
linear,cross,4-food,7,A painting of a girl holding a peach,data/linear/cross/4-food/7.png,0.35388559103012085,0.7960959076881409,0.04837895557284355
linear,cross,4-food,8,A painting of a girl holding a papaya,data/linear/cross/4-food/8.png,0.3723749816417694,0.8125917315483093,0.0338398814201355
linear,cross,4-food,9,A painting of a girl holding a kiwi,data/linear/cross/4-food/9.png,0.34183362126350403,0.8219521045684814,0.03307054564356804
linear,cross,4-food,10,A painting of a girl holding an orange,data/linear/cross/4-food/10.png,0.3514178395271301,0.7588974237442017,0.04824398085474968
linear,cross,5-object,1,A photo of a book on the table,data/linear/cross/5-object/1.png,0.27919647097587585,0.8525214791297913,0.04285275191068649
linear,cross,5-object,2,A photo of a cup on the table,data/linear/cross/5-object/2.png,0.3145984709262848,0.8923794031143188,0.03192610666155815
linear,cross,5-object,3,A photo of a lamp on the table,data/linear/cross/5-object/3.png,0.32070285081863403,0.858058512210846,0.03720026835799217
linear,cross,5-object,4,A photo of a phone on the table,data/linear/cross/5-object/4.png,0.27729958295822144,0.8509054183959961,0.04321666806936264
linear,cross,5-object,5,A photo of a chair on the table,data/linear/cross/5-object/5.png,0.2866416871547699,0.8366564512252808,0.04948370158672333
linear,cross,5-object,6,A photo of a table on the table,data/linear/cross/5-object/6.png,0.26667940616607666,0.8715024590492249,0.12379149347543716
linear,cross,5-object,7,A photo of a pen on the table,data/linear/cross/5-object/7.png,0.2982800304889679,0.8416524529457092,0.08046340942382812
linear,cross,5-object,8,A photo of a key on the table,data/linear/cross/5-object/8.png,0.22013676166534424,0.6597033739089966,0.08369416743516922
linear,cross,5-object,9,A photo of a bag on the table,data/linear/cross/5-object/9.png,0.28759729862213135,0.8291747570037842,0.05546601861715317
linear,cross,5-object,10,A photo of a clock on the table,data/linear/cross/5-object/10.png,0.292182594537735,0.7635078430175781,0.042797937989234924
linear,cross,6-plants,1,A drawing of a garden filled with roses,data/linear/cross/6-plants/1.png,0.3264617323875427,0.950645923614502,0.03138725832104683
linear,cross,6-plants,2,A drawing of a garden filled with tulips,data/linear/cross/6-plants/2.png,0.2939469814300537,0.8835346102714539,0.028482012450695038
linear,cross,6-plants,3,A drawing of a garden filled with daisies,data/linear/cross/6-plants/3.png,0.3209202289581299,0.9634789824485779,0.020050833001732826
linear,cross,6-plants,4,A drawing of a garden filled with lavender,data/linear/cross/6-plants/4.png,0.3295690417289734,0.8543163537979126,0.0448494628071785
linear,cross,6-plants,5,A drawing of a garden filled with lotus,data/linear/cross/6-plants/5.png,0.3002339005470276,0.9160653352737427,0.031212732195854187
linear,cross,6-plants,6,A drawing of a garden filled with orchids,data/linear/cross/6-plants/6.png,0.30865395069122314,0.9487345218658447,0.02870291657745838
linear,cross,6-plants,7,A drawing of a garden filled with peonies,data/linear/cross/6-plants/7.png,0.34821194410324097,0.9423308372497559,0.03010294772684574
linear,cross,6-plants,8,A drawing of a garden filled with violets,data/linear/cross/6-plants/8.png,0.3138701319694519,0.9381356239318848,0.025989556685090065
linear,cross,6-plants,9,A drawing of a garden filled with carnations,data/linear/cross/6-plants/9.png,0.3089050054550171,0.9512638449668884,0.01698518916964531
linear,cross,6-plants,10,A drawing of a garden filled with hydrangeas,data/linear/cross/6-plants/10.png,0.34873220324516296,0.9320242404937744,0.03178616613149643
linear,cross,7-text,1,A magazine cover with the headline “FASHION”,data/linear/cross/7-text/1.png,0.25870442390441895,0.9135624170303345,0.006855487823486328
linear,cross,7-text,2,A magazine cover with the headline “DESIGN”,data/linear/cross/7-text/2.png,0.2579497694969177,0.8690841794013977,0.0193836260586977
linear,cross,7-text,3,A magazine cover with the headline “TRENDS”,data/linear/cross/7-text/3.png,0.2368079125881195,0.9061028361320496,0.014370106160640717
linear,cross,7-text,4,A magazine cover with the headline “BEAUTY”,data/linear/cross/7-text/4.png,0.27382421493530273,0.8303259611129761,0.021918240934610367
linear,cross,7-text,5,A magazine cover with the headline “LIFESTYLE”,data/linear/cross/7-text/5.png,0.239445298910141,0.9785627126693726,0.0031452877447009087
linear,cross,7-text,6,A magazine cover with the headline “MODERN”,data/linear/cross/7-text/6.png,0.24269044399261475,0.9078181982040405,0.01257948949933052
linear,cross,7-text,7,A magazine cover with the headline “ELEGANCE”,data/linear/cross/7-text/7.png,0.2662654519081116,0.8439087867736816,0.020531218498945236
linear,cross,7-text,8,A magazine cover with the headline “GLAMOUR”,data/linear/cross/7-text/8.png,0.2630982995033264,0.8559482097625732,0.0194205641746521
linear,cross,7-text,9,A magazine cover with the headline “FEATURES”,data/linear/cross/7-text/9.png,0.23679307103157043,0.9427117705345154,0.00588871818035841
linear,cross,7-text,10,A magazine cover with the headline “INSPIRE”,data/linear/cross/7-text/10.png,0.2266390025615692,0.8803758025169373,0.013019108213484287
linear,cross,8-texture,1,A cup with a rough surface,data/linear/cross/8-texture/1.png,0.29937538504600525,0.9829026460647583,0.012825281359255314
linear,cross,8-texture,2,A cup with a shiny surface,data/linear/cross/8-texture/2.png,0.3049631714820862,0.9892795085906982,0.007207735441625118
linear,cross,8-texture,3,A cup with a matte surface,data/linear/cross/8-texture/3.png,0.30616191029548645,0.9663777947425842,0.022039897739887238
linear,cross,8-texture,4,A cup with a soft surface,data/linear/cross/8-texture/4.png,0.29620489478111267,0.9801589250564575,0.009238636121153831
linear,cross,8-texture,5,A cup with a hard surface,data/linear/cross/8-texture/5.png,0.2866016924381256,0.9708281755447388,0.008995089679956436
linear,cross,8-texture,6,A cup with a sticky surface,data/linear/cross/8-texture/6.png,0.2890394926071167,0.9558612108230591,0.022182535380125046
linear,cross,8-texture,7,A cup with a wet surface,data/linear/cross/8-texture/7.png,0.25762665271759033,0.9033840298652649,0.011307455599308014
linear,cross,8-texture,8,A cup with a dry surface,data/linear/cross/8-texture/8.png,0.28471484780311584,0.9679384827613831,0.02218436822295189
linear,cross,8-texture,9,A cup with a grainy surface,data/linear/cross/8-texture/9.png,0.2949245870113373,0.9782198071479797,0.011489799246191978
linear,cross,8-texture,10,A cup with a fuzzy surface,data/linear/cross/8-texture/10.png,0.29437175393104553,0.990941047668457,0.01008671149611473
linear,cross,9-Transportation,1,A drawing of a boy driving a truck,data/linear/cross/9-Transportation/1.png,0.25315994024276733,0.9533120393753052,0.011358934454619884
linear,cross,9-Transportation,2,A drawing of a boy driving a motorcycle,data/linear/cross/9-Transportation/2.png,0.3539591431617737,0.7877804636955261,0.13149753212928772
linear,cross,9-Transportation,3,A drawing of a boy driving a bus,data/linear/cross/9-Transportation/3.png,0.29804617166519165,0.8842642307281494,0.029177958145737648
linear,cross,9-Transportation,4,A drawing of a boy driving a bicycle,data/linear/cross/9-Transportation/4.png,0.34175020456314087,0.7833133339881897,0.12314467877149582
linear,cross,9-Transportation,5,A drawing of a boy driving a scooter,data/linear/cross/9-Transportation/5.png,0.3170164227485657,0.8906076550483704,0.034465424716472626
linear,cross,9-Transportation,6,A drawing of a boy driving a train,data/linear/cross/9-Transportation/6.png,0.3184954822063446,0.7662596106529236,0.037423375993967056
linear,cross,9-Transportation,7,A drawing of a boy driving a submarine,data/linear/cross/9-Transportation/7.png,0.32574015855789185,0.8683785796165466,0.034706369042396545
linear,cross,9-Transportation,8,A drawing of a boy driving a helicopter,data/linear/cross/9-Transportation/8.png,0.2888215184211731,0.9118822813034058,0.042624473571777344
linear,cross,9-Transportation,9,A drawing of a boy driving a jet,data/linear/cross/9-Transportation/9.png,0.2664996087551117,0.9454939961433411,0.029196722432971
linear,cross,9-Transportation,10,A drawing of a boy driving a spaceship,data/linear/cross/9-Transportation/10.png,0.2718427777290344,0.9047669172286987,0.04033787548542023
sigmoid,self,0-animal,1,A photo of a cat riding a bicycle,data/sigmoid/self/0-animal/1.png,0.3541197180747986,0.8962504267692566,0.011222143657505512
sigmoid,self,0-animal,2,A photo of a dog riding a bicycle,data/sigmoid/self/0-animal/2.png,0.34945225715637207,0.9278096556663513,0.012713443487882614
sigmoid,self,0-animal,3,A photo of a lion riding a bicycle,data/sigmoid/self/0-animal/3.png,0.3403419256210327,0.8751887083053589,0.005882679019123316
sigmoid,self,0-animal,4,A photo of a tiger riding a bicycle,data/sigmoid/self/0-animal/4.png,0.36391112208366394,0.8917619585990906,0.011223917827010155
sigmoid,self,0-animal,5,A photo of a rabbit riding a bicycle,data/sigmoid/self/0-animal/5.png,0.36668235063552856,0.860310435295105,0.014612916857004166
sigmoid,self,0-animal,6,A photo of a panda riding a bicycle,data/sigmoid/self/0-animal/6.png,0.40027952194213867,0.9257468581199646,0.006003457121551037
sigmoid,self,0-animal,7,A photo of a fox riding a bicycle,data/sigmoid/self/0-animal/7.png,0.3928663432598114,0.8997665643692017,0.011632724665105343
sigmoid,self,0-animal,8,A photo of a wolf riding a bicycle,data/sigmoid/self/0-animal/8.png,0.361524373292923,0.8998645544052124,0.010254677385091782
sigmoid,self,0-animal,9,A photo of a monkey riding a bicycle,data/sigmoid/self/0-animal/9.png,0.3679213523864746,0.9021472930908203,0.008271235041320324
sigmoid,self,0-animal,10,A photo of an elephant riding a bicycle,data/sigmoid/self/0-animal/10.png,0.32909709215164185,0.8839402198791504,0.009351611137390137
sigmoid,self,1-clothes,1,A portrait of a woman wearing a jacket,data/sigmoid/self/1-clothes/1.png,0.29301881790161133,0.976253867149353,0.006257722619920969
sigmoid,self,1-clothes,2,A portrait of a woman wearing a sweater,data/sigmoid/self/1-clothes/2.png,0.2834675908088684,0.9563438296318054,0.010363279841840267
sigmoid,self,1-clothes,3,A portrait of a woman wearing a skirt,data/sigmoid/self/1-clothes/3.png,0.2831946909427643,0.9863821268081665,0.002858643187209964
sigmoid,self,1-clothes,4,A portrait of a woman wearing a coat,data/sigmoid/self/1-clothes/4.png,0.30468133091926575,0.9745612740516663,0.00663335993885994
sigmoid,self,1-clothes,5,A portrait of a woman wearing a shirt,data/sigmoid/self/1-clothes/5.png,0.2767183780670166,0.9572416543960571,0.008841097354888916
sigmoid,self,1-clothes,6,A portrait of a woman wearing a scarf,data/sigmoid/self/1-clothes/6.png,0.29117706418037415,0.9886441230773926,0.0031552135478705168
sigmoid,self,1-clothes,7,A portrait of a woman wearing a hoodie,data/sigmoid/self/1-clothes/7.png,0.26400279998779297,0.9206575155258179,0.01436962466686964
sigmoid,self,1-clothes,8,A portrait of a woman wearing a blouse,data/sigmoid/self/1-clothes/8.png,0.2962527573108673,0.9853320121765137,0.003267994849011302
sigmoid,self,1-clothes,9,A portrait of a woman wearing a suit,data/sigmoid/self/1-clothes/9.png,0.27229249477386475,0.9709449410438538,0.006624190136790276
sigmoid,self,1-clothes,10,A portrait of a woman wearing a vest,data/sigmoid/self/1-clothes/10.png,0.332325279712677,0.9561179876327515,0.006701915990561247
sigmoid,self,2-color,1,A bear holding a red balloon.,data/sigmoid/self/2-color/1.png,0.33367758989334106,0.950767993927002,0.006950545124709606
sigmoid,self,2-color,2,A bear holding a yellow balloon.,data/sigmoid/self/2-color/2.png,0.32051676511764526,0.9584367275238037,0.00867142342031002
sigmoid,self,2-color,3,A bear holding a black balloon.,data/sigmoid/self/2-color/3.png,0.3204391896724701,0.9906649589538574,0.001359105110168457
sigmoid,self,2-color,4,A bear holding a pink balloon.,data/sigmoid/self/2-color/4.png,0.3518511950969696,0.9449569582939148,0.006094431970268488
sigmoid,self,2-color,5,A bear holding a white balloon.,data/sigmoid/self/2-color/5.png,0.3332318663597107,0.9761995673179626,0.003923734650015831
sigmoid,self,2-color,6,A bear holding a green balloon.,data/sigmoid/self/2-color/6.png,0.32216712832450867,0.9832413196563721,0.003103164490312338
sigmoid,self,2-color,7,A bear holding a purple balloon.,data/sigmoid/self/2-color/7.png,0.35033276677131653,0.978216826915741,0.0034891117829829454
sigmoid,self,2-color,8,A bear holding a orange balloon.,data/sigmoid/self/2-color/8.png,0.3414347171783447,0.9592444896697998,0.005006152205169201
sigmoid,self,2-color,9,A bear holding a gray balloon.,data/sigmoid/self/2-color/9.png,0.3280915319919586,0.9902161955833435,0.0014425935223698616
sigmoid,self,2-color,10,A bear holding a brown balloon.,data/sigmoid/self/2-color/10.png,0.3217730224132538,0.9522501230239868,0.010414467193186283
sigmoid,self,3-decorates,1,A cake decorated with strawberries,data/sigmoid/self/3-decorates/1.png,0.28698354959487915,0.9374864101409912,0.0095935994759202
sigmoid,self,3-decorates,2,A cake decorated with blueberries,data/sigmoid/self/3-decorates/2.png,0.2979966700077057,0.9478551149368286,0.007610029075294733
sigmoid,self,3-decorates,3,A cake decorated with cream,data/sigmoid/self/3-decorates/3.png,0.2921197712421417,0.9517369866371155,0.013394370675086975
sigmoid,self,3-decorates,4,A cake decorated with sprinkles,data/sigmoid/self/3-decorates/4.png,0.29923462867736816,0.950111448764801,0.007893025875091553
sigmoid,self,3-decorates,5,A cake decorated with almonds,data/sigmoid/self/3-decorates/5.png,0.2944689095020294,0.9625741243362427,0.00678216153755784
sigmoid,self,3-decorates,6,A cake decorated with cherries,data/sigmoid/self/3-decorates/6.png,0.3034103512763977,0.9299988150596619,0.007284701336175203
sigmoid,self,3-decorates,7,A cake decorated with mints,data/sigmoid/self/3-decorates/7.png,0.28896546363830566,0.9618165493011475,0.008788120932877064
sigmoid,self,3-decorates,8,A cake decorated with macarons,data/sigmoid/self/3-decorates/8.png,0.28397929668426514,0.9667789340019226,0.007031922694295645
sigmoid,self,3-decorates,9,A cake decorated with caramel,data/sigmoid/self/3-decorates/9.png,0.28963297605514526,0.9618122577667236,0.005526076070964336
sigmoid,self,3-decorates,10,A cake decorated with raspberries,data/sigmoid/self/3-decorates/10.png,0.30921226739883423,0.9132907390594482,0.008937261998653412
sigmoid,self,4-food,1,A painting of a girl holding an apple,data/sigmoid/self/4-food/1.png,0.35008329153060913,0.8252898454666138,0.016481241211295128
sigmoid,self,4-food,2,A painting of a girl holding a grape,data/sigmoid/self/4-food/2.png,0.32364651560783386,0.8026074767112732,0.01552241574972868
sigmoid,self,4-food,3,A painting of a girl holding a pineapple,data/sigmoid/self/4-food/3.png,0.33817392587661743,0.8300014734268188,0.012457385659217834
sigmoid,self,4-food,4,A painting of a girl holding a watermelon,data/sigmoid/self/4-food/4.png,0.33972692489624023,0.8845020532608032,0.007357653230428696
sigmoid,self,4-food,5,A painting of a girl holding a mango,data/sigmoid/self/4-food/5.png,0.34853050112724304,0.8443489074707031,0.009602118283510208
sigmoid,self,4-food,6,A painting of a girl holding a strawberry,data/sigmoid/self/4-food/6.png,0.3274323642253876,0.8322239518165588,0.014249980449676514
sigmoid,self,4-food,7,A painting of a girl holding a peach,data/sigmoid/self/4-food/7.png,0.33934497833251953,0.8405183553695679,0.014510833658277988
sigmoid,self,4-food,8,A painting of a girl holding a papaya,data/sigmoid/self/4-food/8.png,0.3348272442817688,0.8682750463485718,0.008314695209264755
sigmoid,self,4-food,9,A painting of a girl holding a kiwi,data/sigmoid/self/4-food/9.png,0.3339194655418396,0.8881360292434692,0.006822116672992706
sigmoid,self,4-food,10,A painting of a girl holding an orange,data/sigmoid/self/4-food/10.png,0.34043335914611816,0.864507794380188,0.010253367945551872
sigmoid,self,5-object,1,A photo of a book on the table,data/sigmoid/self/5-object/1.png,0.25829896330833435,0.9006364345550537,0.032942138612270355
sigmoid,self,5-object,2,A photo of a cup on the table,data/sigmoid/self/5-object/2.png,0.26342451572418213,0.9507132768630981,0.0102492431178689
sigmoid,self,5-object,3,A photo of a lamp on the table,data/sigmoid/self/5-object/3.png,0.28977489471435547,0.9344334602355957,0.008056392893195152
sigmoid,self,5-object,4,A photo of a phone on the table,data/sigmoid/self/5-object/4.png,0.2639104425907135,0.8669840097427368,0.02616369165480137
sigmoid,self,5-object,5,A photo of a chair on the table,data/sigmoid/self/5-object/5.png,0.2878500819206238,0.9075750708580017,0.023259636014699936
sigmoid,self,5-object,6,A photo of a table on the table,data/sigmoid/self/5-object/6.png,0.26411500573158264,0.9741259217262268,0.009971031919121742
sigmoid,self,5-object,7,A photo of a pen on the table,data/sigmoid/self/5-object/7.png,0.2724977433681488,0.9609375596046448,0.013333359733223915
sigmoid,self,5-object,8,A photo of a key on the table,data/sigmoid/self/5-object/8.png,0.2650061249732971,0.8756446242332458,0.02575080469250679
sigmoid,self,5-object,9,A photo of a bag on the table,data/sigmoid/self/5-object/9.png,0.26586663722991943,0.9325448274612427,0.018846983090043068
sigmoid,self,5-object,10,A photo of a clock on the table,data/sigmoid/self/5-object/10.png,0.24373295903205872,0.9510936141014099,0.013417303562164307
sigmoid,self,6-plants,1,A drawing of a garden filled with roses,data/sigmoid/self/6-plants/1.png,0.3149973154067993,0.9647992849349976,0.017632564529776573
sigmoid,self,6-plants,2,A drawing of a garden filled with tulips,data/sigmoid/self/6-plants/2.png,0.3054710030555725,0.9479355812072754,0.020714152604341507
sigmoid,self,6-plants,3,A drawing of a garden filled with daisies,data/sigmoid/self/6-plants/3.png,0.3034013509750366,0.9599920511245728,0.01563231647014618
sigmoid,self,6-plants,4,A drawing of a garden filled with lavender,data/sigmoid/self/6-plants/4.png,0.2821478247642517,0.925748884677887,0.026442838832736015
sigmoid,self,6-plants,5,A drawing of a garden filled with lotus,data/sigmoid/self/6-plants/5.png,0.30128300189971924,0.9122584462165833,0.02362997829914093
sigmoid,self,6-plants,6,A drawing of a garden filled with orchids,data/sigmoid/self/6-plants/6.png,0.31098467111587524,0.9463881254196167,0.02376970648765564
sigmoid,self,6-plants,7,A drawing of a garden filled with peonies,data/sigmoid/self/6-plants/7.png,0.3348495662212372,0.9659184217453003,0.017206285148859024
sigmoid,self,6-plants,8,A drawing of a garden filled with violets,data/sigmoid/self/6-plants/8.png,0.30791929364204407,0.947628378868103,0.018323082476854324
sigmoid,self,6-plants,9,A drawing of a garden filled with carnations,data/sigmoid/self/6-plants/9.png,0.31335699558258057,0.9578346014022827,0.012029358185827732
sigmoid,self,6-plants,10,A drawing of a garden filled with hydrangeas,data/sigmoid/self/6-plants/10.png,0.34000164270401,0.9495338201522827,0.019630568102002144
sigmoid,self,7-text,1,A magazine cover with the headline “FASHION”,data/sigmoid/self/7-text/1.png,0.24920305609703064,0.9687901139259338,0.0008567290497012436
sigmoid,self,7-text,2,A magazine cover with the headline “DESIGN”,data/sigmoid/self/7-text/2.png,0.2544568181037903,0.980106770992279,0.0018503899918869138
sigmoid,self,7-text,3,A magazine cover with the headline “TRENDS”,data/sigmoid/self/7-text/3.png,0.25023844838142395,0.9909145832061768,0.0006214418681338429
sigmoid,self,7-text,4,A magazine cover with the headline “BEAUTY”,data/sigmoid/self/7-text/4.png,0.2458900362253189,0.9469821453094482,0.0036496964748948812
sigmoid,self,7-text,5,A magazine cover with the headline “LIFESTYLE”,data/sigmoid/self/7-text/5.png,0.23996129631996155,0.9884064793586731,0.0007065414101816714
sigmoid,self,7-text,6,A magazine cover with the headline “MODERN”,data/sigmoid/self/7-text/6.png,0.2556362748146057,0.9897829294204712,0.0007866238593123853
sigmoid,self,7-text,7,A magazine cover with the headline “ELEGANCE”,data/sigmoid/self/7-text/7.png,0.25595417618751526,0.9738522171974182,0.0008801016374491155
sigmoid,self,7-text,8,A magazine cover with the headline “GLAMOUR”,data/sigmoid/self/7-text/8.png,0.2449774593114853,0.9566989541053772,0.0018973806872963905
sigmoid,self,7-text,9,A magazine cover with the headline “FEATURES”,data/sigmoid/self/7-text/9.png,0.24152350425720215,0.9858084321022034,0.0006226333789527416
sigmoid,self,7-text,10,A magazine cover with the headline “INSPIRE”,data/sigmoid/self/7-text/10.png,0.23647183179855347,0.9863491058349609,0.0011265008943155408
sigmoid,self,8-texture,1,A cup with a rough surface,data/sigmoid/self/8-texture/1.png,0.2998914420604706,0.9872227311134338,0.003712416160851717
sigmoid,self,8-texture,2,A cup with a shiny surface,data/sigmoid/self/8-texture/2.png,0.30472350120544434,0.9929476976394653,0.003115149913355708
sigmoid,self,8-texture,3,A cup with a matte surface,data/sigmoid/self/8-texture/3.png,0.29796501994132996,0.9828048348426819,0.006205531302839518
sigmoid,self,8-texture,4,A cup with a soft surface,data/sigmoid/self/8-texture/4.png,0.3045538663864136,0.9947352409362793,0.0024422870483249426
sigmoid,self,8-texture,5,A cup with a hard surface,data/sigmoid/self/8-texture/5.png,0.29452255368232727,0.9938483238220215,0.002687786240130663
sigmoid,self,8-texture,6,A cup with a sticky surface,data/sigmoid/self/8-texture/6.png,0.2937133312225342,0.9847242832183838,0.0055192033760249615
sigmoid,self,8-texture,7,A cup with a wet surface,data/sigmoid/self/8-texture/7.png,0.2889091670513153,0.9902589917182922,0.0012220927746966481
sigmoid,self,8-texture,8,A cup with a dry surface,data/sigmoid/self/8-texture/8.png,0.28971901535987854,0.9920543432235718,0.0012731037568300962
sigmoid,self,8-texture,9,A cup with a grainy surface,data/sigmoid/self/8-texture/9.png,0.2937176823616028,0.9846669435501099,0.005458490923047066
sigmoid,self,8-texture,10,A cup with a fuzzy surface,data/sigmoid/self/8-texture/10.png,0.2954680919647217,0.9944572448730469,0.0028110516723245382
sigmoid,self,9-Transportation,1,A drawing of a boy driving a truck,data/sigmoid/self/9-Transportation/1.png,0.2655421197414398,0.9560683369636536,0.006114430259913206
sigmoid,self,9-Transportation,2,A drawing of a boy driving a motorcycle,data/sigmoid/self/9-Transportation/2.png,0.25252765417099,0.926095724105835,0.013055277056992054
sigmoid,self,9-Transportation,3,A drawing of a boy driving a bus,data/sigmoid/self/9-Transportation/3.png,0.28317782282829285,0.949049711227417,0.005544140934944153
sigmoid,self,9-Transportation,4,A drawing of a boy driving a bicycle,data/sigmoid/self/9-Transportation/4.png,0.3195568919181824,0.8372853398323059,0.018728647381067276
sigmoid,self,9-Transportation,5,A drawing of a boy driving a scooter,data/sigmoid/self/9-Transportation/5.png,0.2416975051164627,0.9638508558273315,0.007408551871776581
sigmoid,self,9-Transportation,6,A drawing of a boy driving a train,data/sigmoid/self/9-Transportation/6.png,0.3081969916820526,0.9219782948493958,0.008081004023551941
sigmoid,self,9-Transportation,7,A drawing of a boy driving a submarine,data/sigmoid/self/9-Transportation/7.png,0.2774985432624817,0.9370054602622986,0.01149123627692461
sigmoid,self,9-Transportation,8,A drawing of a boy driving a helicopter,data/sigmoid/self/9-Transportation/8.png,0.2758987843990326,0.9785313010215759,0.007537568919360638
sigmoid,self,9-Transportation,9,A drawing of a boy driving a jet,data/sigmoid/self/9-Transportation/9.png,0.26130786538124084,0.9687143564224243,0.005994176957756281
sigmoid,self,9-Transportation,10,A drawing of a boy driving a spaceship,data/sigmoid/self/9-Transportation/10.png,0.2657720148563385,0.9802594780921936,0.007857178337872028
sigmoid,cross,0-animal,1,A photo of a cat riding a bicycle,data/sigmoid/cross/0-animal/1.png,0.29932522773742676,0.8782451152801514,0.03159472718834877
sigmoid,cross,0-animal,2,A photo of a dog riding a bicycle,data/sigmoid/cross/0-animal/2.png,0.35757189989089966,0.8945241570472717,0.028715353459119797
sigmoid,cross,0-animal,3,A photo of a lion riding a bicycle,data/sigmoid/cross/0-animal/3.png,0.337006539106369,0.9064925909042358,0.023852694779634476
sigmoid,cross,0-animal,4,A photo of a tiger riding a bicycle,data/sigmoid/cross/0-animal/4.png,0.36958661675453186,0.8860852718353271,0.015099810436367989
sigmoid,cross,0-animal,5,A photo of a rabbit riding a bicycle,data/sigmoid/cross/0-animal/5.png,0.3708343505859375,0.8569291830062866,0.03993070870637894
sigmoid,cross,0-animal,6,A photo of a panda riding a bicycle,data/sigmoid/cross/0-animal/6.png,0.3974721431732178,0.9394212961196899,0.013908928260207176
sigmoid,cross,0-animal,7,A photo of a fox riding a bicycle,data/sigmoid/cross/0-animal/7.png,0.399749219417572,0.8762425184249878,0.02819492295384407
sigmoid,cross,0-animal,8,A photo of a wolf riding a bicycle,data/sigmoid/cross/0-animal/8.png,0.32641950249671936,0.8863670229911804,0.025889866054058075
sigmoid,cross,0-animal,9,A photo of a monkey riding a bicycle,data/sigmoid/cross/0-animal/9.png,0.36496585607528687,0.9001209735870361,0.022945133969187737
sigmoid,cross,0-animal,10,A photo of an elephant riding a bicycle,data/sigmoid/cross/0-animal/10.png,0.3340735137462616,0.8609713315963745,0.02671004645526409
sigmoid,cross,1-clothes,1,A portrait of a woman wearing a jacket,data/sigmoid/cross/1-clothes/1.png,0.27088937163352966,0.8520625233650208,0.03542933240532875
sigmoid,cross,1-clothes,2,A portrait of a woman wearing a sweater,data/sigmoid/cross/1-clothes/2.png,0.3032378852367401,0.8535383343696594,0.033354245126247406
sigmoid,cross,1-clothes,3,A portrait of a woman wearing a skirt,data/sigmoid/cross/1-clothes/3.png,0.25356751680374146,0.8963010907173157,0.03483912721276283
sigmoid,cross,1-clothes,4,A portrait of a woman wearing a coat,data/sigmoid/cross/1-clothes/4.png,0.270163357257843,0.8028370141983032,0.046535708010196686
sigmoid,cross,1-clothes,5,A portrait of a woman wearing a shirt,data/sigmoid/cross/1-clothes/5.png,0.2675322890281677,0.8200592994689941,0.030560970306396484
sigmoid,cross,1-clothes,6,A portrait of a woman wearing a scarf,data/sigmoid/cross/1-clothes/6.png,0.3428899943828583,0.9160799384117126,0.020930517464876175
sigmoid,cross,1-clothes,7,A portrait of a woman wearing a hoodie,data/sigmoid/cross/1-clothes/7.png,0.31398338079452515,0.7764567136764526,0.062212780117988586
sigmoid,cross,1-clothes,8,A portrait of a woman wearing a blouse,data/sigmoid/cross/1-clothes/8.png,0.30211588740348816,0.9670486450195312,0.019198480993509293
sigmoid,cross,1-clothes,9,A portrait of a woman wearing a suit,data/sigmoid/cross/1-clothes/9.png,0.26782160997390747,0.8313551545143127,0.04162898287177086
sigmoid,cross,1-clothes,10,A portrait of a woman wearing a vest,data/sigmoid/cross/1-clothes/10.png,0.2997574806213379,0.8235814571380615,0.02667485550045967
sigmoid,cross,2-color,1,A bear holding a red balloon.,data/sigmoid/cross/2-color/1.png,0.3315633237361908,0.933708667755127,0.04185917228460312
sigmoid,cross,2-color,2,A bear holding a yellow balloon.,data/sigmoid/cross/2-color/2.png,0.3195529580116272,0.9506323337554932,0.049322906881570816
sigmoid,cross,2-color,3,A bear holding a black balloon.,data/sigmoid/cross/2-color/3.png,0.3234553039073944,0.972022294998169,0.023924807086586952
sigmoid,cross,2-color,4,A bear holding a pink balloon.,data/sigmoid/cross/2-color/4.png,0.3445037603378296,0.9462626576423645,0.045398224145174026
sigmoid,cross,2-color,5,A bear holding a white balloon.,data/sigmoid/cross/2-color/5.png,0.3124174475669861,0.9596641063690186,0.029883060604333878
sigmoid,cross,2-color,6,A bear holding a green balloon.,data/sigmoid/cross/2-color/6.png,0.3458005487918854,0.9717408418655396,0.008371351286768913
sigmoid,cross,2-color,7,A bear holding a purple balloon.,data/sigmoid/cross/2-color/7.png,0.35740870237350464,0.9636663794517517,0.038179971277713776
sigmoid,cross,2-color,8,A bear holding a orange balloon.,data/sigmoid/cross/2-color/8.png,0.3396846652030945,0.9410936832427979,0.03636883571743965
sigmoid,cross,2-color,9,A bear holding a gray balloon.,data/sigmoid/cross/2-color/9.png,0.3281196355819702,0.9759777784347534,0.027624111622571945
sigmoid,cross,2-color,10,A bear holding a brown balloon.,data/sigmoid/cross/2-color/10.png,0.34236419200897217,0.8631595969200134,0.06564280390739441
sigmoid,cross,3-decorates,1,A cake decorated with strawberries,data/sigmoid/cross/3-decorates/1.png,0.32234299182891846,0.8957656621932983,0.033681370317935944
sigmoid,cross,3-decorates,2,A cake decorated with blueberries,data/sigmoid/cross/3-decorates/2.png,0.3133055567741394,0.9000053405761719,0.03090837597846985
sigmoid,cross,3-decorates,3,A cake decorated with cream,data/sigmoid/cross/3-decorates/3.png,0.29423820972442627,0.9047908782958984,0.049475062638521194
sigmoid,cross,3-decorates,4,A cake decorated with sprinkles,data/sigmoid/cross/3-decorates/4.png,0.31800904870033264,0.9263907670974731,0.02843458764255047
sigmoid,cross,3-decorates,5,A cake decorated with almonds,data/sigmoid/cross/3-decorates/5.png,0.31192371249198914,0.9413819909095764,0.022057918831706047
sigmoid,cross,3-decorates,6,A cake decorated with cherries,data/sigmoid/cross/3-decorates/6.png,0.3127688765525818,0.9013960361480713,0.021810095757246017
sigmoid,cross,3-decorates,7,A cake decorated with mints,data/sigmoid/cross/3-decorates/7.png,0.2971958518028259,0.894260048866272,0.03663406893610954
sigmoid,cross,3-decorates,8,A cake decorated with macarons,data/sigmoid/cross/3-decorates/8.png,0.29783183336257935,0.9365619421005249,0.025663161650300026
sigmoid,cross,3-decorates,9,A cake decorated with caramel,data/sigmoid/cross/3-decorates/9.png,0.29476287961006165,0.9295322895050049,0.021563300862908363
sigmoid,cross,3-decorates,10,A cake decorated with raspberries,data/sigmoid/cross/3-decorates/10.png,0.32649633288383484,0.9142487049102783,0.03082478977739811
sigmoid,cross,4-food,1,A painting of a girl holding an apple,data/sigmoid/cross/4-food/1.png,0.3863668739795685,0.7936409115791321,0.047642722725868225
sigmoid,cross,4-food,2,A painting of a girl holding a grape,data/sigmoid/cross/4-food/2.png,0.3736345171928406,0.8144038319587708,0.049457304179668427
sigmoid,cross,4-food,3,A painting of a girl holding a pineapple,data/sigmoid/cross/4-food/3.png,0.3865143954753876,0.7731401920318604,0.046862367540597916
sigmoid,cross,4-food,4,A painting of a girl holding a watermelon,data/sigmoid/cross/4-food/4.png,0.38498517870903015,0.8461146354675293,0.03021428920328617
sigmoid,cross,4-food,5,A painting of a girl holding a mango,data/sigmoid/cross/4-food/5.png,0.3528968393802643,0.8401868939399719,0.040986090898513794
sigmoid,cross,4-food,6,A painting of a girl holding a strawberry,data/sigmoid/cross/4-food/6.png,0.39502811431884766,0.7926863431930542,0.05171934515237808
sigmoid,cross,4-food,7,A painting of a girl holding a peach,data/sigmoid/cross/4-food/7.png,0.35972023010253906,0.783639669418335,0.04823696240782738
sigmoid,cross,4-food,8,A painting of a girl holding a papaya,data/sigmoid/cross/4-food/8.png,0.34987762570381165,0.8423444032669067,0.03499259799718857
sigmoid,cross,4-food,9,A painting of a girl holding a kiwi,data/sigmoid/cross/4-food/9.png,0.34392738342285156,0.82837975025177,0.03333234414458275
sigmoid,cross,4-food,10,A painting of a girl holding an orange,data/sigmoid/cross/4-food/10.png,0.33721208572387695,0.7407588958740234,0.04839380457997322
sigmoid,cross,5-object,1,A photo of a book on the table,data/sigmoid/cross/5-object/1.png,0.2945104241371155,0.8335157632827759,0.042718056589365005
sigmoid,cross,5-object,2,A photo of a cup on the table,data/sigmoid/cross/5-object/2.png,0.31147727370262146,0.9083881974220276,0.03402627632021904
sigmoid,cross,5-object,3,A photo of a lamp on the table,data/sigmoid/cross/5-object/3.png,0.3246731162071228,0.8572303056716919,0.035738278180360794
sigmoid,cross,5-object,4,A photo of a phone on the table,data/sigmoid/cross/5-object/4.png,0.28003495931625366,0.8529612421989441,0.04297023266553879
sigmoid,cross,5-object,5,A photo of a chair on the table,data/sigmoid/cross/5-object/5.png,0.2859435975551605,0.837928831577301,0.053844667971134186
sigmoid,cross,5-object,6,A photo of a table on the table,data/sigmoid/cross/5-object/6.png,0.27060389518737793,0.8743957281112671,0.12254440039396286
sigmoid,cross,5-object,7,A photo of a pen on the table,data/sigmoid/cross/5-object/7.png,0.2992299497127533,0.8424133658409119,0.07844533771276474
sigmoid,cross,5-object,8,A photo of a key on the table,data/sigmoid/cross/5-object/8.png,0.2195933312177658,0.6520028710365295,0.0839049220085144
sigmoid,cross,5-object,9,A photo of a bag on the table,data/sigmoid/cross/5-object/9.png,0.28894156217575073,0.832326352596283,0.056805651634931564
sigmoid,cross,5-object,10,A photo of a clock on the table,data/sigmoid/cross/5-object/10.png,0.295255184173584,0.7602984309196472,0.043165892362594604
sigmoid,cross,6-plants,1,A drawing of a garden filled with roses,data/sigmoid/cross/6-plants/1.png,0.3145219385623932,0.9300969243049622,0.02914411760866642
sigmoid,cross,6-plants,2,A drawing of a garden filled with tulips,data/sigmoid/cross/6-plants/2.png,0.29468974471092224,0.8886905312538147,0.028109511360526085
sigmoid,cross,6-plants,3,A drawing of a garden filled with daisies,data/sigmoid/cross/6-plants/3.png,0.3210582733154297,0.9600495100021362,0.02085096389055252
sigmoid,cross,6-plants,4,A drawing of a garden filled with lavender,data/sigmoid/cross/6-plants/4.png,0.3289116322994232,0.8480095267295837,0.04772276058793068
sigmoid,cross,6-plants,5,A drawing of a garden filled with lotus,data/sigmoid/cross/6-plants/5.png,0.29812565445899963,0.9103552103042603,0.03602633252739906
sigmoid,cross,6-plants,6,A drawing of a garden filled with orchids,data/sigmoid/cross/6-plants/6.png,0.30658406019210815,0.9463425278663635,0.03101976402103901
sigmoid,cross,6-plants,7,A drawing of a garden filled with peonies,data/sigmoid/cross/6-plants/7.png,0.34321051836013794,0.9390475749969482,0.031170537695288658
sigmoid,cross,6-plants,8,A drawing of a garden filled with violets,data/sigmoid/cross/6-plants/8.png,0.3132629990577698,0.9298805594444275,0.027851928025484085
sigmoid,cross,6-plants,9,A drawing of a garden filled with carnations,data/sigmoid/cross/6-plants/9.png,0.3111630380153656,0.9510989189147949,0.017268583178520203
sigmoid,cross,6-plants,10,A drawing of a garden filled with hydrangeas,data/sigmoid/cross/6-plants/10.png,0.35050228238105774,0.9267032742500305,0.0373150072991848
sigmoid,cross,7-text,1,A magazine cover with the headline “FASHION”,data/sigmoid/cross/7-text/1.png,0.2577545642852783,0.9023751020431519,0.00711728585883975
sigmoid,cross,7-text,2,A magazine cover with the headline “DESIGN”,data/sigmoid/cross/7-text/2.png,0.25839924812316895,0.8669681549072266,0.019106008112430573
sigmoid,cross,7-text,3,A magazine cover with the headline “TRENDS”,data/sigmoid/cross/7-text/3.png,0.24017582833766937,0.9204114079475403,0.012518423609435558
sigmoid,cross,7-text,4,A magazine cover with the headline “BEAUTY”,data/sigmoid/cross/7-text/4.png,0.2723020315170288,0.8277285099029541,0.02226683869957924
sigmoid,cross,7-text,5,A magazine cover with the headline “LIFESTYLE”,data/sigmoid/cross/7-text/5.png,0.2399992048740387,0.9786379337310791,0.0035745888017117977
sigmoid,cross,7-text,6,A magazine cover with the headline “MODERN”,data/sigmoid/cross/7-text/6.png,0.24180100858211517,0.9066025614738464,0.014762471430003643
sigmoid,cross,7-text,7,A magazine cover with the headline “ELEGANCE”,data/sigmoid/cross/7-text/7.png,0.26539695262908936,0.8464832305908203,0.022412870079278946
sigmoid,cross,7-text,8,A magazine cover with the headline “GLAMOUR”,data/sigmoid/cross/7-text/8.png,0.26047104597091675,0.8501448631286621,0.01982307992875576
sigmoid,cross,7-text,9,A magazine cover with the headline “FEATURES”,data/sigmoid/cross/7-text/9.png,0.23149257898330688,0.931652843952179,0.004076678771525621
sigmoid,cross,7-text,10,A magazine cover with the headline “INSPIRE”,data/sigmoid/cross/7-text/10.png,0.22542908787727356,0.8727239966392517,0.014720240607857704
sigmoid,cross,8-texture,1,A cup with a rough surface,data/sigmoid/cross/8-texture/1.png,0.2980402112007141,0.9819920063018799,0.012621182017028332
sigmoid,cross,8-texture,2,A cup with a shiny surface,data/sigmoid/cross/8-texture/2.png,0.3015364110469818,0.9913555979728699,0.006202211137861013
sigmoid,cross,8-texture,3,A cup with a matte surface,data/sigmoid/cross/8-texture/3.png,0.3008752465248108,0.9659903049468994,0.01306215114891529
sigmoid,cross,8-texture,4,A cup with a soft surface,data/sigmoid/cross/8-texture/4.png,0.29779499769210815,0.982681930065155,0.008871104568243027
sigmoid,cross,8-texture,5,A cup with a hard surface,data/sigmoid/cross/8-texture/5.png,0.28609561920166016,0.9690353870391846,0.009534688666462898
sigmoid,cross,8-texture,6,A cup with a sticky surface,data/sigmoid/cross/8-texture/6.png,0.2900739014148712,0.9568142890930176,0.021476849913597107
sigmoid,cross,8-texture,7,A cup with a wet surface,data/sigmoid/cross/8-texture/7.png,0.25778651237487793,0.9054127335548401,0.01168071199208498
sigmoid,cross,8-texture,8,A cup with a dry surface,data/sigmoid/cross/8-texture/8.png,0.27822205424308777,0.9550625681877136,0.0219294223934412
sigmoid,cross,8-texture,9,A cup with a grainy surface,data/sigmoid/cross/8-texture/9.png,0.29274511337280273,0.9728043079376221,0.012218247167766094
sigmoid,cross,8-texture,10,A cup with a fuzzy surface,data/sigmoid/cross/8-texture/10.png,0.29266250133514404,0.9907981157302856,0.011888300068676472
sigmoid,cross,9-Transportation,1,A drawing of a boy driving a truck,data/sigmoid/cross/9-Transportation/1.png,0.25133317708969116,0.9475034475326538,0.012633178383111954
sigmoid,cross,9-Transportation,2,A drawing of a boy driving a motorcycle,data/sigmoid/cross/9-Transportation/2.png,0.34430190920829773,0.7676362991333008,0.10765083134174347
sigmoid,cross,9-Transportation,3,A drawing of a boy driving a bus,data/sigmoid/cross/9-Transportation/3.png,0.2959141135215759,0.8824265003204346,0.029251281172037125
sigmoid,cross,9-Transportation,4,A drawing of a boy driving a bicycle,data/sigmoid/cross/9-Transportation/4.png,0.3419111967086792,0.7580005526542664,0.11899621039628983
sigmoid,cross,9-Transportation,5,A drawing of a boy driving a scooter,data/sigmoid/cross/9-Transportation/5.png,0.3168589770793915,0.8672582507133484,0.030719827860593796
sigmoid,cross,9-Transportation,6,A drawing of a boy driving a train,data/sigmoid/cross/9-Transportation/6.png,0.32426729798316956,0.7723649740219116,0.03721887245774269
sigmoid,cross,9-Transportation,7,A drawing of a boy driving a submarine,data/sigmoid/cross/9-Transportation/7.png,0.3355216979980469,0.8418149948120117,0.031860604882240295
sigmoid,cross,9-Transportation,8,A drawing of a boy driving a helicopter,data/sigmoid/cross/9-Transportation/8.png,0.2814794182777405,0.9253809452056885,0.03993390500545502
sigmoid,cross,9-Transportation,9,A drawing of a boy driving a jet,data/sigmoid/cross/9-Transportation/9.png,0.2663836181163788,0.9371709227561951,0.028921103104948997
sigmoid,cross,9-Transportation,10,A drawing of a boy driving a spaceship,data/sigmoid/cross/9-Transportation/10.png,0.26735055446624756,0.8549418449401855,0.04763663560152054
exp,self,0-animal,1,A photo of a cat riding a bicycle,data/exp/self/0-animal/1.png,0.3534718453884125,0.9090144038200378,0.014242088422179222
exp,self,0-animal,2,A photo of a dog riding a bicycle,data/exp/self/0-animal/2.png,0.3447364568710327,0.9240328073501587,0.014359166845679283
exp,self,0-animal,3,A photo of a lion riding a bicycle,data/exp/self/0-animal/3.png,0.35130321979522705,0.90032958984375,0.006978579331189394
exp,self,0-animal,4,A photo of a tiger riding a bicycle,data/exp/self/0-animal/4.png,0.36032015085220337,0.8932342529296875,0.01093383226543665
exp,self,0-animal,5,A photo of a rabbit riding a bicycle,data/exp/self/0-animal/5.png,0.3605945110321045,0.8605299592018127,0.01632721535861492
exp,self,0-animal,6,A photo of a panda riding a bicycle,data/exp/self/0-animal/6.png,0.40155741572380066,0.9291048645973206,0.007419314235448837
exp,self,0-animal,7,A photo of a fox riding a bicycle,data/exp/self/0-animal/7.png,0.38666266202926636,0.9038819670677185,0.012926102615892887
exp,self,0-animal,8,A photo of a wolf riding a bicycle,data/exp/self/0-animal/8.png,0.3574916124343872,0.9050917029380798,0.010953206568956375
exp,self,0-animal,9,A photo of a monkey riding a bicycle,data/exp/self/0-animal/9.png,0.372577965259552,0.8992857933044434,0.00828754622489214
exp,self,0-animal,10,A photo of an elephant riding a bicycle,data/exp/self/0-animal/10.png,0.3315029442310333,0.8868927359580994,0.008877110667526722
exp,self,1-clothes,1,A portrait of a woman wearing a jacket,data/exp/self/1-clothes/1.png,0.2940446138381958,0.9602876305580139,0.01147121749818325
exp,self,1-clothes,2,A portrait of a woman wearing a sweater,data/exp/self/1-clothes/2.png,0.28728634119033813,0.9603543281555176,0.01411757804453373
exp,self,1-clothes,3,A portrait of a woman wearing a skirt,data/exp/self/1-clothes/3.png,0.2823743522167206,0.971098780632019,0.006016102619469166
exp,self,1-clothes,4,A portrait of a woman wearing a coat,data/exp/self/1-clothes/4.png,0.30083298683166504,0.9611215591430664,0.010902851819992065
exp,self,1-clothes,5,A portrait of a woman wearing a shirt,data/exp/self/1-clothes/5.png,0.266120046377182,0.9501326680183411,0.013082034885883331
exp,self,1-clothes,6,A portrait of a woman wearing a scarf,data/exp/self/1-clothes/6.png,0.2955852448940277,0.9889122247695923,0.0034391910303384066
exp,self,1-clothes,7,A portrait of a woman wearing a hoodie,data/exp/self/1-clothes/7.png,0.2558443546295166,0.8617439270019531,0.01976696401834488
exp,self,1-clothes,8,A portrait of a woman wearing a blouse,data/exp/self/1-clothes/8.png,0.3048989176750183,0.9815066456794739,0.007876785472035408
exp,self,1-clothes,9,A portrait of a woman wearing a suit,data/exp/self/1-clothes/9.png,0.26112663745880127,0.9421430826187134,0.010933760553598404
exp,self,1-clothes,10,A portrait of a woman wearing a vest,data/exp/self/1-clothes/10.png,0.3249896764755249,0.9282366037368774,0.010518014430999756
exp,self,2-color,1,A bear holding a red balloon.,data/exp/self/2-color/1.png,0.33408206701278687,0.940445601940155,0.007501885760575533
exp,self,2-color,2,A bear holding a yellow balloon.,data/exp/self/2-color/2.png,0.31698402762413025,0.9527602195739746,0.009744962677359581
exp,self,2-color,3,A bear holding a black balloon.,data/exp/self/2-color/3.png,0.3216102123260498,0.9905800223350525,0.002023471752181649
exp,self,2-color,4,A bear holding a pink balloon.,data/exp/self/2-color/4.png,0.35526812076568604,0.9415318369865417,0.006628567352890968
exp,self,2-color,5,A bear holding a white balloon.,data/exp/self/2-color/5.png,0.33570194244384766,0.972382664680481,0.004243244882673025
exp,self,2-color,6,A bear holding a green balloon.,data/exp/self/2-color/6.png,0.323739618062973,0.9849691390991211,0.003808797337114811
exp,self,2-color,7,A bear holding a purple balloon.,data/exp/self/2-color/7.png,0.3513103127479553,0.9802734851837158,0.003990306053310633
exp,self,2-color,8,A bear holding a orange balloon.,data/exp/self/2-color/8.png,0.333202600479126,0.9302838444709778,0.026662370190024376
exp,self,2-color,9,A bear holding a gray balloon.,data/exp/self/2-color/9.png,0.328688383102417,0.9896921515464783,0.001715986174531281
exp,self,2-color,10,A bear holding a brown balloon.,data/exp/self/2-color/10.png,0.3072051703929901,0.9258873462677002,0.015278461389243603
exp,self,3-decorates,1,A cake decorated with strawberries,data/exp/self/3-decorates/1.png,0.28900936245918274,0.9155377149581909,0.012361865490674973
exp,self,3-decorates,2,A cake decorated with blueberries,data/exp/self/3-decorates/2.png,0.2998279929161072,0.9297271966934204,0.011141413822770119
exp,self,3-decorates,3,A cake decorated with cream,data/exp/self/3-decorates/3.png,0.29632267355918884,0.9413056969642639,0.019506506621837616
exp,self,3-decorates,4,A cake decorated with sprinkles,data/exp/self/3-decorates/4.png,0.30197733640670776,0.9576383829116821,0.010830789804458618
exp,self,3-decorates,5,A cake decorated with almonds,data/exp/self/3-decorates/5.png,0.29609352350234985,0.9502788782119751,0.009790776297450066
exp,self,3-decorates,6,A cake decorated with cherries,data/exp/self/3-decorates/6.png,0.30440887808799744,0.927979052066803,0.009437893517315388
exp,self,3-decorates,7,A cake decorated with mints,data/exp/self/3-decorates/7.png,0.2870691418647766,0.9605084657669067,0.012800999917089939
exp,self,3-decorates,8,A cake decorated with macarons,data/exp/self/3-decorates/8.png,0.2801949381828308,0.9648387432098389,0.01186294760555029
exp,self,3-decorates,9,A cake decorated with caramel,data/exp/self/3-decorates/9.png,0.2920520007610321,0.9509593844413757,0.00817218329757452
exp,self,3-decorates,10,A cake decorated with raspberries,data/exp/self/3-decorates/10.png,0.3063841164112091,0.9224683046340942,0.011103288270533085
exp,self,4-food,1,A painting of a girl holding an apple,data/exp/self/4-food/1.png,0.36486464738845825,0.8092703819274902,0.036173541098833084
exp,self,4-food,2,A painting of a girl holding a grape,data/exp/self/4-food/2.png,0.3372591435909271,0.827531099319458,0.01782623678445816
exp,self,4-food,3,A painting of a girl holding a pineapple,data/exp/self/4-food/3.png,0.3629078269004822,0.8345513343811035,0.0156969353556633
exp,self,4-food,4,A painting of a girl holding a watermelon,data/exp/self/4-food/4.png,0.35305970907211304,0.8643971085548401,0.01282765343785286
exp,self,4-food,5,A painting of a girl holding a mango,data/exp/self/4-food/5.png,0.32833293080329895,0.8562325239181519,0.015272878110408783
exp,self,4-food,6,A painting of a girl holding a strawberry,data/exp/self/4-food/6.png,0.3366822302341461,0.8494362831115723,0.016977641731500626
exp,self,4-food,7,A painting of a girl holding a peach,data/exp/self/4-food/7.png,0.3527148962020874,0.8595046401023865,0.02496677078306675
exp,self,4-food,8,A painting of a girl holding a papaya,data/exp/self/4-food/8.png,0.33156532049179077,0.8382413983345032,0.010279790498316288
exp,self,4-food,9,A painting of a girl holding a kiwi,data/exp/self/4-food/9.png,0.3328971266746521,0.8878917694091797,0.012312536127865314
exp,self,4-food,10,A painting of a girl holding an orange,data/exp/self/4-food/10.png,0.35226204991340637,0.834743320941925,0.01630113646388054
exp,self,5-object,1,A photo of a book on the table,data/exp/self/5-object/1.png,0.25406795740127563,0.8956659436225891,0.030934104695916176
exp,self,5-object,2,A photo of a cup on the table,data/exp/self/5-object/2.png,0.29049810767173767,0.9250730872154236,0.01874247007071972
exp,self,5-object,3,A photo of a lamp on the table,data/exp/self/5-object/3.png,0.2879953682422638,0.9071846008300781,0.012695075012743473
exp,self,5-object,4,A photo of a phone on the table,data/exp/self/5-object/4.png,0.265886127948761,0.8629939556121826,0.030319472774863243
exp,self,5-object,5,A photo of a chair on the table,data/exp/self/5-object/5.png,0.2825039029121399,0.8842711448669434,0.03577806428074837
exp,self,5-object,6,A photo of a table on the table,data/exp/self/5-object/6.png,0.28101035952568054,0.8821337819099426,0.06308654695749283
exp,self,5-object,7,A photo of a pen on the table,data/exp/self/5-object/7.png,0.2814115285873413,0.890203058719635,0.0227094367146492
exp,self,5-object,8,A photo of a key on the table,data/exp/self/5-object/8.png,0.2547045350074768,0.8071683049201965,0.04186933860182762
exp,self,5-object,9,A photo of a bag on the table,data/exp/self/5-object/9.png,0.2634439766407013,0.9249568581581116,0.019205810502171516
exp,self,5-object,10,A photo of a clock on the table,data/exp/self/5-object/10.png,0.2767610549926758,0.8733482360839844,0.020529327914118767
exp,self,6-plants,1,A drawing of a garden filled with roses,data/exp/self/6-plants/1.png,0.31735801696777344,0.9691713452339172,0.01876714453101158
exp,self,6-plants,2,A drawing of a garden filled with tulips,data/exp/self/6-plants/2.png,0.3056179881095886,0.9462206363677979,0.01953618973493576
exp,self,6-plants,3,A drawing of a garden filled with daisies,data/exp/self/6-plants/3.png,0.30380162596702576,0.9619496464729309,0.015638671815395355
exp,self,6-plants,4,A drawing of a garden filled with lavender,data/exp/self/6-plants/4.png,0.28083446621894836,0.9252605438232422,0.02744503691792488
exp,self,6-plants,5,A drawing of a garden filled with lotus,data/exp/self/6-plants/5.png,0.2999671995639801,0.9161715507507324,0.022407814860343933
exp,self,6-plants,6,A drawing of a garden filled with orchids,data/exp/self/6-plants/6.png,0.3172498345375061,0.9507715106010437,0.023118024691939354
exp,self,6-plants,7,A drawing of a garden filled with peonies,data/exp/self/6-plants/7.png,0.33294349908828735,0.9729149341583252,0.016776371747255325
exp,self,6-plants,8,A drawing of a garden filled with violets,data/exp/self/6-plants/8.png,0.3090302646160126,0.9477396011352539,0.0179370678961277
exp,self,6-plants,9,A drawing of a garden filled with carnations,data/exp/self/6-plants/9.png,0.3108440637588501,0.9586358666419983,0.011654307134449482
exp,self,6-plants,10,A drawing of a garden filled with hydrangeas,data/exp/self/6-plants/10.png,0.3385747969150543,0.9492424726486206,0.019012756645679474
exp,self,7-text,1,A magazine cover with the headline “FASHION”,data/exp/self/7-text/1.png,0.24752584099769592,0.964061975479126,0.0009083964396268129
exp,self,7-text,2,A magazine cover with the headline “DESIGN”,data/exp/self/7-text/2.png,0.2559508979320526,0.9674311280250549,0.0026175789535045624
exp,self,7-text,3,A magazine cover with the headline “TRENDS”,data/exp/self/7-text/3.png,0.2506104111671448,0.9909306764602661,0.0007911701104603708
exp,self,7-text,4,A magazine cover with the headline “BEAUTY”,data/exp/self/7-text/4.png,0.24833501875400543,0.9379921555519104,0.005392912775278091
exp,self,7-text,5,A magazine cover with the headline “LIFESTYLE”,data/exp/self/7-text/5.png,0.24010370671749115,0.9887697100639343,0.0009978287853300571
exp,self,7-text,6,A magazine cover with the headline “MODERN”,data/exp/self/7-text/6.png,0.2547121047973633,0.9881340265274048,0.001124128233641386
exp,self,7-text,7,A magazine cover with the headline “ELEGANCE”,data/exp/self/7-text/7.png,0.2566952407360077,0.9715077877044678,0.001079086447134614
exp,self,7-text,8,A magazine cover with the headline “GLAMOUR”,data/exp/self/7-text/8.png,0.2433328926563263,0.9513441920280457,0.0020742984488606453
exp,self,7-text,9,A magazine cover with the headline “FEATURES”,data/exp/self/7-text/9.png,0.24222224950790405,0.9857634902000427,0.0008078456739895046
exp,self,7-text,10,A magazine cover with the headline “INSPIRE”,data/exp/self/7-text/10.png,0.23393367230892181,0.9838107824325562,0.0014025676064193249
exp,self,8-texture,1,A cup with a rough surface,data/exp/self/8-texture/1.png,0.2987784147262573,0.9868406057357788,0.00530209532007575
exp,self,8-texture,2,A cup with a shiny surface,data/exp/self/8-texture/2.png,0.30474409461021423,0.9915693998336792,0.0038530633319169283
exp,self,8-texture,3,A cup with a matte surface,data/exp/self/8-texture/3.png,0.29931166768074036,0.9780153632164001,0.00732978293672204
exp,self,8-texture,4,A cup with a soft surface,data/exp/self/8-texture/4.png,0.3028513789176941,0.9921116828918457,0.0035979265812784433
exp,self,8-texture,5,A cup with a hard surface,data/exp/self/8-texture/5.png,0.2926885187625885,0.9879422187805176,0.0032445495016872883
exp,self,8-texture,6,A cup with a sticky surface,data/exp/self/8-texture/6.png,0.2917616367340088,0.9809247851371765,0.006935437675565481
exp,self,8-texture,7,A cup with a wet surface,data/exp/self/8-texture/7.png,0.28861457109451294,0.9887745380401611,0.0016643776325508952
exp,self,8-texture,8,A cup with a dry surface,data/exp/self/8-texture/8.png,0.28957489132881165,0.9888549447059631,0.0020806139800697565
exp,self,8-texture,9,A cup with a grainy surface,data/exp/self/8-texture/9.png,0.29113906621932983,0.9794903993606567,0.007288224995136261
exp,self,8-texture,10,A cup with a fuzzy surface,data/exp/self/8-texture/10.png,0.29312920570373535,0.9920876622200012,0.004666890483349562
exp,self,9-Transportation,1,A drawing of a boy driving a truck,data/exp/self/9-Transportation/1.png,0.26867854595184326,0.9534604549407959,0.013550113886594772
exp,self,9-Transportation,2,A drawing of a boy driving a motorcycle,data/exp/self/9-Transportation/2.png,0.2664322853088379,0.9465106129646301,0.015498190186917782
exp,self,9-Transportation,3,A drawing of a boy driving a bus,data/exp/self/9-Transportation/3.png,0.270969420671463,0.9266104698181152,0.006420711055397987
exp,self,9-Transportation,4,A drawing of a boy driving a bicycle,data/exp/self/9-Transportation/4.png,0.3284871280193329,0.8634263277053833,0.04990118741989136
exp,self,9-Transportation,5,A drawing of a boy driving a scooter,data/exp/self/9-Transportation/5.png,0.25785118341445923,0.9292319416999817,0.01248222403228283
exp,self,9-Transportation,6,A drawing of a boy driving a train,data/exp/self/9-Transportation/6.png,0.31050536036491394,0.9019455909729004,0.012388961389660835
exp,self,9-Transportation,7,A drawing of a boy driving a submarine,data/exp/self/9-Transportation/7.png,0.28780972957611084,0.9275821447372437,0.013290517963469028
exp,self,9-Transportation,8,A drawing of a boy driving a helicopter,data/exp/self/9-Transportation/8.png,0.2630038261413574,0.9668294191360474,0.014256961643695831
exp,self,9-Transportation,9,A drawing of a boy driving a jet,data/exp/self/9-Transportation/9.png,0.2675378918647766,0.9644824266433716,0.009600977413356304
exp,self,9-Transportation,10,A drawing of a boy driving a spaceship,data/exp/self/9-Transportation/10.png,0.2706196904182434,0.9880969524383545,0.0063552772626280785
exp,cross,0-animal,1,A photo of a cat riding a bicycle,data/exp/cross/0-animal/1.png,0.3090863525867462,0.8838295936584473,0.033630188554525375
exp,cross,0-animal,2,A photo of a dog riding a bicycle,data/exp/cross/0-animal/2.png,0.3593158721923828,0.8943658471107483,0.030825166031718254
exp,cross,0-animal,3,A photo of a lion riding a bicycle,data/exp/cross/0-animal/3.png,0.33280861377716064,0.9012025594711304,0.027439313009381294
exp,cross,0-animal,4,A photo of a tiger riding a bicycle,data/exp/cross/0-animal/4.png,0.38356107473373413,0.8725950717926025,0.015891341492533684
exp,cross,0-animal,5,A photo of a rabbit riding a bicycle,data/exp/cross/0-animal/5.png,0.3756628632545471,0.8327493667602539,0.04062964767217636
exp,cross,0-animal,6,A photo of a panda riding a bicycle,data/exp/cross/0-animal/6.png,0.37881559133529663,0.8452253341674805,0.0344846285879612
exp,cross,0-animal,7,A photo of a fox riding a bicycle,data/exp/cross/0-animal/7.png,0.4002525210380554,0.8696333169937134,0.02927686646580696
exp,cross,0-animal,8,A photo of a wolf riding a bicycle,data/exp/cross/0-animal/8.png,0.3263600170612335,0.889202892780304,0.026966150850057602
exp,cross,0-animal,9,A photo of a monkey riding a bicycle,data/exp/cross/0-animal/9.png,0.3732658624649048,0.8015062808990479,0.02850372903048992
exp,cross,0-animal,10,A photo of an elephant riding a bicycle,data/exp/cross/0-animal/10.png,0.30684909224510193,0.852320671081543,0.03302045911550522
exp,cross,1-clothes,1,A portrait of a woman wearing a jacket,data/exp/cross/1-clothes/1.png,0.2810099124908447,0.8128930330276489,0.0407269187271595
exp,cross,1-clothes,2,A portrait of a woman wearing a sweater,data/exp/cross/1-clothes/2.png,0.30058878660202026,0.7397950887680054,0.04254699870944023
exp,cross,1-clothes,3,A portrait of a woman wearing a skirt,data/exp/cross/1-clothes/3.png,0.23947814106941223,0.8611962199211121,0.04577280208468437
exp,cross,1-clothes,4,A portrait of a woman wearing a coat,data/exp/cross/1-clothes/4.png,0.2582821249961853,0.701014518737793,0.0697193443775177
exp,cross,1-clothes,5,A portrait of a woman wearing a shirt,data/exp/cross/1-clothes/5.png,0.2728639841079712,0.7642506957054138,0.03603758290410042
exp,cross,1-clothes,6,A portrait of a woman wearing a scarf,data/exp/cross/1-clothes/6.png,0.3501528799533844,0.9101003408432007,0.02643006294965744
exp,cross,1-clothes,7,A portrait of a woman wearing a hoodie,data/exp/cross/1-clothes/7.png,0.3055075407028198,0.7754974961280823,0.0629250779747963
exp,cross,1-clothes,8,A portrait of a woman wearing a blouse,data/exp/cross/1-clothes/8.png,0.3058282732963562,0.9518213272094727,0.02150074951350689
exp,cross,1-clothes,9,A portrait of a woman wearing a suit,data/exp/cross/1-clothes/9.png,0.27807432413101196,0.8078098893165588,0.044870685786008835
exp,cross,1-clothes,10,A portrait of a woman wearing a vest,data/exp/cross/1-clothes/10.png,0.2966573238372803,0.7502126693725586,0.03180745616555214
exp,cross,2-color,1,A bear holding a red balloon.,data/exp/cross/2-color/1.png,0.3168984353542328,0.8468586802482605,0.07120274752378464
exp,cross,2-color,2,A bear holding a yellow balloon.,data/exp/cross/2-color/2.png,0.33672598004341125,0.887175440788269,0.07507068663835526
exp,cross,2-color,3,A bear holding a black balloon.,data/exp/cross/2-color/3.png,0.3266124427318573,0.8922175168991089,0.07224574685096741
exp,cross,2-color,4,A bear holding a pink balloon.,data/exp/cross/2-color/4.png,0.3415966331958771,0.919730544090271,0.04851642623543739
exp,cross,2-color,5,A bear holding a white balloon.,data/exp/cross/2-color/5.png,0.3325900435447693,0.9074596166610718,0.06608188152313232
exp,cross,2-color,6,A bear holding a green balloon.,data/exp/cross/2-color/6.png,0.34655728936195374,0.9043644666671753,0.03363103047013283
exp,cross,2-color,7,A bear holding a purple balloon.,data/exp/cross/2-color/7.png,0.336651474237442,0.9358494281768799,0.05667628347873688
exp,cross,2-color,8,A bear holding a orange balloon.,data/exp/cross/2-color/8.png,0.342479407787323,0.8713967204093933,0.05413835868239403
exp,cross,2-color,9,A bear holding a gray balloon.,data/exp/cross/2-color/9.png,0.34012526273727417,0.896253764629364,0.06510363519191742
exp,cross,2-color,10,A bear holding a brown balloon.,data/exp/cross/2-color/10.png,0.3258014917373657,0.8739495873451233,0.0781041607260704
exp,cross,3-decorates,1,A cake decorated with strawberries,data/exp/cross/3-decorates/1.png,0.3322862386703491,0.8377816081047058,0.081967294216156
exp,cross,3-decorates,2,A cake decorated with blueberries,data/exp/cross/3-decorates/2.png,0.3219735026359558,0.8877310752868652,0.04984210059046745
exp,cross,3-decorates,3,A cake decorated with cream,data/exp/cross/3-decorates/3.png,0.30549508333206177,0.8351613879203796,0.07551100850105286
exp,cross,3-decorates,4,A cake decorated with sprinkles,data/exp/cross/3-decorates/4.png,0.32931339740753174,0.8649448156356812,0.06195637211203575
exp,cross,3-decorates,5,A cake decorated with almonds,data/exp/cross/3-decorates/5.png,0.3054635524749756,0.9080942869186401,0.04850401356816292
exp,cross,3-decorates,6,A cake decorated with cherries,data/exp/cross/3-decorates/6.png,0.3218064308166504,0.9240636825561523,0.038009416311979294
exp,cross,3-decorates,7,A cake decorated with mints,data/exp/cross/3-decorates/7.png,0.308531254529953,0.8447284698486328,0.05360425263643265
exp,cross,3-decorates,8,A cake decorated with macarons,data/exp/cross/3-decorates/8.png,0.32217609882354736,0.9369648694992065,0.034859251230955124
exp,cross,3-decorates,9,A cake decorated with caramel,data/exp/cross/3-decorates/9.png,0.2913983464241028,0.905968427658081,0.0380556583404541
exp,cross,3-decorates,10,A cake decorated with raspberries,data/exp/cross/3-decorates/10.png,0.3156675696372986,0.9152452349662781,0.07298275828361511
exp,cross,4-food,1,A painting of a girl holding an apple,data/exp/cross/4-food/1.png,0.37964460253715515,0.7911516427993774,0.05056537315249443
exp,cross,4-food,2,A painting of a girl holding a grape,data/exp/cross/4-food/2.png,0.3843371272087097,0.7559177875518799,0.046651724725961685
exp,cross,4-food,3,A painting of a girl holding a pineapple,data/exp/cross/4-food/3.png,0.38996028900146484,0.7499761581420898,0.05279533937573433
exp,cross,4-food,4,A painting of a girl holding a watermelon,data/exp/cross/4-food/4.png,0.35424068570137024,0.8420537710189819,0.03464597463607788
exp,cross,4-food,5,A painting of a girl holding a mango,data/exp/cross/4-food/5.png,0.37069833278656006,0.8086115121841431,0.043065764009952545
exp,cross,4-food,6,A painting of a girl holding a strawberry,data/exp/cross/4-food/6.png,0.3909923732280731,0.7919934391975403,0.05107267200946808
exp,cross,4-food,7,A painting of a girl holding a peach,data/exp/cross/4-food/7.png,0.35535693168640137,0.7839381098747253,0.05322086438536644
exp,cross,4-food,8,A painting of a girl holding a papaya,data/exp/cross/4-food/8.png,0.3846557140350342,0.8116113543510437,0.03838751092553139
exp,cross,4-food,9,A painting of a girl holding a kiwi,data/exp/cross/4-food/9.png,0.329190194606781,0.7892757058143616,0.041663605719804764
exp,cross,4-food,10,A painting of a girl holding an orange,data/exp/cross/4-food/10.png,0.35003113746643066,0.7404916882514954,0.057543810456991196
exp,cross,5-object,1,A photo of a book on the table,data/exp/cross/5-object/1.png,0.2619946599006653,0.8245534300804138,0.045837946236133575
exp,cross,5-object,2,A photo of a cup on the table,data/exp/cross/5-object/2.png,0.3124072253704071,0.852058470249176,0.0811876505613327
exp,cross,5-object,3,A photo of a lamp on the table,data/exp/cross/5-object/3.png,0.30929118394851685,0.8177168369293213,0.06392402201890945
exp,cross,5-object,4,A photo of a phone on the table,data/exp/cross/5-object/4.png,0.26672419905662537,0.8583920001983643,0.039220426231622696
exp,cross,5-object,5,A photo of a chair on the table,data/exp/cross/5-object/5.png,0.3023703396320343,0.8204535841941833,0.05266149714589119
exp,cross,5-object,6,A photo of a table on the table,data/exp/cross/5-object/6.png,0.26646846532821655,0.8374303579330444,0.09164034575223923
exp,cross,5-object,7,A photo of a pen on the table,data/exp/cross/5-object/7.png,0.3016696572303772,0.828364372253418,0.08579722046852112
exp,cross,5-object,8,A photo of a key on the table,data/exp/cross/5-object/8.png,0.25734513998031616,0.7655041217803955,0.09000293165445328
exp,cross,5-object,9,A photo of a bag on the table,data/exp/cross/5-object/9.png,0.2952086329460144,0.8197628855705261,0.07142839580774307
exp,cross,5-object,10,A photo of a clock on the table,data/exp/cross/5-object/10.png,0.28924208879470825,0.7376423478126526,0.06415504962205887
exp,cross,6-plants,1,A drawing of a garden filled with roses,data/exp/cross/6-plants/1.png,0.3396488428115845,0.7615532875061035,0.07956849038600922
exp,cross,6-plants,2,A drawing of a garden filled with tulips,data/exp/cross/6-plants/2.png,0.2915382981300354,0.8651538491249084,0.033151786774396896
exp,cross,6-plants,3,A drawing of a garden filled with daisies,data/exp/cross/6-plants/3.png,0.3228335678577423,0.9581731557846069,0.022117676213383675
exp,cross,6-plants,4,A drawing of a garden filled with lavender,data/exp/cross/6-plants/4.png,0.3306213915348053,0.7256712317466736,0.06126019358634949
exp,cross,6-plants,5,A drawing of a garden filled with lotus,data/exp/cross/6-plants/5.png,0.3588053584098816,0.7915835380554199,0.08286162465810776
exp,cross,6-plants,6,A drawing of a garden filled with orchids,data/exp/cross/6-plants/6.png,0.31712132692337036,0.8304057717323303,0.07282966375350952
exp,cross,6-plants,7,A drawing of a garden filled with peonies,data/exp/cross/6-plants/7.png,0.35013246536254883,0.7589309811592102,0.0768694281578064
exp,cross,6-plants,8,A drawing of a garden filled with violets,data/exp/cross/6-plants/8.png,0.313518226146698,0.9308415651321411,0.02804373763501644
exp,cross,6-plants,9,A drawing of a garden filled with carnations,data/exp/cross/6-plants/9.png,0.30325847864151,0.9462951421737671,0.021240239962935448
exp,cross,6-plants,10,A drawing of a garden filled with hydrangeas,data/exp/cross/6-plants/10.png,0.34843912720680237,0.9160096049308777,0.04184124991297722
exp,cross,7-text,1,A magazine cover with the headline “FASHION”,data/exp/cross/7-text/1.png,0.25488704442977905,0.8645650148391724,0.019676409661769867
exp,cross,7-text,2,A magazine cover with the headline “DESIGN”,data/exp/cross/7-text/2.png,0.2540473937988281,0.8454837799072266,0.0338839553296566
exp,cross,7-text,3,A magazine cover with the headline “TRENDS”,data/exp/cross/7-text/3.png,0.23823373019695282,0.9030293226242065,0.01779722236096859
exp,cross,7-text,4,A magazine cover with the headline “BEAUTY”,data/exp/cross/7-text/4.png,0.26512593030929565,0.8105169534683228,0.024208923801779747
exp,cross,7-text,5,A magazine cover with the headline “LIFESTYLE”,data/exp/cross/7-text/5.png,0.22556185722351074,0.8816856145858765,0.013652976602315903
exp,cross,7-text,6,A magazine cover with the headline “MODERN”,data/exp/cross/7-text/6.png,0.24148178100585938,0.8949807286262512,0.016117271035909653
exp,cross,7-text,7,A magazine cover with the headline “ELEGANCE”,data/exp/cross/7-text/7.png,0.26134341955184937,0.8226622343063354,0.020664533600211143
exp,cross,7-text,8,A magazine cover with the headline “GLAMOUR”,data/exp/cross/7-text/8.png,0.2577870786190033,0.8500865697860718,0.022927381098270416
exp,cross,7-text,9,A magazine cover with the headline “FEATURES”,data/exp/cross/7-text/9.png,0.22641170024871826,0.915359377861023,0.010607093572616577
exp,cross,7-text,10,A magazine cover with the headline “INSPIRE”,data/exp/cross/7-text/10.png,0.2214517444372177,0.8701650500297546,0.01856708899140358
exp,cross,8-texture,1,A cup with a rough surface,data/exp/cross/8-texture/1.png,0.3039243221282959,0.9623318314552307,0.03592708334326744
exp,cross,8-texture,2,A cup with a shiny surface,data/exp/cross/8-texture/2.png,0.31144070625305176,0.9576513767242432,0.03571028262376785
exp,cross,8-texture,3,A cup with a matte surface,data/exp/cross/8-texture/3.png,0.31117647886276245,0.9415753483772278,0.05028548464179039
exp,cross,8-texture,4,A cup with a soft surface,data/exp/cross/8-texture/4.png,0.2956664562225342,0.9706220626831055,0.02158331871032715
exp,cross,8-texture,5,A cup with a hard surface,data/exp/cross/8-texture/5.png,0.28527551889419556,0.9657964706420898,0.011107834987342358
exp,cross,8-texture,6,A cup with a sticky surface,data/exp/cross/8-texture/6.png,0.28848031163215637,0.9519195556640625,0.023970389738678932
exp,cross,8-texture,7,A cup with a wet surface,data/exp/cross/8-texture/7.png,0.2529931664466858,0.8926866054534912,0.0173148512840271
exp,cross,8-texture,8,A cup with a dry surface,data/exp/cross/8-texture/8.png,0.29242852330207825,0.9759146571159363,0.02332896552979946
exp,cross,8-texture,9,A cup with a grainy surface,data/exp/cross/8-texture/9.png,0.3043390214443207,0.9761106967926025,0.028907082974910736
exp,cross,8-texture,10,A cup with a fuzzy surface,data/exp/cross/8-texture/10.png,0.29682350158691406,0.9823832511901855,0.012521318159997463
exp,cross,9-Transportation,1,A drawing of a boy driving a truck,data/exp/cross/9-Transportation/1.png,0.29570311307907104,0.9092292189598083,0.04163021594285965
exp,cross,9-Transportation,2,A drawing of a boy driving a motorcycle,data/exp/cross/9-Transportation/2.png,0.34403741359710693,0.7391181588172913,0.13309814035892487
exp,cross,9-Transportation,3,A drawing of a boy driving a bus,data/exp/cross/9-Transportation/3.png,0.2991786003112793,0.891152024269104,0.04953563213348389
exp,cross,9-Transportation,4,A drawing of a boy driving a bicycle,data/exp/cross/9-Transportation/4.png,0.32124564051628113,0.7717478275299072,0.14586015045642853
exp,cross,9-Transportation,5,A drawing of a boy driving a scooter,data/exp/cross/9-Transportation/5.png,0.31769412755966187,0.8028965592384338,0.06484880298376083
exp,cross,9-Transportation,6,A drawing of a boy driving a train,data/exp/cross/9-Transportation/6.png,0.33766457438468933,0.7916104793548584,0.04842028021812439
exp,cross,9-Transportation,7,A drawing of a boy driving a submarine,data/exp/cross/9-Transportation/7.png,0.3283705711364746,0.7759283781051636,0.08364427834749222
exp,cross,9-Transportation,8,A drawing of a boy driving a helicopter,data/exp/cross/9-Transportation/8.png,0.30260831117630005,0.816001832485199,0.052997734397649765
exp,cross,9-Transportation,9,A drawing of a boy driving a jet,data/exp/cross/9-Transportation/9.png,0.30621814727783203,0.8169693350791931,0.03970013186335564
exp,cross,9-Transportation,10,A drawing of a boy driving a spaceship,data/exp/cross/9-Transportation/10.png,0.2897931933403015,0.8074090480804443,0.058252155780792236
quadratic,self,0-animal,1,A photo of a cat riding a bicycle,data/quadratic/self/0-animal/1.png,0.35208821296691895,0.8967512845993042,0.009093730710446835
quadratic,self,0-animal,2,A photo of a dog riding a bicycle,data/quadratic/self/0-animal/2.png,0.3519838750362396,0.9492965936660767,0.006291545927524567
quadratic,self,0-animal,3,A photo of a lion riding a bicycle,data/quadratic/self/0-animal/3.png,0.33986812829971313,0.8909209966659546,0.004914408549666405
quadratic,self,0-animal,4,A photo of a tiger riding a bicycle,data/quadratic/self/0-animal/4.png,0.3554014563560486,0.8858162760734558,0.013480584137141705
quadratic,self,0-animal,5,A photo of a rabbit riding a bicycle,data/quadratic/self/0-animal/5.png,0.35263460874557495,0.8829838633537292,0.01057341042906046
quadratic,self,0-animal,6,A photo of a panda riding a bicycle,data/quadratic/self/0-animal/6.png,0.3941912353038788,0.9343165755271912,0.0037449628580361605
quadratic,self,0-animal,7,A photo of a fox riding a bicycle,data/quadratic/self/0-animal/7.png,0.3976678252220154,0.8942303657531738,0.006362353917211294
quadratic,self,0-animal,8,A photo of a wolf riding a bicycle,data/quadratic/self/0-animal/8.png,0.34996873140335083,0.9081594347953796,0.008478429168462753
quadratic,self,0-animal,9,A photo of a monkey riding a bicycle,data/quadratic/self/0-animal/9.png,0.3797481060028076,0.906930685043335,0.005475257523357868
quadratic,self,0-animal,10,A photo of an elephant riding a bicycle,data/quadratic/self/0-animal/10.png,0.34533220529556274,0.9138243794441223,0.008070078678429127
quadratic,self,1-clothes,1,A portrait of a woman wearing a jacket,data/quadratic/self/1-clothes/1.png,0.2963877022266388,0.9794765710830688,0.004354043398052454
quadratic,self,1-clothes,2,A portrait of a woman wearing a sweater,data/quadratic/self/1-clothes/2.png,0.2841733694076538,0.9631412625312805,0.007011064328253269
quadratic,self,1-clothes,3,A portrait of a woman wearing a skirt,data/quadratic/self/1-clothes/3.png,0.28391969203948975,0.9710534811019897,0.002099644858390093
quadratic,self,1-clothes,4,A portrait of a woman wearing a coat,data/quadratic/self/1-clothes/4.png,0.3044949769973755,0.9786284565925598,0.004791334271430969
quadratic,self,1-clothes,5,A portrait of a woman wearing a shirt,data/quadratic/self/1-clothes/5.png,0.2747225761413574,0.968761682510376,0.005563719198107719
quadratic,self,1-clothes,6,A portrait of a woman wearing a scarf,data/quadratic/self/1-clothes/6.png,0.3003394305706024,0.9922786355018616,0.0019257363164797425
quadratic,self,1-clothes,7,A portrait of a woman wearing a hoodie,data/quadratic/self/1-clothes/7.png,0.2614215910434723,0.9534157514572144,0.009522229433059692
quadratic,self,1-clothes,8,A portrait of a woman wearing a blouse,data/quadratic/self/1-clothes/8.png,0.30376482009887695,0.9868668913841248,0.0017859111540019512
quadratic,self,1-clothes,9,A portrait of a woman wearing a suit,data/quadratic/self/1-clothes/9.png,0.2812228202819824,0.9734376072883606,0.005037729162722826
quadratic,self,1-clothes,10,A portrait of a woman wearing a vest,data/quadratic/self/1-clothes/10.png,0.33472830057144165,0.9601553678512573,0.004661571700125933
quadratic,self,2-color,1,A bear holding a red balloon.,data/quadratic/self/2-color/1.png,0.3332831859588623,0.9493589997291565,0.005363632924854755
quadratic,self,2-color,2,A bear holding a yellow balloon.,data/quadratic/self/2-color/2.png,0.3180137276649475,0.9516680836677551,0.008193082176148891
quadratic,self,2-color,3,A bear holding a black balloon.,data/quadratic/self/2-color/3.png,0.3213001489639282,0.9917895793914795,0.001261213212274015
quadratic,self,2-color,4,A bear holding a pink balloon.,data/quadratic/self/2-color/4.png,0.3513414263725281,0.9477993845939636,0.003876847680658102
quadratic,self,2-color,5,A bear holding a white balloon.,data/quadratic/self/2-color/5.png,0.3321214020252228,0.9765065312385559,0.002984110964462161
quadratic,self,2-color,6,A bear holding a green balloon.,data/quadratic/self/2-color/6.png,0.316420316696167,0.9837430715560913,0.0019129771972075105
quadratic,self,2-color,7,A bear holding a purple balloon.,data/quadratic/self/2-color/7.png,0.34436115622520447,0.9827491044998169,0.002464942866936326
quadratic,self,2-color,8,A bear holding a orange balloon.,data/quadratic/self/2-color/8.png,0.349234402179718,0.9617979526519775,0.005165921524167061
quadratic,self,2-color,9,A bear holding a gray balloon.,data/quadratic/self/2-color/9.png,0.32945045828819275,0.9896191358566284,0.0012050678487867117
quadratic,self,2-color,10,A bear holding a brown balloon.,data/quadratic/self/2-color/10.png,0.3238220512866974,0.9578310251235962,0.00836285948753357
quadratic,self,3-decorates,1,A cake decorated with strawberries,data/quadratic/self/3-decorates/1.png,0.2883679270744324,0.9354338645935059,0.007746054790914059
quadratic,self,3-decorates,2,A cake decorated with blueberries,data/quadratic/self/3-decorates/2.png,0.29911738634109497,0.9515993595123291,0.0061198510229587555
quadratic,self,3-decorates,3,A cake decorated with cream,data/quadratic/self/3-decorates/3.png,0.2934817671775818,0.9554864168167114,0.009173649363219738
quadratic,self,3-decorates,4,A cake decorated with sprinkles,data/quadratic/self/3-decorates/4.png,0.29591283202171326,0.9362102150917053,0.005684153642505407
quadratic,self,3-decorates,5,A cake decorated with almonds,data/quadratic/self/3-decorates/5.png,0.29636695981025696,0.9744957685470581,0.004840122535824776
quadratic,self,3-decorates,6,A cake decorated with cherries,data/quadratic/self/3-decorates/6.png,0.30035582184791565,0.9393541216850281,0.005295965354889631
quadratic,self,3-decorates,7,A cake decorated with mints,data/quadratic/self/3-decorates/7.png,0.2846059501171112,0.9572237133979797,0.006787714548408985
quadratic,self,3-decorates,8,A cake decorated with macarons,data/quadratic/self/3-decorates/8.png,0.28297993540763855,0.9773145914077759,0.0054155089892446995
quadratic,self,3-decorates,9,A cake decorated with caramel,data/quadratic/self/3-decorates/9.png,0.2885574996471405,0.9678403735160828,0.003657273016870022
quadratic,self,3-decorates,10,A cake decorated with raspberries,data/quadratic/self/3-decorates/10.png,0.30834728479385376,0.9328331351280212,0.006944023072719574
quadratic,self,4-food,1,A painting of a girl holding an apple,data/quadratic/self/4-food/1.png,0.3497355878353119,0.8332357406616211,0.011548671871423721
quadratic,self,4-food,2,A painting of a girl holding a grape,data/quadratic/self/4-food/2.png,0.31746381521224976,0.8341387510299683,0.010123999789357185
quadratic,self,4-food,3,A painting of a girl holding a pineapple,data/quadratic/self/4-food/3.png,0.3070793151855469,0.8311805725097656,0.007180027198046446
quadratic,self,4-food,4,A painting of a girl holding a watermelon,data/quadratic/self/4-food/4.png,0.3246050477027893,0.9253953695297241,0.004044759552925825
quadratic,self,4-food,5,A painting of a girl holding a mango,data/quadratic/self/4-food/5.png,0.34279966354370117,0.9106305837631226,0.003771209390833974
quadratic,self,4-food,6,A painting of a girl holding a strawberry,data/quadratic/self/4-food/6.png,0.3193720877170563,0.8416697978973389,0.010310061275959015
quadratic,self,4-food,7,A painting of a girl holding a peach,data/quadratic/self/4-food/7.png,0.331002801656723,0.8339186906814575,0.009393360465765
quadratic,self,4-food,8,A painting of a girl holding a papaya,data/quadratic/self/4-food/8.png,0.329764723777771,0.8738719820976257,0.004474992398172617
quadratic,self,4-food,9,A painting of a girl holding a kiwi,data/quadratic/self/4-food/9.png,0.33542028069496155,0.907085120677948,0.00398322893306613
quadratic,self,4-food,10,A painting of a girl holding an orange,data/quadratic/self/4-food/10.png,0.3311140537261963,0.9409562349319458,0.0030185834039002657
quadratic,self,5-object,1,A photo of a book on the table,data/quadratic/self/5-object/1.png,0.23900951445102692,0.9214872121810913,0.020982880145311356
quadratic,self,5-object,2,A photo of a cup on the table,data/quadratic/self/5-object/2.png,0.24984097480773926,0.9722940921783447,0.005421219393610954
quadratic,self,5-object,3,A photo of a lamp on the table,data/quadratic/self/5-object/3.png,0.2850942313671112,0.9614492654800415,0.0062985471449792385
quadratic,self,5-object,4,A photo of a phone on the table,data/quadratic/self/5-object/4.png,0.26324987411499023,0.897175133228302,0.019319502636790276
quadratic,self,5-object,5,A photo of a chair on the table,data/quadratic/self/5-object/5.png,0.2502649128437042,0.9779402017593384,0.007846649736166
quadratic,self,5-object,6,A photo of a table on the table,data/quadratic/self/5-object/6.png,0.25837916135787964,0.9867795705795288,0.003851400688290596
quadratic,self,5-object,7,A photo of a pen on the table,data/quadratic/self/5-object/7.png,0.27258390188217163,0.9691109657287598,0.007799716666340828
quadratic,self,5-object,8,A photo of a key on the table,data/quadratic/self/5-object/8.png,0.26797041296958923,0.9488292932510376,0.015368896536529064
quadratic,self,5-object,9,A photo of a bag on the table,data/quadratic/self/5-object/9.png,0.25469377636909485,0.969084620475769,0.007241013925522566
quadratic,self,5-object,10,A photo of a clock on the table,data/quadratic/self/5-object/10.png,0.24575477838516235,0.9551450610160828,0.009848255664110184
quadratic,self,6-plants,1,A drawing of a garden filled with roses,data/quadratic/self/6-plants/1.png,0.31581559777259827,0.9820270538330078,0.009709092788398266
quadratic,self,6-plants,2,A drawing of a garden filled with tulips,data/quadratic/self/6-plants/2.png,0.30452731251716614,0.9585113525390625,0.01477784849703312
quadratic,self,6-plants,3,A drawing of a garden filled with daisies,data/quadratic/self/6-plants/3.png,0.3066806495189667,0.981741189956665,0.008998396806418896
quadratic,self,6-plants,4,A drawing of a garden filled with lavender,data/quadratic/self/6-plants/4.png,0.2891998887062073,0.9379440546035767,0.021998248994350433
quadratic,self,6-plants,5,A drawing of a garden filled with lotus,data/quadratic/self/6-plants/5.png,0.2983369529247284,0.9291902780532837,0.015436003915965557
quadratic,self,6-plants,6,A drawing of a garden filled with orchids,data/quadratic/self/6-plants/6.png,0.295076847076416,0.9602171182632446,0.015445848926901817
quadratic,self,6-plants,7,A drawing of a garden filled with peonies,data/quadratic/self/6-plants/7.png,0.3123742640018463,0.9786977767944336,0.0072238147258758545
quadratic,self,6-plants,8,A drawing of a garden filled with violets,data/quadratic/self/6-plants/8.png,0.30185186862945557,0.9576820135116577,0.012439019046723843
quadratic,self,6-plants,9,A drawing of a garden filled with carnations,data/quadratic/self/6-plants/9.png,0.3139497637748718,0.9788341522216797,0.007516864687204361
quadratic,self,6-plants,10,A drawing of a garden filled with hydrangeas,data/quadratic/self/6-plants/10.png,0.33641213178634644,0.9604764580726624,0.01045050285756588
quadratic,self,7-text,1,A magazine cover with the headline “FASHION”,data/quadratic/self/7-text/1.png,0.24587395787239075,0.9783382415771484,0.00048494135262444615
quadratic,self,7-text,2,A magazine cover with the headline “DESIGN”,data/quadratic/self/7-text/2.png,0.2561171054840088,0.9835435152053833,0.0010253348154947162
quadratic,self,7-text,3,A magazine cover with the headline “TRENDS”,data/quadratic/self/7-text/3.png,0.2512417435646057,0.9924874901771545,0.0004250764613971114
quadratic,self,7-text,4,A magazine cover with the headline “BEAUTY”,data/quadratic/self/7-text/4.png,0.2484050989151001,0.9540681838989258,0.0018331431783735752
quadratic,self,7-text,5,A magazine cover with the headline “LIFESTYLE”,data/quadratic/self/7-text/5.png,0.24038878083229065,0.990277111530304,0.00047857058234512806
quadratic,self,7-text,6,A magazine cover with the headline “MODERN”,data/quadratic/self/7-text/6.png,0.2553597092628479,0.9932011365890503,0.0004706447653006762
quadratic,self,7-text,7,A magazine cover with the headline “ELEGANCE”,data/quadratic/self/7-text/7.png,0.25342288613319397,0.9824864864349365,0.0004479423223529011
quadratic,self,7-text,8,A magazine cover with the headline “GLAMOUR”,data/quadratic/self/7-text/8.png,0.24191425740718842,0.9657374024391174,0.001063506118953228
quadratic,self,7-text,9,A magazine cover with the headline “FEATURES”,data/quadratic/self/7-text/9.png,0.2409321367740631,0.9925978183746338,0.0002750588464550674
quadratic,self,7-text,10,A magazine cover with the headline “INSPIRE”,data/quadratic/self/7-text/10.png,0.23764753341674805,0.9885178804397583,0.0007814131095074117
quadratic,self,8-texture,1,A cup with a rough surface,data/quadratic/self/8-texture/1.png,0.2989882528781891,0.9880504608154297,0.00315152108669281
quadratic,self,8-texture,2,A cup with a shiny surface,data/quadratic/self/8-texture/2.png,0.3026382327079773,0.9965837001800537,0.0016580160008743405
quadratic,self,8-texture,3,A cup with a matte surface,data/quadratic/self/8-texture/3.png,0.29822027683258057,0.9865326881408691,0.004555728752166033
quadratic,self,8-texture,4,A cup with a soft surface,data/quadratic/self/8-texture/4.png,0.30330079793930054,0.995526134967804,0.0013292654184624553
quadratic,self,8-texture,5,A cup with a hard surface,data/quadratic/self/8-texture/5.png,0.2941437065601349,0.9947807192802429,0.0019293854711577296
quadratic,self,8-texture,6,A cup with a sticky surface,data/quadratic/self/8-texture/6.png,0.29412686824798584,0.9867223501205444,0.004042559769004583
quadratic,self,8-texture,7,A cup with a wet surface,data/quadratic/self/8-texture/7.png,0.29030758142471313,0.9934415221214294,0.0009432790102437139
quadratic,self,8-texture,8,A cup with a dry surface,data/quadratic/self/8-texture/8.png,0.29020607471466064,0.9959853887557983,0.0007181473192758858
quadratic,self,8-texture,9,A cup with a grainy surface,data/quadratic/self/8-texture/9.png,0.2931498885154724,0.9896129369735718,0.003957729320973158
quadratic,self,8-texture,10,A cup with a fuzzy surface,data/quadratic/self/8-texture/10.png,0.29371821880340576,0.9952600002288818,0.0018467900808900595
quadratic,self,9-Transportation,1,A drawing of a boy driving a truck,data/quadratic/self/9-Transportation/1.png,0.27102139592170715,0.9870624542236328,0.0019234617939218879
quadratic,self,9-Transportation,2,A drawing of a boy driving a motorcycle,data/quadratic/self/9-Transportation/2.png,0.25491100549697876,0.9697913527488708,0.005516466218978167
quadratic,self,9-Transportation,3,A drawing of a boy driving a bus,data/quadratic/self/9-Transportation/3.png,0.28513815999031067,0.985586941242218,0.002353697782382369
quadratic,self,9-Transportation,4,A drawing of a boy driving a bicycle,data/quadratic/self/9-Transportation/4.png,0.2665253281593323,0.9651649594306946,0.00858878344297409
quadratic,self,9-Transportation,5,A drawing of a boy driving a scooter,data/quadratic/self/9-Transportation/5.png,0.24746716022491455,0.991468071937561,0.0020165308378636837
quadratic,self,9-Transportation,6,A drawing of a boy driving a train,data/quadratic/self/9-Transportation/6.png,0.3144708275794983,0.962333083152771,0.0033329424913972616
quadratic,self,9-Transportation,7,A drawing of a boy driving a submarine,data/quadratic/self/9-Transportation/7.png,0.2780613303184509,0.9679915308952332,0.004138510674238205
quadratic,self,9-Transportation,8,A drawing of a boy driving a helicopter,data/quadratic/self/9-Transportation/8.png,0.2701309323310852,0.9864667654037476,0.0044449795968830585
quadratic,self,9-Transportation,9,A drawing of a boy driving a jet,data/quadratic/self/9-Transportation/9.png,0.26777154207229614,0.9959604740142822,0.0031116099562495947
quadratic,self,9-Transportation,10,A drawing of a boy driving a spaceship,data/quadratic/self/9-Transportation/10.png,0.2696666121482849,0.9960740804672241,0.0024185702204704285
quadratic,cross,0-animal,1,A photo of a cat riding a bicycle,data/quadratic/cross/0-animal/1.png,0.34983038902282715,0.9142472147941589,0.021424978971481323
quadratic,cross,0-animal,2,A photo of a dog riding a bicycle,data/quadratic/cross/0-animal/2.png,0.310926616191864,0.9167557954788208,0.019038110971450806
quadratic,cross,0-animal,3,A photo of a lion riding a bicycle,data/quadratic/cross/0-animal/3.png,0.34365755319595337,0.9308890104293823,0.015426444821059704
quadratic,cross,0-animal,4,A photo of a tiger riding a bicycle,data/quadratic/cross/0-animal/4.png,0.35706496238708496,0.8889747262001038,0.012671643868088722
quadratic,cross,0-animal,5,A photo of a rabbit riding a bicycle,data/quadratic/cross/0-animal/5.png,0.373579204082489,0.8675523996353149,0.023806119337677956
quadratic,cross,0-animal,6,A photo of a panda riding a bicycle,data/quadratic/cross/0-animal/6.png,0.3949330151081085,0.9412472248077393,0.011125327087938786
quadratic,cross,0-animal,7,A photo of a fox riding a bicycle,data/quadratic/cross/0-animal/7.png,0.3862658739089966,0.9061161279678345,0.02246185764670372
quadratic,cross,0-animal,8,A photo of a wolf riding a bicycle,data/quadratic/cross/0-animal/8.png,0.339262455701828,0.9241672158241272,0.016246220096945763
quadratic,cross,0-animal,9,A photo of a monkey riding a bicycle,data/quadratic/cross/0-animal/9.png,0.3759560286998749,0.8963549137115479,0.016584889963269234
quadratic,cross,0-animal,10,A photo of an elephant riding a bicycle,data/quadratic/cross/0-animal/10.png,0.33775413036346436,0.879343569278717,0.014521516859531403
quadratic,cross,1-clothes,1,A portrait of a woman wearing a jacket,data/quadratic/cross/1-clothes/1.png,0.2904057502746582,0.885202169418335,0.03079538606107235
quadratic,cross,1-clothes,2,A portrait of a woman wearing a sweater,data/quadratic/cross/1-clothes/2.png,0.2910453975200653,0.9077277779579163,0.028444575145840645
quadratic,cross,1-clothes,3,A portrait of a woman wearing a skirt,data/quadratic/cross/1-clothes/3.png,0.25112712383270264,0.8875811100006104,0.03196988254785538
quadratic,cross,1-clothes,4,A portrait of a woman wearing a coat,data/quadratic/cross/1-clothes/4.png,0.27776437997817993,0.8416767120361328,0.04184705764055252
quadratic,cross,1-clothes,5,A portrait of a woman wearing a shirt,data/quadratic/cross/1-clothes/5.png,0.28797730803489685,0.875661313533783,0.02904069982469082
quadratic,cross,1-clothes,6,A portrait of a woman wearing a scarf,data/quadratic/cross/1-clothes/6.png,0.2960866391658783,0.9697095155715942,0.010316031984984875
quadratic,cross,1-clothes,7,A portrait of a woman wearing a hoodie,data/quadratic/cross/1-clothes/7.png,0.3153279721736908,0.7607744932174683,0.06037730351090431
quadratic,cross,1-clothes,8,A portrait of a woman wearing a blouse,data/quadratic/cross/1-clothes/8.png,0.3013204336166382,0.9594019651412964,0.017869170755147934
quadratic,cross,1-clothes,9,A portrait of a woman wearing a suit,data/quadratic/cross/1-clothes/9.png,0.2700555920600891,0.8136200904846191,0.036340825259685516
quadratic,cross,1-clothes,10,A portrait of a woman wearing a vest,data/quadratic/cross/1-clothes/10.png,0.31337809562683105,0.8729428052902222,0.022087248042225838
quadratic,cross,2-color,1,A bear holding a red balloon.,data/quadratic/cross/2-color/1.png,0.32812750339508057,0.9306068420410156,0.03713743016123772
quadratic,cross,2-color,2,A bear holding a yellow balloon.,data/quadratic/cross/2-color/2.png,0.3228309154510498,0.9616937637329102,0.03674072027206421
quadratic,cross,2-color,3,A bear holding a black balloon.,data/quadratic/cross/2-color/3.png,0.3232475221157074,0.9758986830711365,0.024204084649682045
quadratic,cross,2-color,4,A bear holding a pink balloon.,data/quadratic/cross/2-color/4.png,0.3475862741470337,0.9415246844291687,0.040472421795129776
quadratic,cross,2-color,5,A bear holding a white balloon.,data/quadratic/cross/2-color/5.png,0.3329693078994751,0.9679406881332397,0.0247748214751482
quadratic,cross,2-color,6,A bear holding a green balloon.,data/quadratic/cross/2-color/6.png,0.3298056125640869,0.9811685681343079,0.005767878610640764
quadratic,cross,2-color,7,A bear holding a purple balloon.,data/quadratic/cross/2-color/7.png,0.36183449625968933,0.9684793949127197,0.036151573061943054
quadratic,cross,2-color,8,A bear holding a orange balloon.,data/quadratic/cross/2-color/8.png,0.3407437205314636,0.9378883838653564,0.033580198884010315
quadratic,cross,2-color,9,A bear holding a gray balloon.,data/quadratic/cross/2-color/9.png,0.332370400428772,0.9742619395256042,0.02486896701157093
quadratic,cross,2-color,10,A bear holding a brown balloon.,data/quadratic/cross/2-color/10.png,0.31815630197525024,0.938926637172699,0.03706729784607887
quadratic,cross,3-decorates,1,A cake decorated with strawberries,data/quadratic/cross/3-decorates/1.png,0.3086390197277069,0.9044644832611084,0.025142773985862732
quadratic,cross,3-decorates,2,A cake decorated with blueberries,data/quadratic/cross/3-decorates/2.png,0.3064918518066406,0.9150437116622925,0.024038545787334442
quadratic,cross,3-decorates,3,A cake decorated with cream,data/quadratic/cross/3-decorates/3.png,0.2862255573272705,0.9089295864105225,0.04719265177845955
quadratic,cross,3-decorates,4,A cake decorated with sprinkles,data/quadratic/cross/3-decorates/4.png,0.3026507496833801,0.9275537729263306,0.026327013969421387
quadratic,cross,3-decorates,5,A cake decorated with almonds,data/quadratic/cross/3-decorates/5.png,0.3043161928653717,0.9378032684326172,0.02110857330262661
quadratic,cross,3-decorates,6,A cake decorated with cherries,data/quadratic/cross/3-decorates/6.png,0.3083440065383911,0.9133187532424927,0.017405064776539803
quadratic,cross,3-decorates,7,A cake decorated with mints,data/quadratic/cross/3-decorates/7.png,0.29283589124679565,0.9243728518486023,0.03212658315896988
quadratic,cross,3-decorates,8,A cake decorated with macarons,data/quadratic/cross/3-decorates/8.png,0.2945200800895691,0.9436176419258118,0.022241806611418724
quadratic,cross,3-decorates,9,A cake decorated with caramel,data/quadratic/cross/3-decorates/9.png,0.29193806648254395,0.9210954904556274,0.018992966040968895
quadratic,cross,3-decorates,10,A cake decorated with raspberries,data/quadratic/cross/3-decorates/10.png,0.3173309564590454,0.9202831387519836,0.01673632487654686
quadratic,cross,4-food,1,A painting of a girl holding an apple,data/quadratic/cross/4-food/1.png,0.38366633653640747,0.7999804615974426,0.0465625561773777
quadratic,cross,4-food,2,A painting of a girl holding a grape,data/quadratic/cross/4-food/2.png,0.35083073377609253,0.7481892108917236,0.04709797352552414
quadratic,cross,4-food,3,A painting of a girl holding a pineapple,data/quadratic/cross/4-food/3.png,0.36772483587265015,0.791155219078064,0.047099519520998
quadratic,cross,4-food,4,A painting of a girl holding a watermelon,data/quadratic/cross/4-food/4.png,0.3792113661766052,0.8477602005004883,0.029416708275675774
quadratic,cross,4-food,5,A painting of a girl holding a mango,data/quadratic/cross/4-food/5.png,0.34340935945510864,0.8524810075759888,0.037365227937698364
quadratic,cross,4-food,6,A painting of a girl holding a strawberry,data/quadratic/cross/4-food/6.png,0.3769446611404419,0.8109232783317566,0.048245809972286224
quadratic,cross,4-food,7,A painting of a girl holding a peach,data/quadratic/cross/4-food/7.png,0.34985485672950745,0.7841310501098633,0.04680647701025009
quadratic,cross,4-food,8,A painting of a girl holding a papaya,data/quadratic/cross/4-food/8.png,0.33785325288772583,0.8369045853614807,0.025614028796553612
quadratic,cross,4-food,9,A painting of a girl holding a kiwi,data/quadratic/cross/4-food/9.png,0.3249734938144684,0.8459783792495728,0.027040356770157814
quadratic,cross,4-food,10,A painting of a girl holding an orange,data/quadratic/cross/4-food/10.png,0.35486549139022827,0.7630537748336792,0.047457315027713776
quadratic,cross,5-object,1,A photo of a book on the table,data/quadratic/cross/5-object/1.png,0.2850145697593689,0.8472916483879089,0.04151467978954315
quadratic,cross,5-object,2,A photo of a cup on the table,data/quadratic/cross/5-object/2.png,0.31114035844802856,0.9107303619384766,0.029934111982584
quadratic,cross,5-object,3,A photo of a lamp on the table,data/quadratic/cross/5-object/3.png,0.32132408022880554,0.8640564680099487,0.036133937537670135
quadratic,cross,5-object,4,A photo of a phone on the table,data/quadratic/cross/5-object/4.png,0.2743763327598572,0.8618695735931396,0.04047469049692154
quadratic,cross,5-object,5,A photo of a chair on the table,data/quadratic/cross/5-object/5.png,0.29650527238845825,0.84739750623703,0.054598595947027206
quadratic,cross,5-object,6,A photo of a table on the table,data/quadratic/cross/5-object/6.png,0.26807698607444763,0.8829275965690613,0.12336638569831848
quadratic,cross,5-object,7,A photo of a pen on the table,data/quadratic/cross/5-object/7.png,0.29558268189430237,0.8430290222167969,0.0758303701877594
quadratic,cross,5-object,8,A photo of a key on the table,data/quadratic/cross/5-object/8.png,0.2108176052570343,0.6348496675491333,0.07842022180557251
quadratic,cross,5-object,9,A photo of a bag on the table,data/quadratic/cross/5-object/9.png,0.2892259657382965,0.8513818979263306,0.05165775120258331
quadratic,cross,5-object,10,A photo of a clock on the table,data/quadratic/cross/5-object/10.png,0.2965845465660095,0.7686585187911987,0.04244310408830643
quadratic,cross,6-plants,1,A drawing of a garden filled with roses,data/quadratic/cross/6-plants/1.png,0.32495999336242676,0.952447772026062,0.0267316997051239
quadratic,cross,6-plants,2,A drawing of a garden filled with tulips,data/quadratic/cross/6-plants/2.png,0.30258774757385254,0.9051645994186401,0.025603635236620903
quadratic,cross,6-plants,3,A drawing of a garden filled with daisies,data/quadratic/cross/6-plants/3.png,0.3146388530731201,0.9636822938919067,0.019232550635933876
quadratic,cross,6-plants,4,A drawing of a garden filled with lavender,data/quadratic/cross/6-plants/4.png,0.29925116896629333,0.9035558700561523,0.033803921192884445
quadratic,cross,6-plants,5,A drawing of a garden filled with lotus,data/quadratic/cross/6-plants/5.png,0.303737610578537,0.9289133548736572,0.023324664682149887
quadratic,cross,6-plants,6,A drawing of a garden filled with orchids,data/quadratic/cross/6-plants/6.png,0.31686535477638245,0.9462018013000488,0.027354877442121506
quadratic,cross,6-plants,7,A drawing of a garden filled with peonies,data/quadratic/cross/6-plants/7.png,0.3403509855270386,0.9528790712356567,0.022594444453716278
quadratic,cross,6-plants,8,A drawing of a garden filled with violets,data/quadratic/cross/6-plants/8.png,0.3147176206111908,0.9508578777313232,0.022839214652776718
quadratic,cross,6-plants,9,A drawing of a garden filled with carnations,data/quadratic/cross/6-plants/9.png,0.30905237793922424,0.9520688056945801,0.014408436603844166
quadratic,cross,6-plants,10,A drawing of a garden filled with hydrangeas,data/quadratic/cross/6-plants/10.png,0.34637385606765747,0.9418842792510986,0.023592080920934677
quadratic,cross,7-text,1,A magazine cover with the headline “FASHION”,data/quadratic/cross/7-text/1.png,0.24422386288642883,0.9515329599380493,0.001469393027946353
quadratic,cross,7-text,2,A magazine cover with the headline “DESIGN”,data/quadratic/cross/7-text/2.png,0.25595930218696594,0.890933632850647,0.013080715201795101
quadratic,cross,7-text,3,A magazine cover with the headline “TRENDS”,data/quadratic/cross/7-text/3.png,0.24663108587265015,0.9061116576194763,0.007351632695645094
quadratic,cross,7-text,4,A magazine cover with the headline “BEAUTY”,data/quadratic/cross/7-text/4.png,0.26648271083831787,0.8857742547988892,0.01263786107301712
quadratic,cross,7-text,5,A magazine cover with the headline “LIFESTYLE”,data/quadratic/cross/7-text/5.png,0.24001869559288025,0.9804427027702332,0.0024766309652477503
quadratic,cross,7-text,6,A magazine cover with the headline “MODERN”,data/quadratic/cross/7-text/6.png,0.2510126531124115,0.9083776473999023,0.00642734719440341
quadratic,cross,7-text,7,A magazine cover with the headline “ELEGANCE”,data/quadratic/cross/7-text/7.png,0.2625194489955902,0.9233134388923645,0.006240129470825195
quadratic,cross,7-text,8,A magazine cover with the headline “GLAMOUR”,data/quadratic/cross/7-text/8.png,0.2575540244579315,0.8954830169677734,0.010643602348864079
quadratic,cross,7-text,9,A magazine cover with the headline “FEATURES”,data/quadratic/cross/7-text/9.png,0.24099452793598175,0.968874454498291,0.0021994467824697495
quadratic,cross,7-text,10,A magazine cover with the headline “INSPIRE”,data/quadratic/cross/7-text/10.png,0.23682880401611328,0.9510029554367065,0.006856934633105993
quadratic,cross,8-texture,1,A cup with a rough surface,data/quadratic/cross/8-texture/1.png,0.30078357458114624,0.9868084192276001,0.012565512210130692
quadratic,cross,8-texture,2,A cup with a shiny surface,data/quadratic/cross/8-texture/2.png,0.30338770151138306,0.9882433414459229,0.005078473128378391
quadratic,cross,8-texture,3,A cup with a matte surface,data/quadratic/cross/8-texture/3.png,0.30265679955482483,0.9661567211151123,0.011729327961802483
quadratic,cross,8-texture,4,A cup with a soft surface,data/quadratic/cross/8-texture/4.png,0.29846712946891785,0.9873754382133484,0.006798152346163988
quadratic,cross,8-texture,5,A cup with a hard surface,data/quadratic/cross/8-texture/5.png,0.2881133258342743,0.9753978252410889,0.0066271075047552586
quadratic,cross,8-texture,6,A cup with a sticky surface,data/quadratic/cross/8-texture/6.png,0.2889136075973511,0.9637788534164429,0.019142508506774902
quadratic,cross,8-texture,7,A cup with a wet surface,data/quadratic/cross/8-texture/7.png,0.2694717049598694,0.9339651465415955,0.00865440908819437
quadratic,cross,8-texture,8,A cup with a dry surface,data/quadratic/cross/8-texture/8.png,0.2837296426296234,0.9707199335098267,0.018706316128373146
quadratic,cross,8-texture,9,A cup with a grainy surface,data/quadratic/cross/8-texture/9.png,0.28993114829063416,0.9705740809440613,0.0121105732396245
quadratic,cross,8-texture,10,A cup with a fuzzy surface,data/quadratic/cross/8-texture/10.png,0.291579008102417,0.9926198720932007,0.008690806105732918
quadratic,cross,9-Transportation,1,A drawing of a boy driving a truck,data/quadratic/cross/9-Transportation/1.png,0.25440406799316406,0.9616279006004333,0.007512226235121489
quadratic,cross,9-Transportation,2,A drawing of a boy driving a motorcycle,data/quadratic/cross/9-Transportation/2.png,0.3310244083404541,0.7995657324790955,0.09887100756168365
quadratic,cross,9-Transportation,3,A drawing of a boy driving a bus,data/quadratic/cross/9-Transportation/3.png,0.28480368852615356,0.9333415627479553,0.012718157842755318
quadratic,cross,9-Transportation,4,A drawing of a boy driving a bicycle,data/quadratic/cross/9-Transportation/4.png,0.3284558355808258,0.7742989659309387,0.11709348112344742
quadratic,cross,9-Transportation,5,A drawing of a boy driving a scooter,data/quadratic/cross/9-Transportation/5.png,0.30579477548599243,0.9263038039207458,0.022646546363830566
quadratic,cross,9-Transportation,6,A drawing of a boy driving a train,data/quadratic/cross/9-Transportation/6.png,0.29762905836105347,0.9151734113693237,0.021284572780132294
quadratic,cross,9-Transportation,7,A drawing of a boy driving a submarine,data/quadratic/cross/9-Transportation/7.png,0.3167039155960083,0.868679404258728,0.02773926593363285
quadratic,cross,9-Transportation,8,A drawing of a boy driving a helicopter,data/quadratic/cross/9-Transportation/8.png,0.28002434968948364,0.9468221068382263,0.032109882682561874
quadratic,cross,9-Transportation,9,A drawing of a boy driving a jet,data/quadratic/cross/9-Transportation/9.png,0.27836835384368896,0.9498775005340576,0.02570359967648983
quadratic,cross,9-Transportation,10,A drawing of a boy driving a spaceship,data/quadratic/cross/9-Transportation/10.png,0.27893880009651184,0.9111150503158569,0.027729084715247154
