method,attention,type,prompt_index,prompt_text,image_path,clip_new_prompt_sim,clip_old_image_sim,dino_struct_dist
baseline,none,0-animal,1,A photo of a cat riding a bicycle,data/baseline/0-animal/1.png,31.737657822620804,89.38662495701737,0.035309046506881714
baseline,none,0-animal,2,A photo of a dog riding a bicycle,data/baseline/0-animal/2.png,26.114978398511994,76.73977006834139,0.03335524722933769
baseline,none,0-animal,3,A photo of a lion riding a bicycle,data/baseline/0-animal/3.png,32.18448109603719,86.56462495343158,0.03646610304713249
baseline,none,0-animal,4,A photo of a tiger riding a bicycle,data/baseline/0-animal/4.png,37.594711668564514,85.17668897069416,0.020763596519827843
baseline,none,0-animal,5,A photo of a rabbit riding a bicycle,data/baseline/0-animal/5.png,34.85037354281394,77.59873266973318,0.07491740584373474
baseline,none,0-animal,6,A photo of a panda riding a bicycle,data/baseline/0-animal/6.png,28.83185964255199,81.06004022102616,0.05347635969519615
baseline,none,0-animal,7,A photo of a fox riding a bicycle,data/baseline/0-animal/7.png,33.259063516354445,88.71222815225383,0.03304667770862579
baseline,none,0-animal,8,A photo of a wolf riding a bicycle,data/baseline/0-animal/8.png,34.051498388404525,89.66404287636078,0.02675831876695156
baseline,none,0-animal,9,A photo of a monkey riding a bicycle,data/baseline/0-animal/9.png,38.19812529644946,80.0674797586421,0.04343371465802193
baseline,none,0-animal,10,A photo of an elephant riding a bicycle,data/baseline/0-animal/10.png,30.83654281322788,77.61066552052762,0.05665392056107521
baseline,none,1-clothes,1,A portrait of a woman wearing a jacket,data/baseline/1-clothes/1.png,28.93173319295738,82.96673334821526,0.03867368400096893
baseline,none,1-clothes,2,A portrait of a woman wearing a sweater,data/baseline/1-clothes/2.png,31.481399553787014,74.97680163206451,0.07852748036384583
baseline,none,1-clothes,3,A portrait of a woman wearing a skirt,data/baseline/1-clothes/3.png,25.58362679165839,74.65549084895974,0.07348480820655823
baseline,none,1-clothes,4,A portrait of a woman wearing a coat,data/baseline/1-clothes/4.png,25.005139828120264,66.67138250704784,0.07754097878932953
baseline,none,1-clothes,5,A portrait of a woman wearing a shirt,data/baseline/1-clothes/5.png,24.10100733335537,82.55854282825749,0.05280334874987602
baseline,none,1-clothes,6,A portrait of a woman wearing a scarf,data/baseline/1-clothes/6.png,36.86194105048662,87.91952803951426,0.041313935071229935
baseline,none,1-clothes,7,A portrait of a woman wearing a hoodie,data/baseline/1-clothes/7.png,31.208502647094747,59.006522627374125,0.09057147055864334
baseline,none,1-clothes,8,A portrait of a woman wearing a blouse,data/baseline/1-clothes/8.png,29.10665495732519,91.47894484359267,0.02646489627659321
baseline,none,1-clothes,9,A portrait of a woman wearing a suit,data/baseline/1-clothes/9.png,28.76702170501858,72.47062282338084,0.03896765783429146
baseline,none,1-clothes,10,A portrait of a woman wearing a vest,data/baseline/1-clothes/10.png,27.017678891576907,77.24505060158117,0.048859141767024994
baseline,none,2-color,1,A bear holding a red balloon.,data/baseline/2-color/1.png,35.73262368069618,84.61952855068375,0.18451747298240662
baseline,none,2-color,2,A bear holding a yellow balloon.,data/baseline/2-color/2.png,38.840439898714976,83.8081304594516,0.14378631114959717
baseline,none,2-color,3,A bear holding a black balloon.,data/baseline/2-color/3.png,37.12817713761706,82.50297341369378,0.12607291340827942
baseline,none,2-color,4,A bear holding a pink balloon.,data/baseline/2-color/4.png,35.62269482595002,89.91304129890705,0.17549283802509308
baseline,none,2-color,5,A bear holding a white balloon.,data/baseline/2-color/5.png,32.535793879378616,90.01823158403204,0.11529988795518875
baseline,none,2-color,6,A bear holding a green balloon.,data/baseline/2-color/6.png,34.059682106756554,90.03442020678813,0.1172967478632927
baseline,none,2-color,7,A bear holding a purple balloon.,data/baseline/2-color/7.png,35.17244428519757,91.09396437408122,0.14189773797988892
baseline,none,2-color,8,A bear holding a orange balloon.,data/baseline/2-color/8.png,36.016872292851986,88.41514665909881,0.20818176865577698
baseline,none,2-color,9,A bear holding a gray balloon.,data/baseline/2-color/9.png,34.301629299287924,89.32748522395923,0.07962668687105179
baseline,none,2-color,10,A bear holding a brown balloon.,data/baseline/2-color/10.png,35.77666555608084,89.88064617200007,0.11005660891532898
baseline,none,3-decorates,1,A cake decorated with strawberries,data/baseline/3-decorates/1.png,32.522156335613545,82.30155142223703,0.07891352474689484
baseline,none,3-decorates,2,A cake decorated with blueberries,data/baseline/3-decorates/2.png,32.26285226919936,90.33558461842176,0.057645898312330246
baseline,none,3-decorates,3,A cake decorated with cream,data/baseline/3-decorates/3.png,29.19020875474598,81.56153585903394,0.089295394718647
baseline,none,3-decorates,4,A cake decorated with sprinkles,data/baseline/3-decorates/4.png,34.31175016874295,82.76562130093498,0.08735975623130798
baseline,none,3-decorates,5,A cake decorated with almonds,data/baseline/3-decorates/5.png,33.979859560383375,79.50833450380924,0.08584153652191162
baseline,none,3-decorates,6,A cake decorated with cherries,data/baseline/3-decorates/6.png,35.125675497106386,86.61226098917041,0.07666584849357605
baseline,none,3-decorates,7,A cake decorated with mints,data/baseline/3-decorates/7.png,31.85448889575855,77.83679959959363,0.11597107350826263
baseline,none,3-decorates,8,A cake decorated with macarons,data/baseline/3-decorates/8.png,34.498843202502485,86.17673577703317,0.08627855777740479
baseline,none,3-decorates,9,A cake decorated with caramel,data/baseline/3-decorates/9.png,29.89464034230332,79.53486453322284,0.1062822937965393
baseline,none,3-decorates,10,A cake decorated with raspberries,data/baseline/3-decorates/10.png,29.105969503857978,86.84983916090641,0.08506684750318527
baseline,none,4-food,1,A painting of a girl holding an apple,data/baseline/4-food/1.png,36.55507247391279,77.46483082502937,0.06696577370166779
baseline,none,4-food,2,A painting of a girl holding a grape,data/baseline/4-food/2.png,38.400483080900585,73.16034398348529,0.0757480040192604
baseline,none,4-food,3,A painting of a girl holding a pineapple,data/baseline/4-food/3.png,40.47721933191042,75.70802550949247,0.07400427758693695
baseline,none,4-food,4,A painting of a girl holding a watermelon,data/baseline/4-food/4.png,37.04748734359623,78.78808384232161,0.06047153100371361
baseline,none,4-food,5,A painting of a girl holding a mango,data/baseline/4-food/5.png,33.2560832838883,71.23165674069605,0.058875322341918945
baseline,none,4-food,6,A painting of a girl holding a strawberry,data/baseline/4-food/6.png,38.06087665068617,75.15791035903203,0.06629389524459839
baseline,none,4-food,7,A painting of a girl holding a peach,data/baseline/4-food/7.png,36.08174003271006,81.56792547744135,0.07582329213619232
baseline,none,4-food,8,A painting of a girl holding a papaya,data/baseline/4-food/8.png,34.70530178682702,78.99305231041308,0.048122622072696686
baseline,none,4-food,9,A painting of a girl holding a kiwi,data/baseline/4-food/9.png,31.60273673841357,72.9642327662832,0.0601886548101902
baseline,none,4-food,10,A painting of a girl holding an orange,data/baseline/4-food/10.png,36.08320928731587,80.44480699118049,0.06910143047571182
baseline,none,5-object,1,A photo of a book on the table,data/baseline/5-object/1.png,25.192039146769503,85.329425884584,0.09137428551912308
baseline,none,5-object,2,A photo of a cup on the table,data/baseline/5-object/2.png,31.61992969951075,81.14553116954994,0.11296424269676208
baseline,none,5-object,3,A photo of a lamp on the table,data/baseline/5-object/3.png,30.496680083021374,84.74729707697225,0.10331378877162933
baseline,none,5-object,4,A photo of a phone on the table,data/baseline/5-object/4.png,32.33894058429246,64.41088214194315,0.12122882902622223
baseline,none,5-object,5,A photo of a chair on the table,data/baseline/5-object/5.png,30.05442252574312,81.4577760854927,0.08442305028438568
baseline,none,5-object,6,A photo of a table on the table,data/baseline/5-object/6.png,25.754674253820212,72.15010478211207,0.14235159754753113
baseline,none,5-object,7,A photo of a pen on the table,data/baseline/5-object/7.png,29.00190574660519,82.1798685306444,0.22472666203975677
baseline,none,5-object,8,A photo of a key on the table,data/baseline/5-object/8.png,28.2799265502872,70.65210881439998,0.15371938049793243
baseline,none,5-object,9,A photo of a bag on the table,data/baseline/5-object/9.png,29.504465327603384,81.38602996910276,0.07259783893823624
baseline,none,5-object,10,A photo of a clock on the table,data/baseline/5-object/10.png,28.507112651413763,68.81166029446831,0.13682569563388824
baseline,none,6-plants,1,A drawing of a garden filled with roses,data/baseline/6-plants/1.png,32.05026334669196,75.7949648509948,0.09264034777879715
baseline,none,6-plants,2,A drawing of a garden filled with tulips,data/baseline/6-plants/2.png,27.611758431377893,84.26587032439147,0.0417272113263607
baseline,none,6-plants,3,A drawing of a garden filled with daisies,data/baseline/6-plants/3.png,35.347154453060284,87.46725988138223,0.07367376983165741
baseline,none,6-plants,4,A drawing of a garden filled with lavender,data/baseline/6-plants/4.png,28.637614050873708,74.99994015693164,0.08558741956949234
baseline,none,6-plants,5,A drawing of a garden filled with lotus,data/baseline/6-plants/5.png,33.19244339980628,76.65989983824875,0.097134530544281
baseline,none,6-plants,6,A drawing of a garden filled with orchids,data/baseline/6-plants/6.png,27.54634232874605,76.71436060633505,0.11838223785161972
baseline,none,6-plants,7,A drawing of a garden filled with peonies,data/baseline/6-plants/7.png,30.93844888217518,77.85168884099448,0.0998271256685257
baseline,none,6-plants,8,A drawing of a garden filled with violets,data/baseline/6-plants/8.png,29.333668204968717,68.17726416986534,0.09542637318372726
baseline,none,6-plants,9,A drawing of a garden filled with carnations,data/baseline/6-plants/9.png,30.067377596273445,94.66922409394965,0.021415574476122856
baseline,none,6-plants,10,A drawing of a garden filled with hydrangeas,data/baseline/6-plants/10.png,31.972789223502105,81.13098763511516,0.08244243264198303
baseline,none,7-text,1,A magazine cover with the headline “FASHION”,data/baseline/7-text/1.png,23.488854173763457,87.52884936552755,0.02022317424416542
baseline,none,7-text,2,A magazine cover with the headline “DESIGN”,data/baseline/7-text/2.png,23.986371201428938,77.85411475022192,0.03678681328892708
baseline,none,7-text,3,A magazine cover with the headline “TRENDS”,data/baseline/7-text/3.png,27.824171520169784,80.41607755020686,0.027002492919564247
baseline,none,7-text,4,A magazine cover with the headline “BEAUTY”,data/baseline/7-text/4.png,30.928679680151163,51.68694652076283,0.09521548449993134
baseline,none,7-text,5,A magazine cover with the headline “LIFESTYLE”,data/baseline/7-text/5.png,34.162839873339635,74.82942913661373,0.02915152534842491
baseline,none,7-text,6,A magazine cover with the headline “MODERN”,data/baseline/7-text/6.png,25.979649022456897,85.85917412637082,0.022966718301177025
baseline,none,7-text,7,A magazine cover with the headline “ELEGANCE”,data/baseline/7-text/7.png,25.908194968848647,81.35831976763257,0.02272179163992405
baseline,none,7-text,8,A magazine cover with the headline “GLAMOUR”,data/baseline/7-text/8.png,33.070966144253816,54.23514064675419,0.09742263704538345
baseline,none,7-text,9,A magazine cover with the headline “FEATURES”,data/baseline/7-text/9.png,24.64992890071312,76.3652502147861,0.024786751717329025
baseline,none,7-text,10,A magazine cover with the headline “INSPIRE”,data/baseline/7-text/10.png,29.224129760675623,81.59741189746137,0.020633593201637268
baseline,none,8-texture,1,A cup with a rough surface,data/baseline/8-texture/1.png,28.24700094200125,91.68881877432341,0.11270850151777267
baseline,none,8-texture,2,A cup with a shiny surface,data/baseline/8-texture/2.png,30.758818350510865,92.76419393647666,0.1579395979642868
baseline,none,8-texture,3,A cup with a matte surface,data/baseline/8-texture/3.png,31.210228201692644,95.22700440231301,0.057543277740478516
baseline,none,8-texture,4,A cup with a soft surface,data/baseline/8-texture/4.png,29.83035672800861,95.9869577207146,0.02406381443142891
baseline,none,8-texture,5,A cup with a hard surface,data/baseline/8-texture/5.png,29.917927878793762,88.80710087258103,0.11241576820611954
baseline,none,8-texture,6,A cup with a sticky surface,data/baseline/8-texture/6.png,30.208640615168633,85.07457428547423,0.12459520250558853
baseline,none,8-texture,7,A cup with a wet surface,data/baseline/8-texture/7.png,26.92080047479999,90.09350033519695,0.03138922527432442
baseline,none,8-texture,8,A cup with a dry surface,data/baseline/8-texture/8.png,26.677819141602868,91.94690690589141,0.03274578973650932
baseline,none,8-texture,9,A cup with a grainy surface,data/baseline/8-texture/9.png,30.20272485372334,92.52902975303823,0.04261419549584389
baseline,none,8-texture,10,A cup with a fuzzy surface,data/baseline/8-texture/10.png,27.761756511631347,92.18565332875414,0.0626523420214653
baseline,none,9-Transportation,1,A drawing of a boy driving a truck,data/baseline/9-Transportation/1.png,31.465139405451737,85.89248716487737,0.05018964782357216
baseline,none,9-Transportation,2,A drawing of a boy driving a motorcycle,data/baseline/9-Transportation/2.png,33.87741704959217,69.08226540239411,0.14172989130020142
baseline,none,9-Transportation,3,A drawing of a boy driving a bus,data/baseline/9-Transportation/3.png,32.35364207104794,80.76083084189031,0.05524429306387901
baseline,none,9-Transportation,4,A drawing of a boy driving a bicycle,data/baseline/9-Transportation/4.png,30.112095984427924,77.34575861707708,0.2025057077407837
baseline,none,9-Transportation,5,A drawing of a boy driving a scooter,data/baseline/9-Transportation/5.png,35.517337647806926,72.76179749578796,0.12284065783023834
baseline,none,9-Transportation,6,A drawing of a boy driving a train,data/baseline/9-Transportation/6.png,31.162583225256412,75.02704835144368,0.06924810260534286
baseline,none,9-Transportation,7,A drawing of a boy driving a submarine,data/baseline/9-Transportation/7.png,30.132713232628703,70.64843120753676,0.11001081764698029
baseline,none,9-Transportation,8,A drawing of a boy driving a helicopter,data/baseline/9-Transportation/8.png,34.07310507378406,75.310283684561,0.1374427229166031
baseline,none,9-Transportation,9,A drawing of a boy driving a jet,data/baseline/9-Transportation/9.png,30.936079597364596,76.33500681571968,0.1029370054602623
baseline,none,9-Transportation,10,A drawing of a boy driving a spaceship,data/baseline/9-Transportation/10.png,28.037162774060107,79.81128109445763,0.0889199897646904
replace,self,0-animal,1,A photo of a cat riding a bicycle,data/replace/0-animal/1.png,35.20210057846816,91.33508902245194,0.018920226022601128
replace,self,0-animal,2,A photo of a dog riding a bicycle,data/replace/0-animal/2.png,33.23982015532056,92.7578520017887,0.0168270505964756
replace,self,0-animal,3,A photo of a lion riding a bicycle,data/replace/0-animal/3.png,34.27516483498857,90.564603562515,0.012229502201080322
replace,self,0-animal,4,A photo of a tiger riding a bicycle,data/replace/0-animal/4.png,35.90643679858658,88.6981197317591,0.010979807935655117
replace,self,0-animal,5,A photo of a rabbit riding a bicycle,data/replace/0-animal/5.png,37.07059308590624,86.47992674674379,0.02271106094121933
replace,self,0-animal,6,A photo of a panda riding a bicycle,data/replace/0-animal/6.png,39.571180978483426,92.83401482269346,0.009020675905048847
replace,self,0-animal,7,A photo of a fox riding a bicycle,data/replace/0-animal/7.png,39.24329580255835,91.48568612943109,0.017153138294816017
replace,self,0-animal,8,A photo of a wolf riding a bicycle,data/replace/0-animal/8.png,35.825630775499576,90.83985783308799,0.014762826263904572
replace,self,0-animal,9,A photo of a monkey riding a bicycle,data/replace/0-animal/9.png,37.02777310583269,89.25582255407835,0.009998539462685585
replace,self,0-animal,10,A photo of an elephant riding a bicycle,data/replace/0-animal/10.png,33.49285381262598,87.38008212128261,0.010864623822271824
replace,self,1-clothes,1,A portrait of a woman wearing a jacket,data/replace/1-clothes/1.png,29.656364796170237,90.71277476026671,0.029495375230908394
replace,self,1-clothes,2,A portrait of a woman wearing a sweater,data/replace/1-clothes/2.png,29.050024580003537,94.51278573133686,0.022864114493131638
replace,self,1-clothes,3,A portrait of a woman wearing a skirt,data/replace/1-clothes/3.png,27.338089644476895,90.23249837741787,0.028059354051947594
replace,self,1-clothes,4,A portrait of a woman wearing a coat,data/replace/1-clothes/4.png,30.25939695429952,86.32949057231781,0.038716576993465424
replace,self,1-clothes,5,A portrait of a woman wearing a shirt,data/replace/1-clothes/5.png,27.542545512584184,90.11297913459566,0.025567732751369476
replace,self,1-clothes,6,A portrait of a woman wearing a scarf,data/replace/1-clothes/6.png,28.58628848734179,97.94328959985978,0.006796941626816988
replace,self,1-clothes,7,A portrait of a woman wearing a hoodie,data/replace/1-clothes/7.png,31.327184444593968,73.69310226006291,0.056160081177949905
replace,self,1-clothes,8,A portrait of a woman wearing a blouse,data/replace/1-clothes/8.png,30.315702486282362,95.64480915220656,0.016911581158638
replace,self,1-clothes,9,A portrait of a woman wearing a suit,data/replace/1-clothes/9.png,28.53000381698621,84.17319701562428,0.037170566618442535
replace,self,1-clothes,10,A portrait of a woman wearing a vest,data/replace/1-clothes/10.png,31.846680686697255,93.95971419027,0.015902452170848846
replace,self,2-color,1,A bear holding a red balloon.,data/replace/2-color/1.png,32.58816550450615,93.40905663750073,0.034164633601903915
replace,self,2-color,2,A bear holding a yellow balloon.,data/replace/2-color/2.png,32.42236325148474,96.8948438182706,0.03244391828775406
replace,self,2-color,3,A bear holding a black balloon.,data/replace/2-color/3.png,32.09691590571697,97.9611829155865,0.024572378024458885
replace,self,2-color,4,A bear holding a pink balloon.,data/replace/2-color/4.png,35.197090807692575,94.45089822394493,0.03541024774312973
replace,self,2-color,5,A bear holding a white balloon.,data/replace/2-color/5.png,33.55014282132265,96.75199531570343,0.02592615783214569
replace,self,2-color,6,A bear holding a green balloon.,data/replace/2-color/6.png,32.76305448631683,98.34693228507422,0.005398391745984554
replace,self,2-color,7,A bear holding a purple balloon.,data/replace/2-color/7.png,35.9053877567585,96.94241428889518,0.032868582755327225
replace,self,2-color,8,A bear holding a orange balloon.,data/replace/2-color/8.png,33.47424524110738,92.7052926220158,0.03276700899004936
replace,self,2-color,9,A bear holding a gray balloon.,data/replace/2-color/9.png,33.154800083526425,97.69886881438151,0.02453489415347576
replace,self,2-color,10,A bear holding a brown balloon.,data/replace/2-color/10.png,30.42951160369944,91.64967044064815,0.0281520988792181
replace,self,3-decorates,1,A cake decorated with strawberries,data/replace/3-decorates/1.png,30.10589412066588,91.87682971968252,0.018517397344112396
replace,self,3-decorates,2,A cake decorated with blueberries,data/replace/3-decorates/2.png,30.12676468862628,91.81779131452822,0.021175742149353027
replace,self,3-decorates,3,A cake decorated with cream,data/replace/3-decorates/3.png,29.241260136891015,92.13731991861823,0.03886754438281059
replace,self,3-decorates,4,A cake decorated with sprinkles,data/replace/3-decorates/4.png,30.17650476848621,92.88519137460207,0.02333034574985504
replace,self,3-decorates,5,A cake decorated with almonds,data/replace/3-decorates/5.png,29.776584393621988,93.43916890633864,0.01597084105014801
replace,self,3-decorates,6,A cake decorated with cherries,data/replace/3-decorates/6.png,30.388002925910996,93.15608854530956,0.013987073674798012
replace,self,3-decorates,7,A cake decorated with mints,data/replace/3-decorates/7.png,27.779909107582625,92.83473603895027,0.02279972843825817
replace,self,3-decorates,8,A cake decorated with macarons,data/replace/3-decorates/8.png,29.18340190379331,93.54007957764225,0.019956622272729874
replace,self,3-decorates,9,A cake decorated with caramel,data/replace/3-decorates/9.png,29.135986405256972,93.63783716299668,0.016015728935599327
replace,self,3-decorates,10,A cake decorated with raspberries,data/replace/3-decorates/10.png,31.062667951596495,93.41306206993522,0.016825051978230476
replace,self,4-food,1,A painting of a girl holding an apple,data/replace/4-food/1.png,38.60619362687612,80.99366448354021,0.043831877410411835
replace,self,4-food,2,A painting of a girl holding a grape,data/replace/4-food/2.png,36.031237013338796,71.16469687764675,0.04574509337544441
replace,self,4-food,3,A painting of a girl holding a pineapple,data/replace/4-food/3.png,36.77797896121797,79.49820767388928,0.043692734092473984
replace,self,4-food,4,A painting of a girl holding a watermelon,data/replace/4-food/4.png,33.9979287098256,83.3710793682917,0.031221464276313782
replace,self,4-food,5,A painting of a girl holding a mango,data/replace/4-food/5.png,34.834244524707174,85.34542973292719,0.03394196555018425
replace,self,4-food,6,A painting of a girl holding a strawberry,data/replace/4-food/6.png,37.41324829393352,83.69956059071,0.04668385535478592
replace,self,4-food,7,A painting of a girl holding a peach,data/replace/4-food/7.png,35.103669460576384,78.4402728321279,0.04480108991265297
replace,self,4-food,8,A painting of a girl holding a papaya,data/replace/4-food/8.png,33.307867803220006,83.9507047806319,0.022722065448760986
replace,self,4-food,9,A painting of a girl holding a kiwi,data/replace/4-food/9.png,32.20747060928102,86.72306007179668,0.021308783441781998
replace,self,4-food,10,A painting of a girl holding an orange,data/replace/4-food/10.png,34.16081331526266,75.19115187195939,0.04227232560515404
replace,self,5-object,1,A photo of a book on the table,data/replace/5-object/1.png,26.264153934604792,84.76240089511066,0.040351539850234985
replace,self,5-object,2,A photo of a cup on the table,data/replace/5-object/2.png,30.75896140166924,92.1289871886429,0.027834484353661537
replace,self,5-object,3,A photo of a lamp on the table,data/replace/5-object/3.png,32.35145160018533,87.5798292220934,0.03332310914993286
replace,self,5-object,4,A photo of a phone on the table,data/replace/5-object/4.png,27.715202300277724,86.47853199794963,0.039316728711128235
replace,self,5-object,5,A photo of a chair on the table,data/replace/5-object/5.png,29.463016254464264,85.1917987492975,0.052284326404333115
replace,self,5-object,6,A photo of a table on the table,data/replace/5-object/6.png,26.60060727887003,88.49950511928546,0.12141165882349014
replace,self,5-object,7,A photo of a pen on the table,data/replace/5-object/7.png,29.289533942377602,84.5160250771346,0.06728919595479965
replace,self,5-object,8,A photo of a key on the table,data/replace/5-object/8.png,23.435120582398895,71.1423689760104,0.050319306552410126
replace,self,5-object,9,A photo of a bag on the table,data/replace/5-object/9.png,28.955211464325657,86.41040984423853,0.04822326824069023
replace,self,5-object,10,A photo of a clock on the table,data/replace/5-object/10.png,30.10960451008623,79.5829654852264,0.03711356967687607
replace,self,6-plants,1,A drawing of a garden filled with roses,data/replace/6-plants/1.png,32.433533162767844,95.5650640918775,0.02382073551416397
replace,self,6-plants,2,A drawing of a garden filled with tulips,data/replace/6-plants/2.png,30.355092218787377,93.56483934897096,0.021866874769330025
replace,self,6-plants,3,A drawing of a garden filled with daisies,data/replace/6-plants/3.png,31.039746983699388,96.24290604537191,0.019130215048789978
replace,self,6-plants,4,A drawing of a garden filled with lavender,data/replace/6-plants/4.png,28.004201402984563,91.44186479124892,0.031637609004974365
replace,self,6-plants,5,A drawing of a garden filled with lotus,data/replace/6-plants/5.png,30.07262876587879,90.81602789428871,0.025913307443261147
replace,self,6-plants,6,A drawing of a garden filled with orchids,data/replace/6-plants/6.png,31.777321736512704,93.50314257645687,0.02715836651623249
replace,self,6-plants,7,A drawing of a garden filled with peonies,data/replace/6-plants/7.png,33.46587078787752,95.86852328251007,0.0203394778072834
replace,self,6-plants,8,A drawing of a garden filled with violets,data/replace/6-plants/8.png,31.287675502790307,94.99901065818813,0.021466372534632683
replace,self,6-plants,9,A drawing of a garden filled with carnations,data/replace/6-plants/9.png,30.995454768787567,95.30764949284685,0.014219087548553944
replace,self,6-plants,10,A drawing of a garden filled with hydrangeas,data/replace/6-plants/10.png,34.00442859683426,94.06530382654546,0.02094011940062046
replace,self,7-text,1,A magazine cover with the headline “FASHION”,data/replace/7-text/1.png,24.582094339435002,95.71244254779322,0.0011036123614758253
replace,self,7-text,2,A magazine cover with the headline “DESIGN”,data/replace/7-text/2.png,25.595053002933582,92.71012059861096,0.007261541672050953
replace,self,7-text,3,A magazine cover with the headline “TRENDS”,data/replace/7-text/3.png,25.369616298264646,97.84177096113308,0.002135487738996744
replace,self,7-text,4,A magazine cover with the headline “BEAUTY”,data/replace/7-text/4.png,25.347988751257844,92.37228144624896,0.00741488765925169
replace,self,7-text,5,A magazine cover with the headline “LIFESTYLE”,data/replace/7-text/5.png,23.947346547401025,98.85223666017373,0.0014254498528316617
replace,self,7-text,6,A magazine cover with the headline “MODERN”,data/replace/7-text/6.png,25.661714842736274,98.0553344196569,0.0021994970738887787
replace,self,7-text,7,A magazine cover with the headline “ELEGANCE”,data/replace/7-text/7.png,25.95959503819222,96.13645214168127,0.002028575399890542
replace,self,7-text,8,A magazine cover with the headline “GLAMOUR”,data/replace/7-text/8.png,24.814537570631842,94.66235763834766,0.004424461629241705
replace,self,7-text,9,A magazine cover with the headline “FEATURES”,data/replace/7-text/9.png,24.302283293421283,97.9811027893902,0.0014603520976379514
replace,self,7-text,10,A magazine cover with the headline “INSPIRE”,data/replace/7-text/10.png,23.37964951550657,96.0194303336657,0.004869859199970961
replace,self,8-texture,1,A cup with a rough surface,data/replace/8-texture/1.png,29.769205338035817,98.40063607411412,0.009655728936195374
replace,self,8-texture,2,A cup with a shiny surface,data/replace/8-texture/2.png,30.397146279117123,98.71029414827626,0.004617732018232346
replace,self,8-texture,3,A cup with a matte surface,data/replace/8-texture/3.png,30.11831870981723,96.6612174347847,0.01101038046181202
replace,self,8-texture,4,A cup with a soft surface,data/replace/8-texture/4.png,30.071540981028647,98.90414038880408,0.005634034518152475
replace,self,8-texture,5,A cup with a hard surface,data/replace/8-texture/5.png,28.886439619936937,97.85673172811312,0.005068469792604446
replace,self,8-texture,6,A cup with a sticky surface,data/replace/8-texture/6.png,28.802274874860586,96.94872642125847,0.01578092761337757
replace,self,8-texture,7,A cup with a wet surface,data/replace/8-texture/7.png,27.635659895756362,95.54812445053994,0.008174687623977661
replace,self,8-texture,8,A cup with a dry surface,data/replace/8-texture/8.png,28.533931763376586,97.82654197323109,0.006098094861954451
replace,self,8-texture,9,A cup with a grainy surface,data/replace/8-texture/9.png,28.94593698089102,96.81006812553869,0.011906336061656475
replace,self,8-texture,10,A cup with a fuzzy surface,data/replace/8-texture/10.png,28.90967351224299,98.85005513000851,0.006908380426466465
replace,self,9-Transportation,1,A drawing of a boy driving a truck,data/replace/9-Transportation/1.png,26.391287671377995,94.99737153033175,0.01452258788049221
replace,self,9-Transportation,2,A drawing of a boy driving a motorcycle,data/replace/9-Transportation/2.png,31.325941687655586,85.87620913514729,0.04594141244888306
replace,self,9-Transportation,3,A drawing of a boy driving a bus,data/replace/9-Transportation/3.png,27.535866811627557,93.47947357021076,0.00866589043289423
replace,self,9-Transportation,4,A drawing of a boy driving a bicycle,data/replace/9-Transportation/4.png,32.94555796207851,77.89084313513467,0.10117314755916595
replace,self,9-Transportation,5,A drawing of a boy driving a scooter,data/replace/9-Transportation/5.png,24.985193132224367,89.32008232651333,0.016405219212174416
replace,self,9-Transportation,6,A drawing of a boy driving a train,data/replace/9-Transportation/6.png,29.700457335506826,93.57214687897795,0.01123228669166565
replace,self,9-Transportation,7,A drawing of a boy driving a submarine,data/replace/9-Transportation/7.png,29.061385226164475,88.2381387320047,0.019412245601415634
replace,self,9-Transportation,8,A drawing of a boy driving a helicopter,data/replace/9-Transportation/8.png,28.331794516127957,94.18404820892647,0.026197034865617752
replace,self,9-Transportation,9,A drawing of a boy driving a jet,data/replace/9-Transportation/9.png,27.724211543022875,95.65128221712303,0.01616685837507248
replace,self,9-Transportation,10,A drawing of a boy driving a spaceship,data/replace/9-Transportation/10.png,26.44505702553215,94.20234087580366,0.018528109416365623
linear,self,0-animal,1,A photo of a cat riding a bicycle,data/linear/self/0-animal/1.png,35.29930086035142,89.63725058649015,0.009747007861733437
linear,self,0-animal,2,A photo of a dog riding a bicycle,data/linear/self/0-animal/2.png,34.03014204255214,93.60026835252847,0.010360939428210258
linear,self,0-animal,3,A photo of a lion riding a bicycle,data/linear/self/0-animal/3.png,33.9643474503971,88.44218928849659,0.005361148156225681
linear,self,0-animal,4,A photo of a tiger riding a bicycle,data/linear/self/0-animal/4.png,36.39259019985866,89.12556255344816,0.014784986153244972
linear,self,0-animal,5,A photo of a rabbit riding a bicycle,data/linear/self/0-animal/5.png,34.43464303471683,88.07225303247424,0.012335245497524738
linear,self,0-animal,6,A photo of a panda riding a bicycle,data/linear/self/0-animal/6.png,39.729103496864354,93.05858725994722,0.004748209845274687
linear,self,0-animal,7,A photo of a fox riding a bicycle,data/linear/self/0-animal/7.png,39.433583645521594,89.7087046400984,0.006773590110242367
linear,self,0-animal,8,A photo of a wolf riding a bicycle,data/linear/self/0-animal/8.png,35.92944419322521,90.36133382692924,0.009314130060374737
linear,self,0-animal,9,A photo of a monkey riding a bicycle,data/linear/self/0-animal/9.png,37.350955474926195,90.79589344374745,0.007117412053048611
linear,self,0-animal,10,A photo of an elephant riding a bicycle,data/linear/self/0-animal/10.png,32.74151336605155,88.74698958373892,0.009042797610163689
linear,self,1-clothes,1,A portrait of a woman wearing a jacket,data/linear/self/1-clothes/1.png,29.34709713246116,97.70665914204801,0.0057851956225931644
linear,self,1-clothes,2,A portrait of a woman wearing a sweater,data/linear/self/1-clothes/2.png,28.18400776836438,95.86464301983915,0.00906531885266304
linear,self,1-clothes,3,A portrait of a woman wearing a skirt,data/linear/self/1-clothes/3.png,28.40302803253371,98.13320193353229,0.0027166784275323153
linear,self,1-clothes,4,A portrait of a woman wearing a coat,data/linear/self/1-clothes/4.png,30.5103921325981,97.51611499909268,0.006161361001431942
linear,self,1-clothes,5,A portrait of a woman wearing a shirt,data/linear/self/1-clothes/5.png,27.62676688207739,95.8835019308849,0.007561713457107544
linear,self,1-clothes,6,A portrait of a woman wearing a scarf,data/linear/self/1-clothes/6.png,28.83631807032134,98.77638378344545,0.002503453055396676
linear,self,1-clothes,7,A portrait of a woman wearing a hoodie,data/linear/self/1-clothes/7.png,26.24168596204254,92.51759162083317,0.013224596157670021
linear,self,1-clothes,8,A portrait of a woman wearing a blouse,data/linear/self/1-clothes/8.png,29.67905032570252,98.56261766911393,0.0026407199911773205
linear,self,1-clothes,9,A portrait of a woman wearing a suit,data/linear/self/1-clothes/9.png,27.268322402444483,97.078163877728,0.00621080631390214
linear,self,1-clothes,10,A portrait of a woman wearing a vest,data/linear/self/1-clothes/10.png,33.34048644756194,95.834727446344,0.005856047850102186
linear,self,2-color,1,A bear holding a red balloon.,data/linear/self/2-color/1.png,33.133580828367485,94.87124213189963,0.006738611496984959
linear,self,2-color,2,A bear holding a yellow balloon.,data/linear/self/2-color/2.png,31.85918574212519,95.55876388044408,0.00837762001901865
linear,self,2-color,3,A bear holding a black balloon.,data/linear/self/2-color/3.png,32.11386150751946,99.10746376857423,0.001347335521131754
linear,self,2-color,4,A bear holding a pink balloon.,data/linear/self/2-color/4.png,35.05863218754803,94.54624182100179,0.005729547701776028
linear,self,2-color,5,A bear holding a white balloon.,data/linear/self/2-color/5.png,33.35190073790727,97.58802204803578,0.003547128988429904
linear,self,2-color,6,A bear holding a green balloon.,data/linear/self/2-color/6.png,32.014578043142365,98.35565840573508,0.002822668757289648
linear,self,2-color,7,A bear holding a purple balloon.,data/linear/self/2-color/7.png,34.955978080251725,97.96229752252884,0.002892798976972699
linear,self,2-color,8,A bear holding a orange balloon.,data/linear/self/2-color/8.png,34.12749133605871,95.67316904435438,0.00488358223810792
linear,self,2-color,9,A bear holding a gray balloon.,data/linear/self/2-color/9.png,32.831570030713465,99.01650707370754,0.0012702912790700793
linear,self,2-color,10,A bear holding a brown balloon.,data/linear/self/2-color/10.png,32.167645762835946,95.39784324820221,0.009568450972437859
linear,self,3-decorates,1,A cake decorated with strawberries,data/linear/self/3-decorates/1.png,28.91332727724648,93.57432840914316,0.008608001284301281
linear,self,3-decorates,2,A cake decorated with blueberries,data/linear/self/3-decorates/2.png,29.903122083901962,94.51518779870457,0.0069550625048577785
linear,self,3-decorates,3,A cake decorated with cream,data/linear/self/3-decorates/3.png,29.44214866673633,95.12811432862145,0.011027340777218342
linear,self,3-decorates,4,A cake decorated with sprinkles,data/linear/self/3-decorates/4.png,29.80298627303955,94.34664969227924,0.006704636849462986
linear,self,3-decorates,5,A cake decorated with almonds,data/linear/self/3-decorates/5.png,29.391022778779643,95.89598910491804,0.005901925731450319
linear,self,3-decorates,6,A cake decorated with cherries,data/linear/self/3-decorates/6.png,30.173378504629227,93.27815886712278,0.006505042780190706
linear,self,3-decorates,7,A cake decorated with mints,data/linear/self/3-decorates/7.png,28.689026041147144,96.27260108166456,0.00777276000007987
linear,self,3-decorates,8,A cake decorated with macarons,data/linear/self/3-decorates/8.png,28.363000530280942,97.10944439769264,0.006341350730508566
linear,self,3-decorates,9,A cake decorated with caramel,data/linear/self/3-decorates/9.png,28.9540283120366,96.32763405438436,0.004844677168875933
linear,self,3-decorates,10,A cake decorated with raspberries,data/linear/self/3-decorates/10.png,30.936458086887797,93.02483314703568,0.007987692952156067
linear,self,4-food,1,A painting of a girl holding an apple,data/linear/self/4-food/1.png,34.54775179750436,81.42161394474851,0.014428439550101757
linear,self,4-food,2,A painting of a girl holding a grape,data/linear/self/4-food/2.png,32.45044598201321,80.87183854078921,0.014083190821111202
linear,self,4-food,3,A painting of a girl holding a pineapple,data/linear/self/4-food/3.png,32.07785135863105,82.67735873621768,0.00988035835325718
linear,self,4-food,4,A painting of a girl holding a watermelon,data/linear/self/4-food/4.png,33.277847921588545,89.07131040163449,0.005553447175770998
linear,self,4-food,5,A painting of a girl holding a mango,data/linear/self/4-food/5.png,33.953347412364565,84.60064579777827,0.00790852028876543
linear,self,4-food,6,A painting of a girl holding a strawberry,data/linear/self/4-food/6.png,32.38438316893621,83.10887255545549,0.012545039877295494
linear,self,4-food,7,A painting of a girl holding a peach,data/linear/self/4-food/7.png,34.17769335195089,83.97301480087344,0.012255276553332806
linear,self,4-food,8,A painting of a girl holding a papaya,data/linear/self/4-food/8.png,33.39819566903634,87.4987490176195,0.006674672476947308
linear,self,4-food,9,A painting of a girl holding a kiwi,data/linear/self/4-food/9.png,33.51394789802134,88.43947131648747,0.005232997238636017
linear,self,4-food,10,A painting of a girl holding an orange,data/linear/self/4-food/10.png,34.10255871124696,89.26668848164991,0.0063759819604456425
linear,self,5-object,1,A photo of a book on the table,data/linear/self/5-object/1.png,25.30166699803658,90.96603491523956,0.027547957375645638
linear,self,5-object,2,A photo of a cup on the table,data/linear/self/5-object/2.png,26.260351157977993,95.04561553349367,0.009557100012898445
linear,self,5-object,3,A photo of a lamp on the table,data/linear/self/5-object/3.png,28.79510145531458,94.4782150347296,0.007841979153454304
linear,self,5-object,4,A photo of a phone on the table,data/linear/self/5-object/4.png,26.61657834465609,89.01788675444641,0.02457711659371853
linear,self,5-object,5,A photo of a chair on the table,data/linear/self/5-object/5.png,28.710114166077574,90.99952676769408,0.024248600006103516
linear,self,5-object,6,A photo of a table on the table,data/linear/self/5-object/6.png,26.56700813804673,96.1486770552574,0.011979476548731327
linear,self,5-object,7,A photo of a pen on the table,data/linear/self/5-object/7.png,27.14774219686433,95.82820669770808,0.013016038574278355
linear,self,5-object,8,A photo of a key on the table,data/linear/self/5-object/8.png,26.9562384190549,88.4129114847492,0.02272239699959755
linear,self,5-object,9,A photo of a bag on the table,data/linear/self/5-object/9.png,25.921287130072415,96.22665185750157,0.010205014608800411
linear,self,5-object,10,A photo of a clock on the table,data/linear/self/5-object/10.png,24.663983677023452,95.22634875117046,0.012420101091265678
linear,self,6-plants,1,A drawing of a garden filled with roses,data/linear/self/6-plants/1.png,31.008514147454207,97.80250341815918,0.012777981348335743
linear,self,6-plants,2,A drawing of a garden filled with tulips,data/linear/self/6-plants/2.png,30.391194754882235,95.41962874752971,0.017509177327156067
linear,self,6-plants,3,A drawing of a garden filled with daisies,data/linear/self/6-plants/3.png,30.1268511153678,96.33577604948186,0.012406660243868828
linear,self,6-plants,4,A drawing of a garden filled with lavender,data/linear/self/6-plants/4.png,28.405746004542834,93.00964588238821,0.024335527792572975
linear,self,6-plants,5,A drawing of a garden filled with lotus,data/linear/self/6-plants/5.png,30.06245127200691,92.58467665364606,0.018228113651275635
linear,self,6-plants,6,A drawing of a garden filled with orchids,data/linear/self/6-plants/6.png,30.392911368782734,96.05992573241565,0.01907721348106861
linear,self,6-plants,7,A drawing of a garden filled with peonies,data/linear/self/6-plants/7.png,32.22868688420749,98.05808219399069,0.01031875517219305
linear,self,6-plants,8,A drawing of a garden filled with violets,data/linear/self/6-plants/8.png,30.621018361741335,95.01297602752447,0.01507285051047802
linear,self,6-plants,9,A drawing of a garden filled with carnations,data/linear/self/6-plants/9.png,31.515058299259636,96.81483053701959,0.009512665681540966
linear,self,6-plants,10,A drawing of a garden filled with hydrangeas,data/linear/self/6-plants/10.png,34.01964268357392,95.40397656661753,0.015649255365133286
linear,self,7-text,1,A magazine cover with the headline “FASHION”,data/linear/self/7-text/1.png,24.683015441552243,97.29380157804826,0.0006574916769750416
linear,self,7-text,2,A magazine cover with the headline “DESIGN”,data/linear/self/7-text/2.png,25.550766748486694,98.10762557850785,0.0014952667988836765
linear,self,7-text,3,A magazine cover with the headline “TRENDS”,data/linear/self/7-text/3.png,25.12977613008684,99.14928239053916,0.0005224657361395657
linear,self,7-text,4,A magazine cover with the headline “BEAUTY”,data/linear/self/7-text/4.png,24.6993918189537,95.0205696598482,0.0026270465459674597
linear,self,7-text,5,A magazine cover with the headline “LIFESTYLE”,data/linear/self/7-text/5.png,23.991506141968102,98.92257014637471,0.0006168658728711307
linear,self,7-text,6,A magazine cover with the headline “MODERN”,data/linear/self/7-text/6.png,25.62393145553051,99.13712304207729,0.0006169385742396116
linear,self,7-text,7,A magazine cover with the headline “ELEGANCE”,data/linear/self/7-text/7.png,25.3833432490037,97.98467906834958,0.0005907568847760558
linear,self,7-text,8,A magazine cover with the headline “GLAMOUR”,data/linear/self/7-text/8.png,24.289928739732886,96.26995463523463,0.0013861057814210653
linear,self,7-text,9,A magazine cover with the headline “FEATURES”,data/linear/self/7-text/9.png,24.156563336872978,98.85249892063075,0.0004482201184146106
linear,self,7-text,10,A magazine cover with the headline “INSPIRE”,data/linear/self/7-text/10.png,23.66603346422437,98.66683639845496,0.0009507787181064487
linear,self,8-texture,1,A cup with a rough surface,data/linear/self/8-texture/1.png,29.955812593903374,98.67323793779224,0.0037169428542256355
linear,self,8-texture,2,A cup with a shiny surface,data/linear/self/8-texture/2.png,30.33402495548421,99.41159053127922,0.0021802838891744614
linear,self,8-texture,3,A cup with a matte surface,data/linear/self/8-texture/3.png,29.86994315585639,98.40399777633593,0.005567611660808325
linear,self,8-texture,4,A cup with a soft surface,data/linear/self/8-texture/4.png,30.365117720803482,99.48200150352432,0.0018667848780751228
linear,self,8-texture,5,A cup with a hard surface,data/linear/self/8-texture/5.png,29.457103473251436,99.32865662221138,0.0023153983056545258
linear,self,8-texture,6,A cup with a sticky surface,data/linear/self/8-texture/6.png,29.38853726490288,98.49698698974453,0.005411145742982626
linear,self,8-texture,7,A cup with a wet surface,data/linear/self/8-texture/7.png,29.0054522232399,99.189610896271,0.001060010981746018
linear,self,8-texture,8,A cup with a dry surface,data/linear/self/8-texture/8.png,29.04026431867692,99.42128820772405,0.001051193568855524
linear,self,8-texture,9,A cup with a grainy surface,data/linear/self/8-texture/9.png,29.280599205444105,98.7687305464724,0.004986122250556946
linear,self,8-texture,10,A cup with a fuzzy surface,data/linear/self/8-texture/10.png,29.400639988947887,99.52044054187263,0.002563418820500374
linear,self,9-Transportation,1,A drawing of a boy driving a truck,data/linear/self/9-Transportation/1.png,26.536422012246703,95.58171167043338,0.0037570029962807894
linear,self,9-Transportation,2,A drawing of a boy driving a motorcycle,data/linear/self/9-Transportation/2.png,25.360189822974235,94.42424302476775,0.011483659036457539
linear,self,9-Transportation,3,A drawing of a boy driving a bus,data/linear/self/9-Transportation/3.png,28.50250223178864,95.34011614533301,0.003729479154571891
linear,self,9-Transportation,4,A drawing of a boy driving a bicycle,data/linear/self/9-Transportation/4.png,31.665443809733688,88.09077219701885,0.014998028986155987
linear,self,9-Transportation,5,A drawing of a boy driving a scooter,data/linear/self/9-Transportation/5.png,25.00884425707568,96.88910389054081,0.004808543715626001
linear,self,9-Transportation,6,A drawing of a boy driving a train,data/linear/self/9-Transportation/6.png,31.510030647089252,93.7485349177191,0.005342342425137758
linear,self,9-Transportation,7,A drawing of a boy driving a submarine,data/linear/self/9-Transportation/7.png,28.238599666679193,92.99216979920675,0.008157010190188885
linear,self,9-Transportation,8,A drawing of a boy driving a helicopter,data/linear/self/9-Transportation/8.png,27.038081563040123,98.10913953660065,0.005991012789309025
linear,self,9-Transportation,9,A drawing of a boy driving a jet,data/linear/self/9-Transportation/9.png,26.694350491092564,98.25590406462834,0.004389876965433359
linear,self,9-Transportation,10,A drawing of a boy driving a spaceship,data/linear/self/9-Transportation/10.png,27.09024159166256,98.71586122252302,0.0032329310197383165
linear,cross,0-animal,1,A photo of a cat riding a bicycle,data/linear/cross/0-animal/1.png,34.596523301812795,91.63423283647353,0.024890245869755745
linear,cross,0-animal,2,A photo of a dog riding a bicycle,data/linear/cross/0-animal/2.png,33.728330920473354,90.40361140469395,0.021148046478629112
linear,cross,0-animal,3,A photo of a lion riding a bicycle,data/linear/cross/0-animal/3.png,33.313184537939605,90.11401625549388,0.022474190220236778
linear,cross,0-animal,4,A photo of a tiger riding a bicycle,data/linear/cross/0-animal/4.png,35.81299458984313,88.62810215019954,0.014757891185581684
linear,cross,0-animal,5,A photo of a rabbit riding a bicycle,data/linear/cross/0-animal/5.png,37.60704089027695,88.55596860358901,0.029208604246377945
linear,cross,0-animal,6,A photo of a panda riding a bicycle,data/linear/cross/0-animal/6.png,39.83858531674059,91.80563196606636,0.01428958959877491
linear,cross,0-animal,7,A photo of a fox riding a bicycle,data/linear/cross/0-animal/7.png,39.84446531539629,88.24721055963164,0.026706956326961517
linear,cross,0-animal,8,A photo of a wolf riding a bicycle,data/linear/cross/0-animal/8.png,31.53655173580546,87.90496662368469,0.021286383271217346
linear,cross,0-animal,9,A photo of a monkey riding a bicycle,data/linear/cross/0-animal/9.png,36.71219628999279,90.21704885231338,0.020995190367102623
linear,cross,0-animal,10,A photo of an elephant riding a bicycle,data/linear/cross/0-animal/10.png,33.057954449306635,85.50834712092137,0.02472173236310482
linear,cross,1-clothes,1,A portrait of a woman wearing a jacket,data/linear/cross/1-clothes/1.png,28.300463332211393,85.34343297717487,0.034622661769390106
linear,cross,1-clothes,2,A portrait of a woman wearing a sweater,data/linear/cross/1-clothes/2.png,29.08688111491233,86.08508766823434,0.03463734686374664
linear,cross,1-clothes,3,A portrait of a woman wearing a skirt,data/linear/cross/1-clothes/3.png,25.05116653832738,89.60411636193157,0.03488294407725334
linear,cross,1-clothes,4,A portrait of a woman wearing a coat,data/linear/cross/1-clothes/4.png,26.87199618793443,69.2867749146858,0.06456924229860306
linear,cross,1-clothes,5,A portrait of a woman wearing a shirt,data/linear/cross/1-clothes/5.png,28.554361256931998,81.64002326126229,0.029298551380634308
linear,cross,1-clothes,6,A portrait of a woman wearing a scarf,data/linear/cross/1-clothes/6.png,33.53594201362148,93.88269902287993,0.019844602793455124
linear,cross,1-clothes,7,A portrait of a woman wearing a hoodie,data/linear/cross/1-clothes/7.png,30.358862212857048,76.30007253075155,0.06284916400909424
linear,cross,1-clothes,8,A portrait of a woman wearing a blouse,data/linear/cross/1-clothes/8.png,29.947760005779855,97.2311153683554,0.019063323736190796
linear,cross,1-clothes,9,A portrait of a woman wearing a suit,data/linear/cross/1-clothes/9.png,27.21257119370034,81.73964647214052,0.04146089032292366
linear,cross,1-clothes,10,A portrait of a woman wearing a vest,data/linear/cross/1-clothes/10.png,29.83291376746456,81.88137440730043,0.025803443044424057
linear,cross,2-color,1,A bear holding a red balloon.,data/linear/cross/2-color/1.png,33.17634716425664,93.7071275678345,0.04341145232319832
linear,cross,2-color,2,A bear holding a yellow balloon.,data/linear/cross/2-color/2.png,32.16992266044008,92.08651291553542,0.05885371193289757
linear,cross,2-color,3,A bear holding a black balloon.,data/linear/cross/2-color/3.png,32.24219329774405,97.1591904380175,0.024617377668619156
linear,cross,2-color,4,A bear holding a pink balloon.,data/linear/cross/2-color/4.png,34.632980485571125,94.58268410359778,0.04506032168865204
linear,cross,2-color,5,A bear holding a white balloon.,data/linear/cross/2-color/5.png,33.34986225890043,88.67824754167486,0.05884775519371033
linear,cross,2-color,6,A bear holding a green balloon.,data/linear/cross/2-color/6.png,35.13814180951226,97.09109808663106,0.00923185795545578
linear,cross,2-color,7,A bear holding a purple balloon.,data/linear/cross/2-color/7.png,35.486170376676,95.82582251173517,0.042576637119054794
linear,cross,2-color,8,A bear holding a orange balloon.,data/linear/cross/2-color/8.png,33.50263791581233,94.08778073980511,0.042472027242183685
linear,cross,2-color,9,A bear holding a gray balloon.,data/linear/cross/2-color/9.png,32.667567838101604,97.52437620348883,0.02795419842004776
linear,cross,2-color,10,A bear holding a brown balloon.,data/linear/cross/2-color/10.png,32.387509432793195,86.66569059682342,0.06351570785045624
linear,cross,3-decorates,1,A cake decorated with strawberries,data/linear/cross/3-decorates/1.png,32.042967737614845,88.24711519219272,0.03527573123574257
linear,cross,3-decorates,2,A cake decorated with blueberries,data/linear/cross/3-decorates/2.png,31.281503441352925,89.90832061068068,0.03092031553387642
linear,cross,3-decorates,3,A cake decorated with cream,data/linear/cross/3-decorates/3.png,29.986991785964165,88.24935632700726,0.06085605546832085
linear,cross,3-decorates,4,A cake decorated with sprinkles,data/linear/cross/3-decorates/4.png,33.84513815175137,90.32949302326097,0.03583727777004242
linear,cross,3-decorates,5,A cake decorated with almonds,data/linear/cross/3-decorates/5.png,29.11803050464846,93.22003837356806,0.024881910532712936
linear,cross,3-decorates,6,A cake decorated with cherries,data/linear/cross/3-decorates/6.png,31.55422451432969,90.68504667740171,0.02509481832385063
linear,cross,3-decorates,7,A cake decorated with mints,data/linear/cross/3-decorates/7.png,30.613925408471914,86.73440879702775,0.047114722430706024
linear,cross,3-decorates,8,A cake decorated with macarons,data/linear/cross/3-decorates/8.png,30.09516826402023,92.20857727688372,0.02904551476240158
linear,cross,3-decorates,9,A cake decorated with caramel,data/linear/cross/3-decorates/9.png,28.531917126229473,91.54916508095994,0.033863700926303864
linear,cross,3-decorates,10,A cake decorated with raspberries,data/linear/cross/3-decorates/10.png,32.98402680275149,89.4553968014061,0.030263274908065796
linear,cross,4-food,1,A painting of a girl holding an apple,data/linear/cross/4-food/1.png,38.21593218543467,80.29267804471374,0.047569241374731064
linear,cross,4-food,2,A painting of a girl holding a grape,data/linear/cross/4-food/2.png,36.678477939870845,78.39357854984837,0.04725195840001106
linear,cross,4-food,3,A painting of a girl holding a pineapple,data/linear/cross/4-food/3.png,39.187210807778,75.34083106733897,0.04660763964056969
linear,cross,4-food,4,A painting of a girl holding a watermelon,data/linear/cross/4-food/4.png,38.7167721722999,84.77513244820602,0.03040613979101181
linear,cross,4-food,5,A painting of a girl holding a mango,data/linear/cross/4-food/5.png,35.01289157965766,83.48220031602432,0.040781762450933456
linear,cross,4-food,6,A painting of a girl holding a strawberry,data/linear/cross/4-food/6.png,39.322218318726755,77.90449856029454,0.053523458540439606
linear,cross,4-food,7,A painting of a girl holding a peach,data/linear/cross/4-food/7.png,35.38856180294488,79.60959684254385,0.04837895557284355
linear,cross,4-food,8,A painting of a girl holding a papaya,data/linear/cross/4-food/8.png,37.23750100517259,81.25917935441385,0.0338398814201355
linear,cross,4-food,9,A painting of a girl holding a kiwi,data/linear/cross/4-food/9.png,34.18336473433396,82.19521672784504,0.03307054564356804
linear,cross,4-food,10,A painting of a girl holding an orange,data/linear/cross/4-food/10.png,35.141786633818356,75.88974816434802,0.04824398085474968
linear,cross,5-object,1,A photo of a book on the table,data/linear/cross/5-object/1.png,27.919649227687614,85.25215441720184,0.04285275191068649
linear,cross,5-object,2,A photo of a cup on the table,data/linear/cross/5-object/2.png,31.459849492824333,89.23794711974642,0.03192610666155815
linear,cross,5-object,3,A photo of a lamp on the table,data/linear/cross/5-object/3.png,32.07028752863198,85.80585776755152,0.03720026835799217
linear,cross,5-object,4,A photo of a phone on the table,data/linear/cross/5-object/4.png,27.729960411450065,85.09054833149276,0.04321666806936264
linear,cross,5-object,5,A photo of a chair on the table,data/linear/cross/5-object/5.png,28.66417090237951,83.66565150571023,0.04948370158672333
linear,cross,5-object,6,A photo of a table on the table,data/linear/cross/5-object/6.png,26.66794265121007,87.15025255395858,0.12379149347543716
linear,cross,5-object,7,A photo of a pen on the table,data/linear/cross/5-object/7.png,29.828005324592823,84.16525171586954,0.08046340942382812
linear,cross,5-object,8,A photo of a key on the table,data/linear/cross/5-object/8.png,22.01367784604463,65.97034242403697,0.08369416743516922
linear,cross,5-object,9,A photo of a bag on the table,data/linear/cross/5-object/9.png,28.759732056406392,82.91748202647977,0.05546601861715317
linear,cross,5-object,10,A photo of a clock on the table,data/linear/cross/5-object/10.png,29.218261682949787,76.35079012686037,0.042797937989234924
linear,cross,6-plants,1,A drawing of a garden filled with roses,data/linear/cross/6-plants/1.png,32.64617572945963,95.064599614303,0.03138725832104683
linear,cross,6-plants,2,A drawing of a garden filled with tulips,data/linear/cross/6-plants/2.png,29.394700385642864,88.35346776797951,0.028482012450695038
linear,cross,6-plants,3,A drawing of a garden filled with daisies,data/linear/cross/6-plants/3.png,32.09202534424003,96.34790559561907,0.020050833001732826
linear,cross,6-plants,4,A drawing of a garden filled with lavender,data/linear/cross/6-plants/4.png,32.95690668730958,85.43164189770778,0.0448494628071785
linear,cross,6-plants,5,A drawing of a garden filled with lotus,data/linear/cross/6-plants/5.png,30.023392345305638,91.60654051639813,0.031212732195854187
linear,cross,6-plants,6,A drawing of a garden filled with orchids,data/linear/cross/6-plants/6.png,30.865397423965078,94.87345942485445,0.02870291657745838
linear,cross,6-plants,7,A drawing of a garden filled with peonies,data/linear/cross/6-plants/7.png,34.8211970669704,94.23309091438932,0.03010294772684574
linear,cross,6-plants,8,A drawing of a garden filled with violets,data/linear/cross/6-plants/8.png,31.38701559158426,93.81356955059528,0.025989556685090065
linear,cross,6-plants,9,A drawing of a garden filled with carnations,data/linear/cross/6-plants/9.png,30.89050290225987,95.12639175425602,0.01698518916964531
linear,cross,6-plants,10,A drawing of a garden filled with hydrangeas,data/linear/cross/6-plants/10.png,34.87322298513186,93.20243116015808,0.03178616613149643
linear,cross,7-text,1,A magazine cover with the headline “FASHION”,data/linear/cross/7-text/1.png,25.87044436420001,91.35624867296156,0.006855487823486328
linear,cross,7-text,2,A magazine cover with the headline “DESIGN”,data/linear/cross/7-text/2.png,25.794978917692333,86.90842457072586,0.0193836260586977
linear,cross,7-text,3,A magazine cover with the headline “TRENDS”,data/linear/cross/7-text/3.png,23.680793065512944,90.61029052622098,0.014370106160640717
linear,cross,7-text,4,A magazine cover with the headline “BEAUTY”,data/linear/cross/7-text/4.png,27.38242358264324,83.03260244618195,0.021918240934610367
linear,cross,7-text,5,A magazine cover with the headline “LIFESTYLE”,data/linear/cross/7-text/5.png,23.944531717836753,97.85627873277826,0.0031452877447009087
linear,cross,7-text,6,A magazine cover with the headline “MODERN”,data/linear/cross/7-text/6.png,24.26904625084262,90.78182674650725,0.01257948949933052
linear,cross,7-text,7,A magazine cover with the headline “ELEGANCE”,data/linear/cross/7-text/7.png,26.62654722225534,84.39088511588125,0.020531218498945236
linear,cross,7-text,8,A magazine cover with the headline “GLAMOUR”,data/linear/cross/7-text/8.png,26.30983195761337,85.59482750662391,0.0194205641746521
linear,cross,7-text,9,A magazine cover with the headline “FEATURES”,data/linear/cross/7-text/9.png,23.679308909744805,94.27118424577156,0.00588871818035841
linear,cross,7-text,10,A magazine cover with the headline “INSPIRE”,data/linear/cross/7-text/10.png,22.663901985275288,88.03758696842806,0.013019108213484287
linear,cross,8-texture,1,A cup with a rough surface,data/linear/cross/8-texture/1.png,29.93754078865345,98.2902721054279,0.012825281359255314
linear,cross,8-texture,2,A cup with a shiny surface,data/linear/cross/8-texture/2.png,30.49631947489297,98.9279584066735,0.007207735441625118
linear,cross,8-texture,3,A cup with a matte surface,data/linear/cross/8-texture/3.png,30.61619336537865,96.63778684713589,0.022039897739887238
linear,cross,8-texture,4,A cup with a soft surface,data/linear/cross/8-texture/4.png,29.62049173797527,98.0158999836649,0.009238636121153831
linear,cross,8-texture,5,A cup with a hard surface,data/linear/cross/8-texture/5.png,28.660171430409946,97.08282496130505,0.008995089679956436
linear,cross,8-texture,6,A cup with a sticky surface,data/linear/cross/8-texture/6.png,28.903951465907994,95.5861283749482,0.022182535380125046
linear,cross,8-texture,7,A cup with a wet surface,data/linear/cross/8-texture/7.png,25.76266723729441,90.33840987879967,0.011307455599308014
linear,cross,8-texture,8,A cup with a dry surface,data/linear/cross/8-texture/8.png,28.471486952513487,96.79385566092287,0.02218436822295189
linear,cross,8-texture,9,A cup with a grainy surface,data/linear/cross/8-texture/9.png,29.49246095122976,97.82198817802282,0.011489799246191978
linear,cross,8-texture,10,A cup with a fuzzy surface,data/linear/cross/8-texture/10.png,29.437177638982803,99.09411232712591,0.01008671149611473
linear,cross,9-Transportation,1,A drawing of a boy driving a truck,data/linear/cross/9-Transportation/1.png,25.315995955733797,95.33121121072418,0.011358934454619884
linear,cross,9-Transportation,2,A drawing of a boy driving a motorcycle,data/linear/cross/9-Transportation/2.png,35.39591701667132,78.77805237984057,0.13149753212928772
linear,cross,9-Transportation,3,A drawing of a boy driving a bus,data/linear/cross/9-Transportation/3.png,29.804619440430997,88.42642981921563,0.029177958145737648
linear,cross,9-Transportation,4,A drawing of a boy driving a bicycle,data/linear/cross/9-Transportation/4.png,34.17502306366123,78.33133937502544,0.12314467877149582
linear,cross,9-Transportation,5,A drawing of a boy driving a scooter,data/linear/cross/9-Transportation/5.png,31.70164469349993,89.06077229963421,0.034465424716472626
linear,cross,9-Transportation,6,A drawing of a boy driving a train,data/linear/cross/9-Transportation/6.png,31.84955065056215,76.62596691138924,0.037423375993967056
linear,cross,9-Transportation,7,A drawing of a boy driving a submarine,data/linear/cross/9-Transportation/7.png,32.57401834098937,86.83786458685745,0.034706369042396545
linear,cross,9-Transportation,8,A drawing of a boy driving a helicopter,data/linear/cross/9-Transportation/8.png,28.882154045650623,91.18823508745027,0.042624473571777344
linear,cross,9-Transportation,9,A drawing of a boy driving a jet,data/linear/cross/9-Transportation/9.png,26.649962908741827,94.54940682788083,0.029196722432971
linear,cross,9-Transportation,10,A drawing of a boy driving a spaceship,data/linear/cross/9-Transportation/10.png,27.184279846899244,90.47669862569364,0.04033787548542023
sigmoid,self,0-animal,1,A photo of a cat riding a bicycle,data/sigmoid/self/0-animal/1.png,35.4119745091989,89.62504951477376,0.011222143657505512
sigmoid,self,0-animal,2,A photo of a dog riding a bicycle,data/sigmoid/self/0-animal/2.png,34.94522838174635,92.78097264526104,0.012713443487882614
sigmoid,self,0-animal,3,A photo of a lion riding a bicycle,data/sigmoid/self/0-animal/3.png,34.0341951587061,87.51887750769583,0.005882679019123316
sigmoid,self,0-animal,4,A photo of a tiger riding a bicycle,data/sigmoid/self/0-animal/4.png,36.39111498478792,89.17620266351287,0.011223917827010155
sigmoid,self,0-animal,5,A photo of a rabbit riding a bicycle,data/sigmoid/self/0-animal/5.png,36.66823786111718,86.03105009315823,0.014612916857004166
sigmoid,self,0-animal,6,A photo of a panda riding a bicycle,data/sigmoid/self/0-animal/6.png,40.02795524810426,92.57469287488448,0.006003457121551037
sigmoid,self,0-animal,7,A photo of a fox riding a bicycle,data/sigmoid/self/0-animal/7.png,39.28663732331347,89.97666330159427,0.011632724665105343
sigmoid,self,0-animal,8,A photo of a wolf riding a bicycle,data/sigmoid/self/0-animal/8.png,36.152440087504374,89.98646230594295,0.010254677385091782
sigmoid,self,0-animal,9,A photo of a monkey riding a bicycle,data/sigmoid/self/0-animal/9.png,36.792138045664615,90.21473619191966,0.008271235041320324
sigmoid,self,0-animal,10,A photo of an elephant riding a bicycle,data/sigmoid/self/0-animal/10.png,32.90971172597574,88.39402873184372,0.009351611137390137
sigmoid,self,1-clothes,1,A portrait of a woman wearing a jacket,data/sigmoid/self/1-clothes/1.png,29.3018840257173,97.62539416316122,0.006257722619920969
sigmoid,self,1-clothes,2,A portrait of a woman wearing a sweater,data/sigmoid/self/1-clothes/2.png,28.346761243572928,95.63439025950493,0.010363279841840267
sigmoid,self,1-clothes,3,A portrait of a woman wearing a skirt,data/sigmoid/self/1-clothes/3.png,28.319471254880455,98.63822020631505,0.002858643187209964
sigmoid,self,1-clothes,4,A portrait of a woman wearing a coat,data/sigmoid/self/1-clothes/4.png,30.468135416460655,97.45613484047908,0.00663335993885994
sigmoid,self,1-clothes,5,A portrait of a woman wearing a shirt,data/sigmoid/self/1-clothes/5.png,27.67183991789534,95.72417274277996,0.008841097354888916
sigmoid,self,1-clothes,6,A portrait of a woman wearing a scarf,data/sigmoid/self/1-clothes/6.png,29.117708639542116,98.86441985049532,0.0031552135478705168
sigmoid,self,1-clothes,7,A portrait of a woman wearing a hoodie,data/sigmoid/self/1-clothes/7.png,26.400282012960815,92.0657585766412,0.01436962466686964
sigmoid,self,1-clothes,8,A portrait of a woman wearing a blouse,data/sigmoid/self/1-clothes/8.png,29.625277991315897,98.53320873513803,0.003267994849011302
sigmoid,self,1-clothes,9,A portrait of a woman wearing a suit,data/sigmoid/self/1-clothes/9.png,27.229251554813345,97.0945015121074,0.006624190136790276
sigmoid,self,1-clothes,10,A portrait of a woman wearing a vest,data/sigmoid/self/1-clothes/10.png,33.23253050670837,95.61180605787649,0.006701915990561247
sigmoid,self,2-color,1,A bear holding a red balloon.,data/sigmoid/self/2-color/1.png,33.367761535092086,95.07680664648433,0.006950545124709606
sigmoid,self,2-color,2,A bear holding a yellow balloon.,data/sigmoid/self/2-color/2.png,32.05167895711338,95.8436800646723,0.00867142342031002
sigmoid,self,2-color,3,A bear holding a black balloon.,data/sigmoid/self/2-color/3.png,32.04392141200401,99.06650345355956,0.001359105110168457
sigmoid,self,2-color,4,A bear holding a pink balloon.,data/sigmoid/self/2-color/4.png,35.185122194108544,94.49570303884093,0.006094431970268488
sigmoid,self,2-color,5,A bear holding a white balloon.,data/sigmoid/self/2-color/5.png,33.32318917832845,97.6199641796079,0.003923734650015831
sigmoid,self,2-color,6,A bear holding a green balloon.,data/sigmoid/self/2-color/6.png,32.216715290390994,98.32413946717315,0.003103164490312338
sigmoid,self,2-color,7,A bear holding a purple balloon.,data/sigmoid/self/2-color/7.png,35.03327934995855,97.8216901547762,0.0034891117829829454
sigmoid,self,2-color,8,A bear holding a orange balloon.,data/sigmoid/self/2-color/8.png,34.14347432277464,95.92445628543464,0.005006152205169201
sigmoid,self,2-color,9,A bear holding a gray balloon.,data/sigmoid/self/2-color/9.png,32.8091557023356,99.02162711308438,0.0014425935223698616
sigmoid,self,2-color,10,A bear holding a brown balloon.,data/sigmoid/self/2-color/10.png,32.177304696258716,95.22501956749056,0.010414467193186283
sigmoid,self,3-decorates,1,A cake decorated with strawberries,data/sigmoid/self/3-decorates/1.png,28.69835714899864,93.74864816655281,0.0095935994759202
sigmoid,self,3-decorates,2,A cake decorated with blueberries,data/sigmoid/self/3-decorates/2.png,29.799669274304733,94.78551872524349,0.007610029075294733
sigmoid,self,3-decorates,3,A cake decorated with cream,data/sigmoid/self/3-decorates/3.png,29.211979352911158,95.17370592488851,0.013394370675086975
sigmoid,self,3-decorates,4,A cake decorated with sprinkles,data/sigmoid/self/3-decorates/4.png,29.923465150715856,95.0111521252552,0.007893025875091553
sigmoid,self,3-decorates,5,A cake decorated with almonds,data/sigmoid/self/3-decorates/5.png,29.44689319682243,96.25741977748203,0.00678216153755784
sigmoid,self,3-decorates,6,A cake decorated with cherries,data/sigmoid/self/3-decorates/6.png,30.341037442477045,92.99988860129406,0.007284701336175203
sigmoid,self,3-decorates,7,A cake decorated with mints,data/sigmoid/self/3-decorates/7.png,28.896548568462094,96.18166226819267,0.008788120932877064
sigmoid,self,3-decorates,8,A cake decorated with macarons,data/sigmoid/self/3-decorates/8.png,28.397931835016607,96.67790077613017,0.007031922694295645
sigmoid,self,3-decorates,9,A cake decorated with caramel,data/sigmoid/self/3-decorates/9.png,28.96329981523877,96.18123311471754,0.005526076070964336
sigmoid,self,3-decorates,10,A cake decorated with raspberries,data/sigmoid/self/3-decorates/10.png,30.921229098985805,91.3290808738002,0.008937261998653412
sigmoid,self,4-food,1,A painting of a girl holding an apple,data/sigmoid/self/4-food/1.png,35.00833182398446,82.52899084312321,0.016481241211295128
sigmoid,self,4-food,2,A painting of a girl holding a grape,data/sigmoid/self/4-food/2.png,32.36465403001034,80.26075379453641,0.01552241574972868
sigmoid,self,4-food,3,A painting of a girl holding a pineapple,data/sigmoid/self/4-food/3.png,33.817395167724044,83.00015367509059,0.012457385659217834
sigmoid,self,4-food,4,A painting of a girl holding a watermelon,data/sigmoid/self/4-food/4.png,33.972695081534766,88.45021207429545,0.007357653230428696
sigmoid,self,4-food,5,A painting of a girl holding a mango,data/sigmoid/self/4-food/5.png,34.853052771801,84.43489718894125,0.009602118283510208
sigmoid,self,4-food,6,A painting of a girl holding a strawberry,data/sigmoid/self/4-food/6.png,32.743238920649446,83.22240153102075,0.014249980449676514
sigmoid,self,4-food,7,A painting of a girl holding a peach,data/sigmoid/self/4-food/7.png,33.934500422248675,84.05184194960293,0.014510833658277988
sigmoid,self,4-food,8,A painting of a girl holding a papaya,data/sigmoid/self/4-food/8.png,33.482726982706026,86.82751125927007,0.008314695209264755
sigmoid,self,4-food,9,A painting of a girl holding a kiwi,data/sigmoid/self/4-food/9.png,33.391949101787304,88.81360970028709,0.006822116672992706
sigmoid,self,4-food,10,A painting of a girl holding an orange,data/sigmoid/self/4-food/10.png,34.043338511912225,86.45078603368984,0.010253367945551872
sigmoid,self,5-object,1,A photo of a book on the table,data/sigmoid/self/5-object/1.png,25.829898301498133,90.06365032681606,0.032942138612270355
sigmoid,self,5-object,2,A photo of a cup on the table,data/sigmoid/self/5-object/2.png,26.342453582187773,95.07133493967649,0.0102492431178689
sigmoid,self,5-object,3,A photo of a lamp on the table,data/sigmoid/self/5-object/3.png,28.977491682242544,93.4433531527211,0.008056392893195152
sigmoid,self,5-object,4,A photo of a phone on the table,data/sigmoid/self/5-object/4.png,26.391046272548238,86.69840758883674,0.02616369165480137
sigmoid,self,5-object,5,A photo of a chair on the table,data/sigmoid/self/5-object/5.png,28.78501038818422,90.75751401004845,0.023259636014699936
sigmoid,self,5-object,6,A photo of a table on the table,data/sigmoid/self/5-object/6.png,26.411502588195845,97.41259960461366,0.009971031919121742
sigmoid,self,5-object,7,A photo of a pen on the table,data/sigmoid/self/5-object/7.png,27.249776415807673,96.09376329183624,0.013333359733223915
sigmoid,self,5-object,8,A photo of a key on the table,data/sigmoid/self/5-object/8.png,26.500614519165993,87.56446910396289,0.02575080469250679
sigmoid,self,5-object,9,A photo of a bag on the table,data/sigmoid/self/5-object/9.png,26.58666575139341,93.25448986087667,0.018846983090043068
sigmoid,self,5-object,10,A photo of a clock on the table,data/sigmoid/self/5-object/10.png,24.373297762740776,95.10936866640941,0.013417303562164307
sigmoid,self,6-plants,1,A drawing of a garden filled with roses,data/sigmoid/self/6-plants/1.png,31.499733943918727,96.47993585433414,0.017632564529776573
sigmoid,self,6-plants,2,A drawing of a garden filled with tulips,data/sigmoid/self/6-plants/2.png,30.54710263611605,94.79356535290208,0.020714152604341507
sigmoid,self,6-plants,3,A drawing of a garden filled with daisies,data/sigmoid/self/6-plants/3.png,30.34013741227227,95.99921243661538,0.01563231647014618
sigmoid,self,6-plants,4,A drawing of a garden filled with lavender,data/sigmoid/self/6-plants/4.png,28.214784629042242,92.57489553069217,0.026442838832736015
sigmoid,self,6-plants,5,A drawing of a garden filled with lotus,data/sigmoid/self/6-plants/5.png,30.12830248857881,91.22585158163793,0.02362997829914093
sigmoid,self,6-plants,6,A drawing of a garden filled with orchids,data/sigmoid/self/6-plants/6.png,31.098469484212274,94.63881976233006,0.02376970648765564
sigmoid,self,6-plants,7,A drawing of a garden filled with peonies,data/sigmoid/self/6-plants/7.png,33.48495917682317,96.59184954390275,0.017206285148859024
sigmoid,self,6-plants,8,A drawing of a garden filled with violets,data/sigmoid/self/6-plants/8.png,30.79193171344218,94.76284511664107,0.018323082476854324
sigmoid,self,6-plants,9,A drawing of a garden filled with carnations,data/sigmoid/self/6-plants/9.png,31.335701948982205,95.78346744792634,0.012029358185827732
sigmoid,self,6-plants,10,A drawing of a garden filled with hydrangeas,data/sigmoid/self/6-plants/10.png,34.000166864407674,94.9533892595964,0.019630568102002144
sigmoid,self,7-text,1,A magazine cover with the headline “FASHION”,data/sigmoid/self/7-text/1.png,24.920307510971497,96.87901878387538,0.0008567290497012436
sigmoid,self,7-text,2,A magazine cover with the headline “DESIGN”,data/sigmoid/self/7-text/2.png,25.445683751730485,98.01068457684914,0.0018503899918869138
sigmoid,self,7-text,3,A magazine cover with the headline “TRENDS”,data/sigmoid/self/7-text/3.png,25.023846747310245,99.09146588069598,0.0006214418681338429
sigmoid,self,7-text,4,A magazine cover with the headline “BEAUTY”,data/sigmoid/self/7-text/4.png,24.58900549852399,94.69822175584522,0.0036496964748948812
sigmoid,self,7-text,5,A magazine cover with the headline “LIFESTYLE”,data/sigmoid/self/7-text/5.png,23.996131462755557,98.8406554768103,0.0007065414101816714
sigmoid,self,7-text,6,A magazine cover with the headline “MODERN”,data/sigmoid/self/7-text/6.png,25.56362943181057,98.97830049349159,0.0007866238593123853
sigmoid,self,7-text,7,A magazine cover with the headline “ELEGANCE”,data/sigmoid/self/7-text/7.png,25.595419571526918,97.3852291496446,0.0008801016374491155
sigmoid,self,7-text,8,A magazine cover with the headline “GLAMOUR”,data/sigmoid/self/7-text/8.png,24.497747800178217,95.66990270957149,0.0018973806872963905
sigmoid,self,7-text,9,A magazine cover with the headline “FEATURES”,data/sigmoid/self/7-text/9.png,24.152352268398317,98.5808507313418,0.0006226333789527416
sigmoid,self,7-text,10,A magazine cover with the headline “INSPIRE”,data/sigmoid/self/7-text/10.png,23.647184983992247,98.63491810874257,0.0011265008943155408
sigmoid,self,8-texture,1,A cup with a rough surface,data/sigmoid/self/8-texture/1.png,29.989146494037186,98.72228064325509,0.003712416160851717
sigmoid,self,8-texture,2,A cup with a shiny surface,data/sigmoid/self/8-texture/2.png,30.472352445400247,99.29477733953627,0.003115149913355708
sigmoid,self,8-texture,3,A cup with a matte surface,data/sigmoid/self/8-texture/3.png,29.79650426742569,98.28049098247402,0.006205531302839518
sigmoid,self,8-texture,4,A cup with a soft surface,data/sigmoid/self/8-texture/4.png,30.45538896220296,99.47353168285554,0.0024422870483249426
sigmoid,self,8-texture,5,A cup with a hard surface,data/sigmoid/self/8-texture/5.png,29.452257615261487,99.38483996466312,0.002687786240130663
sigmoid,self,8-texture,6,A cup with a sticky surface,data/sigmoid/self/8-texture/6.png,29.3713353631083,98.47243583468844,0.0055192033760249615
sigmoid,self,8-texture,7,A cup with a wet surface,data/sigmoid/self/8-texture/7.png,28.89091890933355,99.02590672690576,0.0012220927746966481
sigmoid,self,8-texture,8,A cup with a dry surface,data/sigmoid/self/8-texture/8.png,28.971903746368525,99.20544189113116,0.0012731037568300962
sigmoid,self,8-texture,9,A cup with a grainy surface,data/sigmoid/self/8-texture/9.png,29.371770477048358,98.46670186742358,0.005458490923047066
sigmoid,self,8-texture,10,A cup with a fuzzy surface,data/sigmoid/self/8-texture/10.png,29.546811450714813,99.44573207441135,0.0028110516723245382
sigmoid,self,9-Transportation,1,A drawing of a boy driving a truck,data/sigmoid/self/9-Transportation/1.png,26.554214000069578,95.6068409905879,0.006114430259913206
sigmoid,self,9-Transportation,2,A drawing of a boy driving a motorcycle,data/sigmoid/self/9-Transportation/2.png,25.252767343732103,92.60957947613315,0.013055277056992054
sigmoid,self,9-Transportation,3,A drawing of a boy driving a bus,data/sigmoid/self/9-Transportation/3.png,28.317784443304618,94.90497836341638,0.005544140934944153
sigmoid,self,9-Transportation,4,A drawing of a boy driving a bicycle,data/sigmoid/self/9-Transportation/4.png,31.95569162984384,83.72854037121078,0.018728647381067276
sigmoid,self,9-Transportation,5,A drawing of a boy driving a scooter,data/sigmoid/self/9-Transportation/5.png,24.169752355651895,96.3850929363316,0.007408551871776581
sigmoid,self,9-Transportation,6,A drawing of a boy driving a train,data/sigmoid/self/9-Transportation/6.png,30.819701519561704,92.19783651907574,0.008081004023551941
sigmoid,self,9-Transportation,7,A drawing of a boy driving a submarine,data/sigmoid/self/9-Transportation/7.png,27.749856443394037,93.70055317501419,0.01149123627692461
sigmoid,self,9-Transportation,8,A drawing of a boy driving a helicopter,data/sigmoid/self/9-Transportation/8.png,27.589880544843936,97.85313756775895,0.007537568919360638
sigmoid,self,9-Transportation,9,A drawing of a boy driving a jet,data/sigmoid/self/9-Transportation/9.png,26.130788531744884,96.87144303294644,0.005994176957756281
sigmoid,self,9-Transportation,10,A drawing of a boy driving a spaceship,data/sigmoid/self/9-Transportation/10.png,26.577203513313407,98.02595528800566,0.007857178337872028
sigmoid,cross,0-animal,1,A photo of a cat riding a bicycle,data/sigmoid/cross/0-animal/1.png,29.93252505741293,87.82451822849362,0.03159472718834877
sigmoid,cross,0-animal,2,A photo of a dog riding a bicycle,data/sigmoid/cross/0-animal/2.png,35.75719271714706,89.45242252940488,0.028715353459119797
sigmoid,cross,0-animal,3,A photo of a lion riding a bicycle,data/sigmoid/cross/0-animal/3.png,33.70065648179275,90.6492660064132,0.023852694779634476
sigmoid,cross,0-animal,4,A photo of a tiger riding a bicycle,data/sigmoid/cross/0-animal/4.png,36.9586644951753,88.60853394382684,0.015099810436367989
sigmoid,cross,0-animal,5,A photo of a rabbit riding a bicycle,data/sigmoid/cross/0-animal/5.png,37.083437887835316,85.69292483847948,0.03993070870637894
sigmoid,cross,0-animal,6,A photo of a panda riding a bicycle,data/sigmoid/cross/0-animal/6.png,39.74721734979357,93.9421367791847,0.013908928260207176
sigmoid,cross,0-animal,7,A photo of a fox riding a bicycle,data/sigmoid/cross/0-animal/7.png,39.97492499160171,87.62425852769866,0.02819492295384407
sigmoid,cross,0-animal,8,A photo of a wolf riding a bicycle,data/sigmoid/cross/0-animal/8.png,32.6419527400551,88.63670906156176,0.025889866054058075
sigmoid,cross,0-animal,9,A photo of a monkey riding a bicycle,data/sigmoid/cross/0-animal/9.png,36.49658839199719,90.01210422608165,0.022945133969187737
sigmoid,cross,0-animal,10,A photo of an elephant riding a bicycle,data/sigmoid/cross/0-animal/10.png,33.4073539234048,86.09713972832742,0.02671004645526409
sigmoid,cross,1-clothes,1,A portrait of a woman wearing a jacket,data/sigmoid/cross/1-clothes/1.png,27.088939230074857,85.20625883722323,0.03542933240532875
sigmoid,cross,1-clothes,2,A portrait of a woman wearing a sweater,data/sigmoid/cross/1-clothes/2.png,30.323790837195475,85.35383994894664,0.033354245126247406
sigmoid,cross,1-clothes,3,A portrait of a woman wearing a skirt,data/sigmoid/cross/1-clothes/3.png,25.35675361494077,89.63011590996621,0.03483912721276283
sigmoid,cross,1-clothes,4,A portrait of a woman wearing a coat,data/sigmoid/cross/1-clothes/4.png,27.016337786967142,80.28370754499065,0.046535708010196686
sigmoid,cross,1-clothes,5,A portrait of a woman wearing a shirt,data/sigmoid/cross/1-clothes/5.png,26.753230943926155,82.00593620345535,0.030560970306396484
sigmoid,cross,1-clothes,6,A portrait of a woman wearing a scarf,data/sigmoid/cross/1-clothes/6.png,34.289002054328876,91.60800083030654,0.020930517464876175
sigmoid,cross,1-clothes,7,A portrait of a woman wearing a hoodie,data/sigmoid/cross/1-clothes/7.png,31.398340474955603,77.64567729153987,0.062212780117988586
sigmoid,cross,1-clothes,8,A portrait of a woman wearing a blouse,data/sigmoid/cross/1-clothes/8.png,30.211591045310115,96.70487187994877,0.019198480993509293
sigmoid,cross,1-clothes,9,A portrait of a woman wearing a suit,data/sigmoid/cross/1-clothes/9.png,26.782163040707474,83.13552179416774,0.04162898287177086
sigmoid,cross,1-clothes,10,A portrait of a woman wearing a vest,data/sigmoid/cross/1-clothes/10.png,29.975750349101872,82.35815199723402,0.02667485550045967
sigmoid,cross,2-color,1,A bear holding a red balloon.,data/sigmoid/cross/2-color/1.png,33.15633490324649,93.3708738991445,0.04185917228460312
sigmoid,cross,2-color,2,A bear holding a yellow balloon.,data/sigmoid/cross/2-color/2.png,31.95529823915831,95.06324062829844,0.049322906881570816
sigmoid,cross,2-color,3,A bear holding a black balloon.,data/sigmoid/cross/2-color/3.png,32.34553285850757,97.20223691575848,0.023924807086586952
sigmoid,cross,2-color,4,A bear holding a pink balloon.,data/sigmoid/cross/2-color/4.png,34.450378662138064,94.6262729836476,0.045398224145174026
sigmoid,cross,2-color,5,A bear holding a white balloon.,data/sigmoid/cross/2-color/5.png,31.241747140254574,95.96641795855794,0.029883060604333878
sigmoid,cross,2-color,6,A bear holding a green balloon.,data/sigmoid/cross/2-color/6.png,34.58005751743735,97.17409160034822,0.008371351286768913
sigmoid,cross,2-color,7,A bear holding a purple balloon.,data/sigmoid/cross/2-color/7.png,35.74087296416246,96.36664529736618,0.038179971277713776
sigmoid,cross,2-color,8,A bear holding a orange balloon.,data/sigmoid/cross/2-color/8.png,33.968469111897775,94.10937550425479,0.03636883571743965
sigmoid,cross,2-color,9,A bear holding a gray balloon.,data/sigmoid/cross/2-color/9.png,32.811966061551175,97.59778528959487,0.027624111622571945
sigmoid,cross,2-color,10,A bear holding a brown balloon.,data/sigmoid/cross/2-color/10.png,34.23642181292871,86.31596627738645,0.06564280390739441
sigmoid,cross,3-decorates,1,A cake decorated with strawberries,data/sigmoid/cross/3-decorates/1.png,32.234301642173705,89.57657305347948,0.033681370317935944
sigmoid,cross,3-decorates,2,A cake decorated with blueberries,data/sigmoid/cross/3-decorates/2.png,31.330558067745642,90.00054092411301,0.03090837597846985
sigmoid,cross,3-decorates,3,A cake decorated with cream,data/sigmoid/cross/3-decorates/3.png,29.423823217302015,90.47909473259642,0.049475062638521194
sigmoid,cross,3-decorates,4,A cake decorated with sprinkles,data/sigmoid/cross/3-decorates/4.png,31.80090729624976,92.63908377754797,0.02843458764255047
sigmoid,cross,3-decorates,5,A cake decorated with almonds,data/sigmoid/cross/3-decorates/5.png,31.19237362898798,94.13820627313225,0.022057918831706047
sigmoid,cross,3-decorates,6,A cake decorated with cherries,data/sigmoid/cross/3-decorates/6.png,31.276890041495335,90.13961049191312,0.021810095757246017
sigmoid,cross,3-decorates,7,A cake decorated with mints,data/sigmoid/cross/3-decorates/7.png,29.719587447707,89.42601170928992,0.03663406893610954
sigmoid,cross,3-decorates,8,A cake decorated with macarons,data/sigmoid/cross/3-decorates/8.png,29.783185608534495,93.65620135545305,0.025663161650300026
sigmoid,cross,3-decorates,9,A cake decorated with caramel,data/sigmoid/cross/3-decorates/9.png,29.476290209868466,92.95323604226905,0.021563300862908363
sigmoid,cross,3-decorates,10,A cake decorated with raspberries,data/sigmoid/cross/3-decorates/10.png,32.64963577935282,91.4248774661919,0.03082478977739811
sigmoid,cross,4-food,1,A painting of a girl holding an apple,data/sigmoid/cross/4-food/1.png,38.63669034570216,79.36409721291284,0.047642722725868225
sigmoid,cross,4-food,2,A painting of a girl holding a grape,data/sigmoid/cross/4-food/2.png,37.3634545698892,81.44038940928522,0.049457304179668427
sigmoid,cross,4-food,3,A painting of a girl holding a pineapple,data/sigmoid/cross/4-food/3.png,38.65144249640957,77.31402510177759,0.046862367540597916
sigmoid,cross,4-food,4,A painting of a girl holding a watermelon,data/sigmoid/cross/4-food/4.png,38.49852080810683,84.6114700020953,0.03021428920328617
sigmoid,cross,4-food,5,A painting of a girl holding a mango,data/sigmoid/cross/4-food/5.png,35.289686630415645,84.01869580411449,0.040986090898513794
sigmoid,cross,4-food,6,A painting of a girl holding a strawberry,data/sigmoid/cross/4-food/6.png,39.5028144457101,79.26864036702227,0.05171934515237808
sigmoid,cross,4-food,7,A painting of a girl holding a peach,data/sigmoid/cross/4-food/7.png,35.97202575470146,78.3639729205297,0.04823696240782738
sigmoid,cross,4-food,8,A painting of a girl holding a papaya,data/sigmoid/cross/4-food/8.png,34.98776523973561,84.23444675326846,0.03499259799718857
sigmoid,cross,4-food,9,A painting of a girl holding a kiwi,data/sigmoid/cross/4-food/9.png,34.392740966242854,82.83798134521294,0.03333234414458275
sigmoid,cross,4-food,10,A painting of a girl holding an orange,data/sigmoid/cross/4-food/10.png,33.72121114511174,74.07589523894421,0.04839380457997322
sigmoid,cross,5-object,1,A photo of a book on the table,data/sigmoid/cross/5-object/1.png,29.451044660647767,83.3515826874982,0.042718056589365005
sigmoid,cross,5-object,2,A photo of a cup on the table,data/sigmoid/cross/5-object/2.png,31.147729746645155,90.8388266726547,0.03402627632021904
sigmoid,cross,5-object,3,A photo of a lamp on the table,data/sigmoid/cross/5-object/3.png,32.46731409777158,85.7230371073174,0.035738278180360794
sigmoid,cross,5-object,4,A photo of a phone on the table,data/sigmoid/cross/5-object/4.png,28.003498068122553,85.29613072747225,0.04297023266553879
sigmoid,cross,5-object,5,A photo of a chair on the table,data/sigmoid/cross/5-object/5.png,28.59436193709257,83.79288955061975,0.053844667971134186
sigmoid,cross,5-object,6,A photo of a table on the table,data/sigmoid/cross/5-object/6.png,27.06039158328167,87.4395794822367,0.12254440039396286
sigmoid,cross,5-object,7,A photo of a pen on the table,data/sigmoid/cross/5-object/7.png,29.92299725421867,84.24134301119511,0.07844533771276474
sigmoid,cross,5-object,8,A photo of a key on the table,data/sigmoid/cross/5-object/8.png,21.95933479714074,65.20029207804009,0.0839049220085144
sigmoid,cross,5-object,9,A photo of a bag on the table,data/sigmoid/cross/5-object/9.png,28.894158422024248,83.23264160977442,0.056805651634931564
sigmoid,cross,5-object,10,A photo of a clock on the table,data/sigmoid/cross/5-object/10.png,29.525520669976686,76.02984889258141,0.043165892362594604
sigmoid,cross,6-plants,1,A drawing of a garden filled with roses,data/sigmoid/cross/6-plants/1.png,31.452196255851277,93.0096995265726,0.02914411760866642
sigmoid,cross,6-plants,2,A drawing of a garden filled with tulips,data/sigmoid/cross/6-plants/2.png,29.46897671939655,88.86905990555215,0.028109511360526085
sigmoid,cross,6-plants,3,A drawing of a garden filled with daisies,data/sigmoid/cross/6-plants/3.png,32.1058297810232,96.0049583248101,0.02085096389055252
sigmoid,cross,6-plants,4,A drawing of a garden filled with lavender,data/sigmoid/cross/6-plants/4.png,32.89116573933893,84.80095914275762,0.04772276058793068
sigmoid,cross,6-plants,5,A drawing of a garden filled with lotus,data/sigmoid/cross/6-plants/5.png,29.8125677204182,91.03552797588509,0.03602633252739906
sigmoid,cross,6-plants,6,A drawing of a garden filled with orchids,data/sigmoid/cross/6-plants/6.png,30.658408358261568,94.63426000665686,0.03101976402103901
sigmoid,cross,6-plants,7,A drawing of a garden filled with peonies,data/sigmoid/cross/6-plants/7.png,34.321054454502246,93.90476466405926,0.031170537695288658
sigmoid,cross,6-plants,8,A drawing of a garden filled with violets,data/sigmoid/cross/6-plants/8.png,31.32630229578399,92.9880630388684,0.027851928025484085
sigmoid,cross,6-plants,9,A drawing of a garden filled with carnations,data/sigmoid/cross/6-plants/9.png,31.11630617552214,95.10989914778838,0.017268583178520203
sigmoid,cross,6-plants,10,A drawing of a garden filled with hydrangeas,data/sigmoid/cross/6-plants/10.png,35.05023091222597,92.67033449518794,0.0373150072991848
sigmoid,cross,7-text,1,A magazine cover with the headline “FASHION”,data/sigmoid/cross/7-text/1.png,25.775458395039095,90.23751708889085,0.00711728585883975
sigmoid,cross,7-text,2,A magazine cover with the headline “DESIGN”,data/sigmoid/cross/7-text/2.png,25.839926783746705,86.69682210516476,0.019106008112430573
sigmoid,cross,7-text,3,A magazine cover with the headline “TRENDS”,data/sigmoid/cross/7-text/3.png,24.01758466616309,92.04114781693579,0.012518423609435558
sigmoid,cross,7-text,4,A magazine cover with the headline “BEAUTY”,data/sigmoid/cross/7-text/4.png,27.23020522920251,82.77285730536278,0.02226683869957924
sigmoid,cross,7-text,5,A magazine cover with the headline “LIFESTYLE”,data/sigmoid/cross/7-text/5.png,23.99992231845249,97.86380083952281,0.0035745888017117977
sigmoid,cross,7-text,6,A magazine cover with the headline “MODERN”,data/sigmoid/cross/7-text/6.png,24.18010270300681,90.66026306421327,0.014762471430003643
sigmoid,cross,7-text,7,A magazine cover with the headline “ELEGANCE”,data/sigmoid/cross/7-text/7.png,26.539697287726995,84.64832951723656,0.022412870079278946
sigmoid,cross,7-text,8,A magazine cover with the headline “GLAMOUR”,data/sigmoid/cross/7-text/8.png,26.04710658432805,85.01449279895678,0.01982307992875576
sigmoid,cross,7-text,9,A magazine cover with the headline “FEATURES”,data/sigmoid/cross/7-text/9.png,23.149259664478905,93.16529150316501,0.004076678771525621
sigmoid,cross,7-text,10,A magazine cover with the headline “INSPIRE”,data/sigmoid/cross/7-text/10.png,22.542910507614806,87.27240632228086,0.014720240607857704
sigmoid,cross,8-texture,1,A cup with a rough surface,data/sigmoid/cross/8-texture/1.png,29.80402339393777,98.19920812219243,0.012621182017028332
sigmoid,cross,8-texture,2,A cup with a shiny surface,data/sigmoid/cross/8-texture/2.png,30.153643405238427,99.13556736072997,0.006202211137861013
sigmoid,cross,8-texture,3,A cup with a matte surface,data/sigmoid/cross/8-texture/3.png,30.08752694797704,96.59903786461109,0.01306215114891529
sigmoid,cross,8-texture,4,A cup with a soft surface,data/sigmoid/cross/8-texture/4.png,29.779502041206342,98.26820050378365,0.008871104568243027
sigmoid,cross,8-texture,5,A cup with a hard surface,data/sigmoid/cross/8-texture/5.png,28.609564102902368,96.90354609707174,0.009534688666462898
sigmoid,cross,8-texture,6,A cup with a sticky surface,data/sigmoid/cross/8-texture/6.png,29.00739235457536,95.68143620921546,0.021476849913597107
sigmoid,cross,8-texture,7,A cup with a wet surface,data/sigmoid/cross/8-texture/7.png,25.7786532042428,90.54128026323497,0.01168071199208498
sigmoid,cross,8-texture,8,A cup with a dry surface,data/sigmoid/cross/8-texture/8.png,27.822207546974596,95.5062641053205,0.0219294223934412
sigmoid,cross,8-texture,9,A cup with a grainy surface,data/sigmoid/cross/8-texture/9.png,29.27451357074824,97.28043821567007,0.012218247167766094
sigmoid,cross,8-texture,10,A cup with a fuzzy surface,data/sigmoid/cross/8-texture/10.png,29.26625236635209,99.07981913221829,0.011888300068676472
sigmoid,cross,9-Transportation,1,A drawing of a boy driving a truck,data/sigmoid/cross/9-Transportation/1.png,25.133319626489083,94.750351982143,0.012633178383111954
sigmoid,cross,9-Transportation,2,A drawing of a boy driving a motorcycle,data/sigmoid/cross/9-Transportation/2.png,34.430193547644876,76.76363576993026,0.10765083134174347
sigmoid,cross,9-Transportation,3,A drawing of a boy driving a bus,data/sigmoid/cross/9-Transportation/3.png,29.591413609803112,88.24265676442337,0.029251281172037125
sigmoid,cross,9-Transportation,4,A drawing of a boy driving a bicycle,data/sigmoid/cross/9-Transportation/4.png,34.191122279443334,75.8000610485119,0.11899621039628983
sigmoid,cross,9-Transportation,5,A drawing of a boy driving a scooter,data/sigmoid/cross/9-Transportation/5.png,31.685900125381295,86.7258316879902,0.030719827860593796
sigmoid,cross,9-Transportation,6,A drawing of a boy driving a train,data/sigmoid/cross/9-Transportation/6.png,32.426732272280105,77.23650329486827,0.03721887245774269
sigmoid,cross,9-Transportation,7,A drawing of a boy driving a submarine,data/sigmoid/cross/9-Transportation/7.png,33.552172359632095,84.18150590373989,0.031860604882240295
sigmoid,cross,9-Transportation,8,A drawing of a boy driving a helicopter,data/sigmoid/cross/9-Transportation/8.png,28.147943975291582,92.53810158066517,0.03993390500545502
sigmoid,cross,9-Transportation,9,A drawing of a boy driving a jet,data/sigmoid/cross/9-Transportation/9.png,26.638363843983598,93.71709942566622,0.028921103104948997
sigmoid,cross,9-Transportation,10,A drawing of a boy driving a spaceship,data/sigmoid/cross/9-Transportation/10.png,26.735057486347614,85.49419101670719,0.04763663560152054
exp,self,0-animal,1,A photo of a cat riding a bicycle,data/exp/self/0-animal/1.png,35.34718723561741,90.9014473172333,0.014242088422179222
exp,self,0-animal,2,A photo of a dog riding a bicycle,data/exp/self/0-animal/2.png,34.47364831723371,92.40328778482672,0.014359166845679283
exp,self,0-animal,3,A photo of a lion riding a bicycle,data/exp/self/0-animal/3.png,35.13032465975357,90.03296585334465,0.006978579331189394
exp,self,0-animal,4,A photo of a tiger riding a bicycle,data/exp/self/0-animal/4.png,36.032017834244925,89.32343210780527,0.01093383226543665
exp,self,0-animal,5,A photo of a rabbit riding a bicycle,data/exp/self/0-animal/5.png,36.05945385432824,86.05300248550384,0.01632721535861492
exp,self,0-animal,6,A photo of a panda riding a bicycle,data/exp/self/0-animal/6.png,40.15574463602002,92.91049354823963,0.007419314235448837
exp,self,0-animal,7,A photo of a fox riding a bicycle,data/exp/self/0-animal/7.png,38.666269152928635,90.38820360284399,0.012926102615892887
exp,self,0-animal,8,A photo of a wolf riding a bicycle,data/exp/self/0-animal/8.png,35.749163970883274,90.50917719910967,0.010953206568956375
exp,self,0-animal,9,A photo of a monkey riding a bicycle,data/exp/self/0-animal/9.png,37.25779936849949,89.92858619145045,0.00828754622489214
exp,self,0-animal,10,A photo of an elephant riding a bicycle,data/exp/self/0-animal/10.png,33.15029695227008,88.68928036226453,0.008877110667526722
exp,self,1-clothes,1,A portrait of a woman wearing a jacket,data/exp/self/1-clothes/1.png,29.40446362720195,96.02877038221459,0.01147121749818325
exp,self,1-clothes,2,A portrait of a woman wearing a sweater,data/exp/self/1-clothes/2.png,28.728636310854654,96.03544014247382,0.01411757804453373
exp,self,1-clothes,3,A portrait of a woman wearing a skirt,data/exp/self/1-clothes/3.png,28.237437376017397,97.10988547209763,0.006016102619469166
exp,self,1-clothes,4,A portrait of a woman wearing a coat,data/exp/self/1-clothes/4.png,30.08330097834005,96.11216324708221,0.010902851819992065
exp,self,1-clothes,5,A portrait of a woman wearing a shirt,data/exp/self/1-clothes/5.png,26.612006668053027,95.01327405077109,0.013082034885883331
exp,self,1-clothes,6,A portrait of a woman wearing a scarf,data/exp/self/1-clothes/6.png,29.558526744539222,98.89123002176075,0.0034391910303384066
exp,self,1-clothes,7,A portrait of a woman wearing a hoodie,data/exp/self/1-clothes/7.png,25.58443741488918,86.17439927477972,0.01976696401834488
exp,self,1-clothes,8,A portrait of a woman wearing a blouse,data/exp/self/1-clothes/8.png,30.489894093695966,98.15067205624882,0.007876785472035408
exp,self,1-clothes,9,A portrait of a woman wearing a suit,data/exp/self/1-clothes/9.png,26.112665738118267,94.21431544985262,0.010933760553598404
exp,self,1-clothes,10,A portrait of a woman wearing a vest,data/exp/self/1-clothes/10.png,32.49897012702695,92.82366745557101,0.010518014430999756
exp,self,2-color,1,A bear holding a red balloon.,data/exp/self/2-color/1.png,33.40820925012258,94.04456736904604,0.007501885760575533
exp,self,2-color,2,A bear holding a yellow balloon.,data/exp/self/2-color/2.png,31.69840518080923,95.27602922638107,0.009744962677359581
exp,self,2-color,3,A bear holding a black balloon.,data/exp/self/2-color/3.png,32.161023686296176,99.05800979103105,0.002023471752181649
exp,self,2-color,4,A bear holding a pink balloon.,data/exp/self/2-color/4.png,35.52681478704926,94.15319088197202,0.006628567352890968
exp,self,2-color,5,A bear holding a white balloon.,data/exp/self/2-color/5.png,33.57019680558733,97.23827388673908,0.004243244882673025
exp,self,2-color,6,A bear holding a green balloon.,data/exp/self/2-color/6.png,32.373964276234574,98.49692142463027,0.003808797337114811
exp,self,2-color,7,A bear holding a purple balloon.,data/exp/self/2-color/7.png,35.13103395508051,98.02735599726475,0.003990306053310633
exp,self,2-color,8,A bear holding a orange balloon.,data/exp/self/2-color/8.png,33.320262590046696,93.02839154460025,0.026662370190024376
exp,self,2-color,9,A bear holding a gray balloon.,data/exp/self/2-color/9.png,32.86884081793505,98.96922270539972,0.001715986174531281
exp,self,2-color,10,A bear holding a brown balloon.,data/exp/self/2-color/10.png,30.720519383088458,92.58874169072988,0.015278461389243603
exp,self,3-decorates,1,A cake decorated with strawberries,data/exp/self/3-decorates/1.png,28.900938450884723,91.55377848081753,0.012361865490674973
exp,self,3-decorates,2,A cake decorated with blueberries,data/exp/self/3-decorates/2.png,29.982801579116767,92.97272676259763,0.011141413822770119
exp,self,3-decorates,3,A cake decorated with cream,data/exp/self/3-decorates/3.png,29.63226961668147,94.13057687801893,0.019506506621837616
exp,self,3-decorates,4,A cake decorated with sprinkles,data/exp/self/3-decorates/4.png,30.197735944575015,95.76384559736925,0.010830789804458618
exp,self,3-decorates,5,A cake decorated with almonds,data/exp/self/3-decorates/5.png,29.609354609249294,95.02789507124999,0.009790776297450066
exp,self,3-decorates,6,A cake decorated with cherries,data/exp/self/3-decorates/6.png,30.440890131255173,92.7979122865986,0.009437893517315388
exp,self,3-decorates,7,A cake decorated with mints,data/exp/self/3-decorates/7.png,28.706916376641402,96.05085390478871,0.012800999917089939
exp,self,3-decorates,8,A cake decorated with macarons,data/exp/self/3-decorates/8.png,28.01949595600081,96.48388168211932,0.01186294760555029
exp,self,3-decorates,9,A cake decorated with caramel,data/exp/self/3-decorates/9.png,29.205202304283148,95.0959456993819,0.00817218329757452
exp,self,3-decorates,10,A cake decorated with raspberries,data/exp/self/3-decorates/10.png,30.638413978646213,92.24683750128406,0.011103288270533085
exp,self,4-food,1,A painting of a girl holding an apple,data/exp/self/4-food/1.png,36.48646752254217,80.92704436699205,0.036173541098833084
exp,self,4-food,2,A painting of a girl holding a grape,data/exp/self/4-food/2.png,33.72591693217578,82.75311624550704,0.01782623678445816
exp,self,4-food,3,A painting of a girl holding a pineapple,data/exp/self/4-food/3.png,36.29078545881521,83.45513980523174,0.0156969353556633
exp,self,4-food,4,A painting of a girl holding a watermelon,data/exp/self/4-food/4.png,35.30597360084312,86.43971745031058,0.01282765343785286
exp,self,4-food,5,A painting of a girl holding a mango,data/exp/self/4-food/5.png,32.83329558531136,85.62325892435092,0.015272878110408783
exp,self,4-food,6,A painting of a girl holding a strawberry,data/exp/self/4-food/6.png,33.66822559209618,84.94363479184176,0.016977641731500626
exp,self,4-food,7,A painting of a girl holding a peach,data/exp/self/4-food/7.png,35.27149231120984,85.95047056773865,0.02496677078306675
exp,self,4-food,8,A painting of a girl holding a papaya,data/exp/self/4-food/8.png,33.15653457882172,83.82414622872466,0.010279790498316288
exp,self,4-food,9,A painting of a girl holding a kiwi,data/exp/self/4-food/9.png,33.28971520726873,88.78918371499458,0.012312536127865314
exp,self,4-food,10,A painting of a girl holding an orange,data/exp/self/4-food/10.png,35.226207678886794,83.47433846277863,0.01630113646388054
exp,self,5-object,1,A photo of a book on the table,data/exp/self/5-object/1.png,25.40679767851225,89.56660119564776,0.030934104695916176
exp,self,5-object,2,A photo of a cup on the table,data/exp/self/5-object/2.png,29.04981298349844,92.50731577928991,0.01874247007071972
exp,self,5-object,3,A photo of a lamp on the table,data/exp/self/5-object/3.png,28.799539021456667,90.71846700427704,0.012695075012743473
exp,self,5-object,4,A photo of a phone on the table,data/exp/self/5-object/4.png,26.58861482342627,86.29940214533963,0.030319472774863243
exp,self,5-object,5,A photo of a chair on the table,data/exp/self/5-object/5.png,28.25039244654772,88.42712123314777,0.03577806428074837
exp,self,5-object,6,A photo of a table on the table,data/exp/self/5-object/6.png,28.101038096506954,88.21338492114091,0.06308654695749283
exp,self,5-object,7,A photo of a pen on the table,data/exp/self/5-object/7.png,28.141155005733708,89.02031266367385,0.0227094367146492
exp,self,5-object,8,A photo of a key on the table,data/exp/self/5-object/8.png,25.470455443989067,80.7168366502251,0.04186933860182762
exp,self,5-object,9,A photo of a bag on the table,data/exp/self/5-object/9.png,26.344399673988164,92.49569287267195,0.019205810502171516
exp,self,5-object,10,A photo of a clock on the table,data/exp/self/5-object/10.png,27.676107610786858,87.3348302715167,0.020529327914118767
exp,self,6-plants,1,A drawing of a garden filled with roses,data/exp/self/6-plants/1.png,31.735804118026863,96.91714191758228,0.01876714453101158
exp,self,6-plants,2,A drawing of a garden filled with tulips,data/exp/self/6-plants/2.png,30.56180114263907,94.62207085587033,0.01953618973493576
exp,self,6-plants,3,A drawing of a garden filled with daisies,data/exp/self/6-plants/3.png,30.38016491452504,96.19497198638646,0.015638671815395355
exp,self,6-plants,4,A drawing of a garden filled with lavender,data/exp/self/6-plants/4.png,28.083448764491777,92.52606144150195,0.02744503691792488
exp,self,6-plants,5,A drawing of a garden filled with lotus,data/exp/self/6-plants/5.png,29.996722244966122,91.61716206490746,0.022407814860343933
exp,self,6-plants,6,A drawing of a garden filled with orchids,data/exp/self/6-plants/6.png,31.724985874174763,95.07715831391533,0.023118024691939354
exp,self,6-plants,7,A drawing of a garden filled with peonies,data/exp/self/6-plants/7.png,33.29435244898605,97.2915008385844,0.016776371747255325
exp,self,6-plants,8,A drawing of a garden filled with violets,data/exp/self/6-plants/8.png,30.903028819315068,94.77396734420472,0.0179370678961277
exp,self,6-plants,9,A drawing of a garden filled with carnations,data/exp/self/6-plants/9.png,31.08440874743701,95.86359397801107,0.011654307134449482
exp,self,6-plants,10,A drawing of a garden filled with hydrangeas,data/exp/self/6-plants/10.png,33.857482274626136,94.92425450700739,0.019012756645679474
exp,self,7-text,1,A magazine cover with the headline “FASHION”,data/exp/self/7-text/1.png,24.75258598824189,96.40620490312176,0.0009083964396268129
exp,self,7-text,2,A magazine cover with the headline “DESIGN”,data/exp/self/7-text/2.png,25.595091745955642,96.74312018341925,0.0026175789535045624
exp,self,7-text,3,A magazine cover with the headline “TRENDS”,data/exp/self/7-text/3.png,25.061043028720178,99.0930752062277,0.0007911701104603708
exp,self,7-text,4,A magazine cover with the headline “BEAUTY”,data/exp/self/7-text/4.png,24.833503770046377,93.79922271150326,0.005392912775278091
exp,self,7-text,5,A magazine cover with the headline “LIFESTYLE”,data/exp/self/7-text/5.png,24.010372503595022,98.87697855010765,0.0009978287853300571
exp,self,7-text,6,A magazine cover with the headline “MODERN”,data/exp/self/7-text/6.png,25.471212423035468,98.81341019160482,0.001124128233641386
exp,self,7-text,7,A magazine cover with the headline “ELEGANCE”,data/exp/self/7-text/7.png,25.669526032030035,97.15078618246298,0.001079086447134614
exp,self,7-text,8,A magazine cover with the headline “GLAMOUR”,data/exp/self/7-text/8.png,24.33329112211527,95.13442646098474,0.0020742984488606453
exp,self,7-text,9,A magazine cover with the headline “FEATURES”,data/exp/self/7-text/9.png,24.22222679879951,98.57635654078285,0.0008078456739895046
exp,self,7-text,10,A magazine cover with the headline “INSPIRE”,data/exp/self/7-text/10.png,23.39336901566446,98.38108574913622,0.0014025676064193249
exp,self,8-texture,1,A cup with a rough surface,data/exp/self/8-texture/1.png,29.877843752124136,98.6840681025742,0.00530209532007575
exp,self,8-texture,2,A cup with a shiny surface,data/exp/self/8-texture/2.png,30.474411786034352,99.15694754844208,0.0038530633319169283
exp,self,8-texture,3,A cup with a matte surface,data/exp/self/8-texture/3.png,29.931169051640836,97.80154378330508,0.00732978293672204
exp,self,8-texture,4,A cup with a soft surface,data/exp/self/8-texture/4.png,30.285140202342063,99.21117585839602,0.0035979265812784433
exp,self,8-texture,5,A cup with a hard surface,data/exp/self/8-texture/5.png,29.268854109295035,98.79422941545272,0.0032445495016872883
exp,self,8-texture,6,A cup with a sticky surface,data/exp/self/8-texture/6.png,29.176165899365515,98.09248599757984,0.006935437675565481
exp,self,8-texture,7,A cup with a wet surface,data/exp/self/8-texture/7.png,28.861459311405724,98.87746134776717,0.0016643776325508952
exp,self,8-texture,8,A cup with a dry surface,data/exp/self/8-texture/8.png,28.957491342162257,98.88550201496082,0.0020806139800697565
exp,self,8-texture,9,A cup with a grainy surface,data/exp/self/8-texture/9.png,29.113908843147783,97.94904740898437,0.007288224995136261
exp,self,8-texture,10,A cup with a fuzzy surface,data/exp/self/8-texture/10.png,29.312922806771894,99.2087737910283,0.004666890483349562
exp,self,9-Transportation,1,A drawing of a boy driving a truck,data/exp/self/9-Transportation/1.png,26.867856645038955,95.34605276840557,0.013550113886594772
exp,self,9-Transportation,2,A drawing of a boy driving a motorcycle,data/exp/self/9-Transportation/2.png,26.64323056360081,94.6510685177659,0.015498190186917782
exp,self,9-Transportation,3,A drawing of a boy driving a bus,data/exp/self/9-Transportation/3.png,27.096944134478917,92.66105405128837,0.006420711055397987
exp,self,9-Transportation,4,A drawing of a boy driving a bicycle,data/exp/self/9-Transportation/4.png,32.84871530809119,86.34263935795843,0.04990118741989136
exp,self,9-Transportation,5,A drawing of a boy driving a scooter,data/exp/self/9-Transportation/5.png,25.78512030869433,92.92320125947526,0.01248222403228283
exp,self,9-Transportation,6,A drawing of a boy driving a train,data/exp/self/9-Transportation/6.png,31.050538405459292,90.1945659785888,0.012388961389660835
exp,self,9-Transportation,7,A drawing of a boy driving a submarine,data/exp/self/9-Transportation/7.png,28.78097515342506,92.75822155061451,0.013290517963469028
exp,self,9-Transportation,8,A drawing of a boy driving a helicopter,data/exp/self/9-Transportation/8.png,26.300384620695695,96.68294928992782,0.014256961643695831
exp,self,9-Transportation,9,A drawing of a boy driving a jet,data/exp/self/9-Transportation/9.png,26.75379122762979,96.44825002275411,0.009600977413356304
exp,self,9-Transportation,10,A drawing of a boy driving a spaceship,data/exp/self/9-Transportation/10.png,27.061971106488727,98.80970278241693,0.0063552772626280785
exp,cross,0-animal,1,A photo of a cat riding a bicycle,data/exp/cross/0-animal/1.png,30.90863761681635,88.3829661089294,0.033630188554525375
exp,cross,0-animal,2,A photo of a dog riding a bicycle,data/exp/cross/0-animal/2.png,35.93158996060083,89.43659153454473,0.030825166031718254
exp,cross,0-animal,3,A photo of a lion riding a bicycle,data/exp/cross/0-animal/3.png,33.28086391684428,90.12026282274292,0.027439313009381294
exp,cross,0-animal,4,A photo of a tiger riding a bicycle,data/exp/cross/0-animal/4.png,38.35611039971218,87.25951383663232,0.015891341492533684
exp,cross,0-animal,5,A photo of a rabbit riding a bicycle,data/exp/cross/0-animal/5.png,37.566289191534906,83.27494302939886,0.04062964767217636
exp,cross,0-animal,6,A photo of a panda riding a bicycle,data/exp/cross/0-animal/6.png,37.881562023663264,84.52253986530559,0.0344846285879612
exp,cross,0-animal,7,A photo of a fox riding a bicycle,data/exp/cross/0-animal/7.png,40.02525515748994,86.96333833414701,0.02927686646580696
exp,cross,0-animal,8,A photo of a wolf riding a bicycle,data/exp/cross/0-animal/8.png,32.63600419605268,88.92029606211008,0.026966150850057602
exp,cross,0-animal,9,A photo of a monkey riding a bicycle,data/exp/cross/0-animal/9.png,37.32658909428301,80.15063420491242,0.02850372903048992
exp,cross,0-animal,10,A photo of an elephant riding a bicycle,data/exp/cross/0-animal/10.png,30.68491156558298,85.23207361084496,0.03302045911550522
exp,cross,1-clothes,1,A portrait of a woman wearing a jacket,data/exp/cross/1-clothes/1.png,28.100993393019962,81.28930950464655,0.0407269187271595
exp,cross,1-clothes,2,A portrait of a woman wearing a sweater,data/exp/cross/1-clothes/2.png,30.05888095351247,73.97951452098914,0.04254699870944023
exp,cross,1-clothes,3,A portrait of a woman wearing a skirt,data/exp/cross/1-clothes/3.png,23.947815934014443,86.11962856251694,0.04577280208468437
exp,cross,1-clothes,4,A portrait of a woman wearing a coat,data/exp/cross/1-clothes/4.png,25.828214470154762,70.10145722209563,0.0697193443775177
exp,cross,1-clothes,5,A portrait of a woman wearing a shirt,data/exp/cross/1-clothes/5.png,27.286400492584107,76.42507540131146,0.03603758290410042
exp,cross,1-clothes,6,A portrait of a woman wearing a scarf,data/exp/cross/1-clothes/6.png,35.01529066679291,91.01004102783463,0.02643006294965744
exp,cross,1-clothes,7,A portrait of a woman wearing a hoodie,data/exp/cross/1-clothes/7.png,30.550756401119543,77.54975552938458,0.0629250779747963
exp,cross,1-clothes,8,A portrait of a woman wearing a blouse,data/exp/cross/1-clothes/8.png,30.582829662920176,95.1821399827677,0.02150074951350689
exp,cross,1-clothes,9,A portrait of a woman wearing a suit,data/exp/cross/1-clothes/9.png,27.807434534639924,80.78099509475624,0.044870685786008835
exp,cross,1-clothes,10,A portrait of a woman wearing a vest,data/exp/cross/1-clothes/10.png,29.66573464704379,75.0212726609243,0.03180745616555214
exp,cross,2-color,1,A bear holding a red balloon.,data/exp/cross/2-color/1.png,31.68984595316647,84.68587448584503,0.07120274752378464
exp,cross,2-color,2,A bear holding a yellow balloon.,data/exp/cross/2-color/2.png,33.672600573356476,88.71755084743836,0.07507068663835526
exp,cross,2-color,3,A bear holding a black balloon.,data/exp/cross/2-color/3.png,32.661246765040914,89.22175849699033,0.07224574685096741
exp,cross,2-color,4,A bear holding a pink balloon.,data/exp/cross/2-color/4.png,34.15966592576319,91.97306142601428,0.04851642623543739
exp,cross,2-color,5,A bear holding a white balloon.,data/exp/cross/2-color/5.png,33.25900689193759,90.74596858947461,0.06608188152313232
exp,cross,2-color,6,A bear holding a green balloon.,data/exp/cross/2-color/6.png,34.65573158021766,90.43645356647085,0.03363103047013283
exp,cross,2-color,7,A bear holding a purple balloon.,data/exp/cross/2-color/7.png,33.66514999219112,93.5849499576525,0.05667628347873688
exp,cross,2-color,8,A bear holding a orange balloon.,data/exp/cross/2-color/8.png,34.24794339164282,87.1396786891687,0.05413835868239403
exp,cross,2-color,9,A bear holding a gray balloon.,data/exp/cross/2-color/9.png,34.01252886867724,89.62538330080997,0.06510363519191742
exp,cross,2-color,10,A bear holding a brown balloon.,data/exp/cross/2-color/10.png,32.58015165940469,87.39496540221853,0.0781041607260704
exp,cross,3-decorates,1,A cake decorated with strawberries,data/exp/cross/3-decorates/1.png,33.228626402177724,83.778167202237,0.081967294216156
exp,cross,3-decorates,2,A cake decorated with blueberries,data/exp/cross/3-decorates/2.png,32.19735272005846,88.77311430153713,0.04984210059046745
exp,cross,3-decorates,3,A cake decorated with cream,data/exp/cross/3-decorates/3.png,30.549510663948695,83.51614516381369,0.07551100850105286
exp,cross,3-decorates,4,A cake decorated with sprinkles,data/exp/cross/3-decorates/4.png,32.93134225321501,86.49448816257336,0.06195637211203575
exp,cross,3-decorates,5,A cake decorated with almonds,data/exp/cross/3-decorates/5.png,30.546357577999515,90.8094356200736,0.04850401356816292
exp,cross,3-decorates,6,A cake decorated with cherries,data/exp/cross/3-decorates/6.png,32.18064553685326,92.40637530566164,0.038009416311979294
exp,cross,3-decorates,7,A cake decorated with mints,data/exp/cross/3-decorates/7.png,30.853127806901966,84.47285342963005,0.05360425263643265
exp,cross,3-decorates,8,A cake decorated with macarons,data/exp/cross/3-decorates/8.png,32.2176123403633,93.6964940983953,0.034859251230955124
exp,cross,3-decorates,9,A cake decorated with caramel,data/exp/cross/3-decorates/9.png,29.13983686560323,90.59684967779867,0.0380556583404541
exp,cross,3-decorates,10,A cake decorated with raspberries,data/exp/cross/3-decorates/10.png,31.566759372082288,91.5245304793948,0.07298275828361511
exp,cross,4-food,1,A painting of a girl holding an apple,data/exp/cross/4-food/1.png,37.96446315017397,79.11517031594576,0.05056537315249443
exp,cross,4-food,2,A painting of a girl holding a grape,data/exp/cross/4-food/2.png,38.43371565313055,75.59178452238302,0.046651724725961685
exp,cross,4-food,3,A painting of a girl holding a pineapple,data/exp/cross/4-food/3.png,38.99603187530738,74.99762153607298,0.05279533937573433
exp,cross,4-food,4,A painting of a girl holding a watermelon,data/exp/cross/4-food/4.png,35.424071272778974,84.20538352625863,0.03464597463607788
exp,cross,4-food,5,A painting of a girl holding a mango,data/exp/cross/4-food/5.png,37.06983610685984,80.86115738763056,0.043065764009952545
exp,cross,4-food,6,A painting of a girl holding a strawberry,data/exp/cross/4-food/6.png,39.099240305842386,79.19934996218444,0.05107267200946808
exp,cross,4-food,7,A painting of a girl holding a peach,data/exp/cross/4-food/7.png,35.53569587979837,78.39381696844566,0.05322086438536644
exp,cross,4-food,8,A painting of a girl holding a papaya,data/exp/cross/4-food/8.png,38.46557433819362,81.1611416272076,0.03838751092553139
exp,cross,4-food,9,A painting of a girl holding a kiwi,data/exp/cross/4-food/9.png,32.91902197219997,78.92757660313191,0.041663605719804764
exp,cross,4-food,10,A painting of a girl holding an orange,data/exp/cross/4-food/10.png,35.00311641716871,74.04917447465277,0.057543810456991196
exp,cross,5-object,1,A photo of a book on the table,data/exp/cross/5-object/1.png,26.199467988927154,82.45534929888481,0.045837946236133575
exp,cross,5-object,2,A photo of a cup on the table,data/exp/cross/5-object/2.png,31.240724920518687,85.20585352560784,0.0811876505613327
exp,cross,5-object,3,A photo of a lamp on the table,data/exp/cross/5-object/3.png,30.929120754556152,81.77168993161649,0.06392402201890945
exp,cross,5-object,4,A photo of a phone on the table,data/exp/cross/5-object/4.png,26.672421940606682,85.83920656884766,0.039220426231622696
exp,cross,5-object,5,A photo of a chair on the table,data/exp/cross/5-object/5.png,30.237036270106046,82.04536467898242,0.05266149714589119
exp,cross,5-object,6,A photo of a table on the table,data/exp/cross/5-object/6.png,26.646848565814707,83.74304218239104,0.09164034575223923
exp,cross,5-object,7,A photo of a pen on the table,data/exp/cross/5-object/7.png,30.166968024594553,82.83644354526041,0.08579722046852112
exp,cross,5-object,8,A photo of a key on the table,data/exp/cross/5-object/8.png,25.73451596141922,76.55041801837251,0.09000293165445328
exp,cross,5-object,9,A photo of a bag on the table,data/exp/cross/5-object/9.png,29.52086554686457,81.97629481134709,0.07142839580774307
exp,cross,5-object,10,A photo of a clock on the table,data/exp/cross/5-object/10.png,28.924211086212836,73.76424040902975,0.06415504962205887
exp,cross,6-plants,1,A drawing of a garden filled with roses,data/exp/cross/6-plants/1.png,33.96488687247347,76.15533456080084,0.07956849038600922
exp,cross,6-plants,2,A drawing of a garden filled with tulips,data/exp/cross/6-plants/2.png,29.153832037264237,86.51539151309089,0.033151786774396896
exp,cross,6-plants,3,A drawing of a garden filled with daisies,data/exp/cross/6-plants/3.png,32.28335924879889,95.81732288874173,0.022117676213383675
exp,cross,6-plants,4,A drawing of a garden filled with lavender,data/exp/cross/6-plants/4.png,33.062141675921566,72.56712871109949,0.06126019358634949
exp,cross,6-plants,5,A drawing of a garden filled with lotus,data/exp/cross/6-plants/5.png,35.8805385784558,79.15835984484511,0.08286162465810776
exp,cross,6-plants,6,A drawing of a garden filled with orchids,data/exp/cross/6-plants/6.png,31.712135111780754,83.04058350872629,0.07282966375350952
exp,cross,6-plants,7,A drawing of a garden filled with peonies,data/exp/cross/6-plants/7.png,35.0132492075536,75.8931039061049,0.0768694281578064
exp,cross,6-plants,8,A drawing of a garden filled with violets,data/exp/cross/6-plants/8.png,31.35182500662404,93.08416361497166,0.02804373763501644
exp,cross,6-plants,9,A drawing of a garden filled with carnations,data/exp/cross/6-plants/9.png,30.32585017782958,94.62952143703569,0.021240239962935448
exp,cross,6-plants,10,A drawing of a garden filled with hydrangeas,data/exp/cross/6-plants/10.png,34.84391537905981,91.60096748168644,0.04184124991297722
exp,cross,7-text,1,A magazine cover with the headline “FASHION”,data/exp/cross/7-text/1.png,25.488706387611728,86.45650808002483,0.019676409661769867
exp,cross,7-text,2,A magazine cover with the headline “DESIGN”,data/exp/cross/7-text/2.png,25.40474131811061,84.54838444125198,0.0338839553296566
exp,cross,7-text,3,A magazine cover with the headline “TRENDS”,data/exp/cross/7-text/3.png,23.8233748372744,90.30293915198763,0.01779722236096859
exp,cross,7-text,4,A magazine cover with the headline “BEAUTY”,data/exp/cross/7-text/4.png,26.51259505367989,81.05170153058589,0.024208923801779747
exp,cross,7-text,5,A magazine cover with the headline “LIFESTYLE”,data/exp/cross/7-text/5.png,22.556187443251474,88.16856818531505,0.013652976602315903
exp,cross,7-text,6,A magazine cover with the headline “MODERN”,data/exp/cross/7-text/6.png,24.148179942945717,89.4980796907862,0.016117271035909653
exp,cross,7-text,7,A magazine cover with the headline “ELEGANCE”,data/exp/cross/7-text/7.png,26.134343949076992,82.2662297070483,0.020664533600211143
exp,cross,7-text,8,A magazine cover with the headline “GLAMOUR”,data/exp/cross/7-text/8.png,25.778709828659657,85.008663464253,0.022927381098270416
exp,cross,7-text,9,A magazine cover with the headline “FEATURES”,data/exp/cross/7-text/9.png,22.641171752256014,91.53594476974013,0.010607093572616577
exp,cross,7-text,10,A magazine cover with the headline “INSPIRE”,data/exp/cross/7-text/10.png,22.1451761332645,87.01651164180794,0.01856708899140358
exp,cross,8-texture,1,A cup with a rough surface,data/exp/cross/8-texture/1.png,30.39243453158815,96.23319048753228,0.03592708334326744
exp,cross,8-texture,2,A cup with a shiny surface,data/exp/cross/8-texture/2.png,31.144073001409197,95.76514497872449,0.03571028262376785
exp,cross,8-texture,3,A cup with a matte surface,data/exp/cross/8-texture/3.png,31.11765026036437,94.15754202137259,0.05028548464179039
exp,cross,8-texture,4,A cup with a soft surface,data/exp/cross/8-texture/4.png,29.566647878009462,97.0622136735692,0.02158331871032715
exp,cross,8-texture,5,A cup with a hard surface,data/exp/cross/8-texture/5.png,28.52755406589904,96.5796544326513,0.011107834987342358
exp,cross,8-texture,6,A cup with a sticky surface,data/exp/cross/8-texture/6.png,28.84803336414575,95.1919628289761,0.023970389738678932
exp,cross,8-texture,7,A cup with a wet surface,data/exp/cross/8-texture/7.png,25.29931857485326,89.26866735600743,0.0173148512840271
exp,cross,8-texture,8,A cup with a dry surface,data/exp/cross/8-texture/8.png,29.2428545612604,97.59147315723158,0.02332896552979946
exp,cross,8-texture,9,A cup with a grainy surface,data/exp/cross/8-texture/9.png,30.433904466354534,97.61107712639387,0.028907082974910736
exp,cross,8-texture,10,A cup with a fuzzy surface,data/exp/cross/8-texture/10.png,29.682352423275006,98.23833261400796,0.012521318159997463
exp,cross,9-Transportation,1,A drawing of a boy driving a truck,data/exp/cross/9-Transportation/1.png,29.57031356394282,90.92292883284927,0.04163021594285965
exp,cross,9-Transportation,2,A drawing of a boy driving a motorcycle,data/exp/cross/9-Transportation/2.png,34.403743984507855,73.91182152075316,0.13309814035892487
exp,cross,9-Transportation,3,A drawing of a boy driving a bus,data/exp/cross/9-Transportation/3.png,29.917862313679507,89.11520922586078,0.04953563213348389
exp,cross,9-Transportation,4,A drawing of a boy driving a bicycle,data/exp/cross/9-Transportation/4.png,32.124566502537846,77.17478864095938,0.14586015045642853
exp,cross,9-Transportation,5,A drawing of a boy driving a scooter,data/exp/cross/9-Transportation/5.png,31.769415179780026,80.289662049458,0.06484880298376083
exp,cross,9-Transportation,6,A drawing of a boy driving a train,data/exp/cross/9-Transportation/6.png,33.76646001464519,79.1610539749945,0.04842028021812439
exp,cross,9-Transportation,7,A drawing of a boy driving a submarine,data/exp/cross/9-Transportation/7.png,32.8370596189161,77.59284373038008,0.08364427834749222
exp,cross,9-Transportation,8,A drawing of a boy driving a helicopter,data/exp/cross/9-Transportation/8.png,30.2608334263482,81.60018947411982,0.052997734397649765
exp,cross,9-Transportation,9,A drawing of a boy driving a jet,data/exp/cross/9-Transportation/9.png,30.62181706404226,81.69693974090069,0.03970013186335564
exp,cross,9-Transportation,10,A drawing of a boy driving a spaceship,data/exp/cross/9-Transportation/10.png,28.979321544976756,80.74091096808661,0.058252155780792236
quadratic,self,0-animal,1,A photo of a cat riding a bicycle,data/quadratic/self/0-animal/1.png,35.20882398291178,89.67513530159977,0.009093730710446835
quadratic,self,0-animal,2,A photo of a dog riding a bicycle,data/quadratic/self/0-animal/2.png,35.198390189047814,94.9296666091659,0.006291545927524567
quadratic,self,0-animal,3,A photo of a lion riding a bicycle,data/quadratic/self/0-animal/3.png,33.98681542295935,89.09210646378324,0.004914408549666405
quadratic,self,0-animal,4,A photo of a tiger riding a bicycle,data/quadratic/self/0-animal/4.png,35.540148347102786,88.58163436558743,0.013480584137141705
quadratic,self,0-animal,5,A photo of a rabbit riding a bicycle,data/quadratic/self/0-animal/5.png,35.26346356494605,88.29839307200518,0.01057341042906046
quadratic,self,0-animal,6,A photo of a panda riding a bicycle,data/quadratic/self/0-animal/6.png,39.41912653782833,93.43166468098889,0.0037449628580361605
quadratic,self,0-animal,7,A photo of a fox riding a bicycle,data/quadratic/self/0-animal/7.png,39.76678555616627,89.42304339775364,0.006362353917211294
quadratic,self,0-animal,8,A photo of a wolf riding a bicycle,data/quadratic/self/0-animal/8.png,34.99687581038461,90.81595040824459,0.008478429168462753
quadratic,self,0-animal,9,A photo of a monkey riding a bicycle,data/quadratic/self/0-animal/9.png,37.974813497528885,90.6930754236655,0.005475257523357868
quadratic,self,0-animal,10,A photo of an elephant riding a bicycle,data/quadratic/self/0-animal/10.png,34.53322316423191,91.38244491633895,0.008070078678429127
quadratic,self,1-clothes,1,A portrait of a woman wearing a jacket,data/quadratic/self/1-clothes/1.png,29.638772483922594,97.94766458112008,0.004354043398052454
quadratic,self,1-clothes,2,A portrait of a woman wearing a sweater,data/quadratic/self/1-clothes/2.png,28.41733910883613,96.31413360131273,0.007011064328253269
quadratic,self,1-clothes,3,A portrait of a woman wearing a skirt,data/quadratic/self/1-clothes/3.png,28.39197137008432,97.10535551874909,0.002099644858390093
quadratic,self,1-clothes,4,A portrait of a woman wearing a coat,data/quadratic/self/1-clothes/4.png,30.44950002284986,97.86285312559858,0.004791334271430969
quadratic,self,1-clothes,5,A portrait of a woman wearing a shirt,data/quadratic/self/1-clothes/5.png,27.472259710102662,96.87617564210268,0.005563719198107719
quadratic,self,1-clothes,6,A portrait of a woman wearing a scarf,data/quadratic/self/1-clothes/6.png,30.03394534846825,99.22787112067135,0.0019257363164797425
quadratic,self,1-clothes,7,A portrait of a woman wearing a hoodie,data/quadratic/self/1-clothes/7.png,26.142161098835686,95.34158241970636,0.009522229433059692
quadratic,self,1-clothes,8,A portrait of a woman wearing a blouse,data/quadratic/self/1-clothes/8.png,30.376484327429353,98.68669666760934,0.0017859111540019512
quadratic,self,1-clothes,9,A portrait of a woman wearing a suit,data/quadratic/self/1-clothes/9.png,28.12228417375809,97.34376815557562,0.005037729162722826
quadratic,self,1-clothes,10,A portrait of a woman wearing a vest,data/quadratic/self/1-clothes/10.png,33.47283261091843,96.01554411052985,0.004661571700125933
quadratic,self,2-color,1,A bear holding a red balloon.,data/quadratic/self/2-color/1.png,33.32832113863515,94.93590721595001,0.005363632924854755
quadratic,self,2-color,2,A bear holding a yellow balloon.,data/quadratic/self/2-color/2.png,31.801375192746946,95.16681562742679,0.008193082176148891
quadratic,self,2-color,3,A bear holding a black balloon.,data/quadratic/self/2-color/3.png,32.13001734771842,99.17896550590194,0.001261213212274015
quadratic,self,2-color,4,A bear holding a pink balloon.,data/quadratic/self/2-color/4.png,35.134145317775165,94.7799456905318,0.003876847680658102
quadratic,self,2-color,5,A bear holding a white balloon.,data/quadratic/self/2-color/5.png,33.212142736407486,97.65066057400918,0.002984110964462161
quadratic,self,2-color,6,A bear holding a green balloon.,data/quadratic/self/2-color/6.png,31.642034083712133,98.37431466097314,0.0019129771972075105
quadratic,self,2-color,7,A bear holding a purple balloon.,data/quadratic/self/2-color/7.png,34.43611824978757,98.27491794776233,0.002464942866936326
quadratic,self,2-color,8,A bear holding a orange balloon.,data/quadratic/self/2-color/8.png,34.92344288241884,96.1798026031338,0.005165921524167061
quadratic,self,2-color,9,A bear holding a gray balloon.,data/quadratic/self/2-color/9.png,32.9450483423268,98.96192113585766,0.0012050678487867117
quadratic,self,2-color,10,A bear holding a brown balloon.,data/quadratic/self/2-color/10.png,32.382207599235926,95.7831098200304,0.00836285948753357
quadratic,self,3-decorates,1,A cake decorated with strawberries,data/quadratic/self/3-decorates/1.png,28.836794907515923,93.5433935961446,0.007746054790914059
quadratic,self,3-decorates,2,A cake decorated with blueberries,data/quadratic/self/3-decorates/2.png,29.91174091619405,95.15994321135986,0.0061198510229587555
quadratic,self,3-decorates,3,A cake decorated with cream,data/quadratic/self/3-decorates/3.png,29.34817895684637,95.54864897145399,0.009173649363219738
quadratic,self,3-decorates,4,A cake decorated with sprinkles,data/quadratic/self/3-decorates/4.png,29.591285459807068,93.62102865188763,0.005684153642505407
quadratic,self,3-decorates,5,A cake decorated with almonds,data/quadratic/self/3-decorates/5.png,29.636698242126158,97.4495842895185,0.004840122535824776
quadratic,self,3-decorates,6,A cake decorated with cherries,data/quadratic/self/3-decorates/6.png,30.03558447632463,93.935419335206,0.005295965354889631
quadratic,self,3-decorates,7,A cake decorated with mints,data/quadratic/self/3-decorates/7.png,28.4605971830822,95.72237864283534,0.006787714548408985
quadratic,self,3-decorates,8,A cake decorated with macarons,data/quadratic/self/3-decorates/8.png,28.297995699729427,97.73146659709619,0.0054155089892446995
quadratic,self,3-decorates,9,A cake decorated with caramel,data/quadratic/self/3-decorates/9.png,28.85575216623306,96.78404473564433,0.003657273016870022
quadratic,self,3-decorates,10,A cake decorated with raspberries,data/quadratic/self/3-decorates/10.png,30.834730831888464,93.28332062975414,0.006944023072719574
quadratic,self,4-food,1,A painting of a girl holding an apple,data/quadratic/self/4-food/1.png,34.97356145180197,83.32358042324631,0.011548671871423721
quadratic,self,4-food,2,A painting of a girl holding a grape,data/quadratic/self/4-food/2.png,31.74638394328167,83.41388146697045,0.010123999789357185
quadratic,self,4-food,3,A painting of a girl holding a pineapple,data/quadratic/self/4-food/3.png,30.707933861383935,83.11806359238108,0.007180027198046446
quadratic,self,4-food,4,A painting of a girl holding a watermelon,data/quadratic/self/4-food/4.png,32.460507246818906,92.53954401317878,0.004044759552925825
quadratic,self,4-food,5,A painting of a girl holding a mango,data/quadratic/self/4-food/5.png,34.279968969723996,91.06306532387225,0.003771209390833974
quadratic,self,4-food,6,A painting of a girl holding a strawberry,data/quadratic/self/4-food/6.png,31.937211208321287,84.16698621116484,0.010310061275959015
quadratic,self,4-food,7,A painting of a girl holding a peach,data/quadratic/self/4-food/7.png,33.10028269102327,83.39187543044045,0.009393360465765
quadratic,self,4-food,8,A painting of a girl holding a papaya,data/quadratic/self/4-food/8.png,32.97647489368228,87.3872048768767,0.004474992398172617
quadratic,self,4-food,9,A painting of a girl holding a kiwi,data/quadratic/self/4-food/9.png,33.54203062854981,90.70851898830506,0.00398322893306613
quadratic,self,4-food,10,A painting of a girl holding an orange,data/quadratic/self/4-food/10.png,33.11140789881938,94.09563067212093,0.0030185834039002657
quadratic,self,5-object,1,A photo of a book on the table,data/quadratic/self/5-object/1.png,23.900953268600574,92.14872824849863,0.020982880145311356
quadratic,self,5-object,2,A photo of a cup on the table,data/quadratic/self/5-object/2.png,24.984099386909293,97.2294166358497,0.005421219393610954
quadratic,self,5-object,3,A photo of a lamp on the table,data/quadratic/self/5-object/3.png,28.50942531180749,96.14493388327992,0.0062985471449792385
quadratic,self,5-object,4,A photo of a phone on the table,data/quadratic/self/5-object/4.png,26.324989419936173,89.71752016773326,0.019319502636790276
quadratic,self,5-object,5,A photo of a chair on the table,data/quadratic/self/5-object/5.png,25.02649319374018,97.79402763702547,0.007846649736166
quadratic,self,5-object,6,A photo of a table on the table,data/quadratic/self/5-object/6.png,25.837918107064525,98.67796458648354,0.003851400688290596
quadratic,self,5-object,7,A photo of a pen on the table,data/quadratic/self/5-object/7.png,27.258392267867293,96.91110396660588,0.007799716666340828
quadratic,self,5-object,8,A photo of a key on the table,data/quadratic/self/5-object/8.png,26.797043341410927,94.88293656409678,0.015368896536529064
quadratic,self,5-object,9,A photo of a bag on the table,data/quadratic/self/5-object/9.png,25.46937958006879,96.90846944110581,0.007241013925522566
quadratic,self,5-object,10,A photo of a clock on the table,data/quadratic/self/5-object/10.png,24.575479713476398,95.51451338878678,0.009848255664110184
quadratic,self,6-plants,1,A drawing of a garden filled with roses,data/quadratic/self/6-plants/1.png,31.58156218674162,98.20271287557262,0.009709092788398266
quadratic,self,6-plants,2,A drawing of a garden filled with tulips,data/quadratic/self/6-plants/2.png,30.452733575075627,95.85114256676752,0.01477784849703312
quadratic,self,6-plants,3,A drawing of a garden filled with daisies,data/quadratic/self/6-plants/3.png,30.668067291684338,98.17412648575737,0.008998396806418896
quadratic,self,6-plants,4,A drawing of a garden filled with lavender,data/quadratic/self/6-plants/4.png,28.919991077040777,93.7944126163029,0.021998248994350433
quadratic,self,6-plants,5,A drawing of a garden filled with lotus,data/quadratic/self/6-plants/5.png,29.833697568603156,92.9190348944876,0.015436003915965557
quadratic,self,6-plants,6,A drawing of a garden filled with orchids,data/quadratic/self/6-plants/6.png,29.507686958899285,96.0217191521997,0.015445848926901817
quadratic,self,6-plants,7,A drawing of a garden filled with peonies,data/quadratic/self/6-plants/7.png,31.237428783411133,97.86978514631483,0.0072238147258758545
quadratic,self,6-plants,8,A drawing of a garden filled with violets,data/quadratic/self/6-plants/8.png,30.185189165892552,95.76820865769969,0.012439019046723843
quadratic,self,6-plants,9,A drawing of a garden filled with carnations,data/quadratic/self/6-plants/9.png,31.394978772733793,97.8834226900799,0.007516864687204361
quadratic,self,6-plants,10,A drawing of a garden filled with hydrangeas,data/quadratic/self/6-plants/10.png,33.64121574525552,96.04765313512007,0.01045050285756588
quadratic,self,7-text,1,A magazine cover with the headline “FASHION”,data/quadratic/self/7-text/1.png,24.587397663108504,97.83383162184327,0.00048494135262444615
quadratic,self,7-text,2,A magazine cover with the headline “DESIGN”,data/quadratic/self/7-text/2.png,25.611712502419323,98.35435902437985,0.0010253348154947162
quadratic,self,7-text,3,A magazine cover with the headline “TRENDS”,data/quadratic/self/7-text/3.png,25.124176273282956,99.24875658979408,0.0004250764613971114
quadratic,self,7-text,4,A magazine cover with the headline “BEAUTY”,data/quadratic/self/7-text/4.png,24.840511786690513,95.40682566885516,0.0018331431783735752
quadratic,self,7-text,5,A magazine cover with the headline “LIFESTYLE”,data/quadratic/self/7-text/5.png,24.038879917249915,99.02771870824517,0.00047857058234512806
quadratic,self,7-text,6,A magazine cover with the headline “MODERN”,data/quadratic/self/7-text/6.png,25.53597287452476,99.32012123642835,0.0004706447653006762
quadratic,self,7-text,7,A magazine cover with the headline “ELEGANCE”,data/quadratic/self/7-text/7.png,25.34229054678258,98.24865613927068,0.0004479423223529011
quadratic,self,7-text,8,A magazine cover with the headline “GLAMOUR”,data/quadratic/self/7-text/8.png,24.191427586378154,96.5737476119034,0.001063506118953228
quadratic,self,7-text,9,A magazine cover with the headline “FEATURES”,data/quadratic/self/7-text/9.png,24.093215515572638,99.25978941038375,0.0002750588464550674
quadratic,self,7-text,10,A magazine cover with the headline “INSPIRE”,data/quadratic/self/7-text/10.png,23.764755154781597,98.85179558576874,0.0007814131095074117
quadratic,self,8-texture,1,A cup with a rough surface,data/quadratic/self/8-texture/1.png,29.89882756891825,98.80505361976975,0.00315152108669281
quadratic,self,8-texture,2,A cup with a shiny surface,data/quadratic/self/8-texture/2.png,30.263825579744207,99.6583776213356,0.0016580160008743405
quadratic,self,8-texture,3,A cup with a matte surface,data/quadratic/self/8-texture/3.png,29.822029958498206,98.65327634073401,0.004555728752166033
quadratic,self,8-texture,4,A cup with a soft surface,data/quadratic/self/8-texture/4.png,30.330082107931503,99.55262109204205,0.0013292654184624553
quadratic,self,8-texture,5,A cup with a hard surface,data/quadratic/self/8-texture/5.png,29.414372900151875,99.47807951759887,0.0019293854711577296
quadratic,self,8-texture,6,A cup with a sticky surface,data/quadratic/self/8-texture/6.png,29.412689068808504,98.67224254014855,0.004042559769004583
quadratic,self,8-texture,7,A cup with a wet surface,data/quadratic/self/8-texture/7.png,29.030760357342388,99.34415979150026,0.0009432790102437139
quadratic,self,8-texture,8,A cup with a dry surface,data/quadratic/self/8-texture/8.png,29.020609685562704,99.59854647434531,0.0007181473192758858
quadratic,self,8-texture,9,A cup with a grainy surface,data/quadratic/self/8-texture/9.png,29.314991088103397,98.96130124750471,0.003957729320973158
quadratic,self,8-texture,10,A cup with a fuzzy surface,data/quadratic/self/8-texture/10.png,29.37182412123275,99.52600761611939,0.0018467900808900595
quadratic,self,9-Transportation,1,A drawing of a boy driving a truck,data/quadratic/self/9-Transportation/1.png,27.10214165989987,98.70625295305217,0.0019234617939218879
quadratic,self,9-Transportation,2,A drawing of a boy driving a motorcycle,data/quadratic/self/9-Transportation/2.png,25.491102494514507,96.97914267380793,0.005516466218978167
quadratic,self,9-Transportation,3,A drawing of a boy driving a bus,data/quadratic/self/9-Transportation/3.png,28.513818174462585,98.55870164365342,0.002353697782382369
quadratic,self,9-Transportation,4,A drawing of a boy driving a bicycle,data/quadratic/self/9-Transportation/4.png,26.65253484936011,96.51650330669372,0.00858878344297409
quadratic,self,9-Transportation,5,A drawing of a boy driving a scooter,data/quadratic/self/9-Transportation/5.png,24.746717910516054,99.14681475805719,0.0020165308378636837
quadratic,self,9-Transportation,6,A drawing of a boy driving a train,data/quadratic/self/9-Transportation/6.png,31.44708515717184,96.23331565729586,0.0033329424913972616
quadratic,self,9-Transportation,7,A drawing of a boy driving a submarine,data/quadratic/self/9-Transportation/7.png,27.806135153284686,96.79916047471261,0.004138510674238205
quadratic,self,9-Transportation,8,A drawing of a boy driving a helicopter,data/quadratic/self/9-Transportation/8.png,27.01309529404398,98.6466840665189,0.0044449795968830585
quadratic,self,9-Transportation,9,A drawing of a boy driving a jet,data/quadratic/self/9-Transportation/9.png,26.777156250164353,99.59605500000362,0.0031116099562495947
quadratic,self,9-Transportation,10,A drawing of a boy driving a spaceship,data/quadratic/self/9-Transportation/10.png,26.966663272221467,99.60741564616455,0.0024185702204704285
quadratic,cross,0-animal,1,A photo of a cat riding a bicycle,data/quadratic/cross/0-animal/1.png,34.98304157127677,91.4247284545686,0.021424978971481323
quadratic,cross,0-animal,2,A photo of a dog riding a bicycle,data/quadratic/cross/0-animal/2.png,31.092663991368227,91.67558654217373,0.019038110971450806
quadratic,cross,0-animal,3,A photo of a lion riding a bicycle,data/quadratic/cross/0-animal/3.png,34.365757941494394,93.08890814505776,0.015426444821059704
quadratic,cross,0-animal,4,A photo of a tiger riding a bicycle,data/quadratic/cross/0-animal/4.png,35.70649896289797,88.89747940234929,0.012671643868088722
quadratic,cross,0-animal,5,A photo of a rabbit riding a bicycle,data/quadratic/cross/0-animal/5.png,37.35792325843204,86.75524658243103,0.023806119337677956
quadratic,cross,0-animal,6,A photo of a panda riding a bicycle,data/quadratic/cross/0-animal/6.png,39.49330452391064,94.12472966192036,0.011125327087938786
quadratic,cross,0-animal,7,A photo of a fox riding a bicycle,data/quadratic/cross/0-animal/7.png,38.626590337874404,90.61161970990088,0.02246185764670372
quadratic,cross,0-animal,8,A photo of a wolf riding a bicycle,data/quadratic/cross/0-animal/8.png,33.926248158549924,92.41672863324902,0.016246220096945763
quadratic,cross,0-animal,9,A photo of a monkey riding a bicycle,data/quadratic/cross/0-animal/9.png,37.59560573830436,89.63549820980006,0.016584889963269234
quadratic,cross,0-animal,10,A photo of an elephant riding a bicycle,data/quadratic/cross/0-animal/10.png,33.77541561320595,87.93436363673072,0.014521516859531403
quadratic,cross,1-clothes,1,A portrait of a woman wearing a jacket,data/quadratic/cross/1-clothes/1.png,29.040577243085863,88.52022369539009,0.03079538606107235
quadratic,cross,1-clothes,2,A portrait of a woman wearing a sweater,data/quadratic/cross/1-clothes/2.png,29.104541972506695,90.77278472120497,0.028444575145840645
quadratic,cross,1-clothes,3,A portrait of a woman wearing a skirt,data/quadratic/cross/1-clothes/3.png,25.11271429921817,88.7581177717675,0.03196988254785538
quadratic,cross,1-clothes,4,A portrait of a woman wearing a coat,data/quadratic/cross/1-clothes/4.png,27.776440116992035,84.16767762509699,0.04184705764055252
quadratic,cross,1-clothes,5,A portrait of a woman wearing a shirt,data/quadratic/cross/1-clothes/5.png,28.797733000582184,87.56613803414393,0.02904069982469082
quadratic,cross,1-clothes,6,A portrait of a woman wearing a scarf,data/quadratic/cross/1-clothes/6.png,29.608666175549615,96.9709589554559,0.010316031984984875
quadratic,cross,1-clothes,7,A portrait of a woman wearing a hoodie,data/quadratic/cross/1-clothes/7.png,31.532799623130586,76.07745512599558,0.06037730351090431
quadratic,cross,1-clothes,8,A portrait of a woman wearing a blouse,data/quadratic/cross/1-clothes/8.png,30.132045660556287,95.94020383378574,0.017869170755147934
quadratic,cross,1-clothes,9,A portrait of a woman wearing a suit,data/quadratic/cross/1-clothes/9.png,27.00556126636957,81.36201525589058,0.036340825259685516
quadratic,cross,1-clothes,10,A portrait of a woman wearing a vest,data/quadratic/cross/1-clothes/10.png,31.337811953568234,87.29428718904728,0.022087248042225838
quadratic,cross,2-color,1,A bear holding a red balloon.,data/quadratic/cross/2-color/1.png,32.81275284292224,93.06069130406831,0.03713743016123772
quadratic,cross,2-color,2,A bear holding a yellow balloon.,data/quadratic/cross/2-color/2.png,32.2830940081094,96.16938371043216,0.03674072027206421
quadratic,cross,2-color,3,A bear holding a black balloon.,data/quadratic/cross/2-color/3.png,32.32475467775362,97.58987575262972,0.024204084649682045
quadratic,cross,2-color,4,A bear holding a pink balloon.,data/quadratic/cross/2-color/4.png,34.75863006657619,94.15247562618015,0.040472421795129776
quadratic,cross,2-color,5,A bear holding a white balloon.,data/quadratic/cross/2-color/5.png,33.29693333030173,96.79407619812537,0.0247748214751482
quadratic,cross,2-color,6,A bear holding a green balloon.,data/quadratic/cross/2-color/6.png,32.98056377262583,98.1168642991529,0.005767878610640764
quadratic,cross,2-color,7,A bear holding a purple balloon.,data/quadratic/cross/2-color/7.png,36.18345238654706,96.84794688018337,0.036151573061943054
quadratic,cross,2-color,8,A bear holding a orange balloon.,data/quadratic/cross/2-color/8.png,34.07437465281464,93.78884554205615,0.033580198884010315
quadratic,cross,2-color,9,A bear holding a gray balloon.,data/quadratic/cross/2-color/9.png,33.23704257866211,97.42620138558914,0.02486896701157093
quadratic,cross,2-color,10,A bear holding a brown balloon.,data/quadratic/cross/2-color/10.png,31.815632624864975,93.89267088071165,0.03706729784607887
quadratic,cross,3-decorates,1,A cake decorated with strawberries,data/quadratic/cross/3-decorates/1.png,30.86390432749954,90.44645522662722,0.025142773985862732
quadratic,cross,3-decorates,2,A cake decorated with blueberries,data/quadratic/cross/3-decorates/2.png,30.64918751901132,91.50437814745874,0.024038545787334442
quadratic,cross,3-decorates,3,A cake decorated with cream,data/quadratic/cross/3-decorates/3.png,28.622557916454753,90.89296557563466,0.04719265177845955
quadratic,cross,3-decorates,4,A cake decorated with sprinkles,data/quadratic/cross/3-decorates/4.png,30.265077277379987,92.75538436930674,0.026327013969421387
quadratic,cross,3-decorates,5,A cake decorated with almonds,data/quadratic/cross/3-decorates/5.png,30.431621608285468,93.78033399813285,0.02110857330262661
quadratic,cross,3-decorates,6,A cake decorated with cherries,data/quadratic/cross/3-decorates/6.png,30.83440300631719,91.33188229231837,0.017405064776539803
quadratic,cross,3-decorates,7,A cake decorated with mints,data/quadratic/cross/3-decorates/7.png,29.283591358840113,92.43729223726541,0.03212658315896988
quadratic,cross,3-decorates,8,A cake decorated with macarons,data/quadratic/cross/3-decorates/8.png,29.452010255966798,94.36177139181245,0.022241806611418724
quadratic,cross,3-decorates,9,A cake decorated with caramel,data/quadratic/cross/3-decorates/9.png,29.193808875565082,92.10955607296364,0.018992966040968895
quadratic,cross,3-decorates,10,A cake decorated with raspberries,data/quadratic/cross/3-decorates/10.png,31.733098066947605,92.02832089640151,0.01673632487654686
quadratic,cross,4-food,1,A painting of a girl holding an apple,data/quadratic/cross/4-food/1.png,38.3666365807826,79.99805226311082,0.0465625561773777
quadratic,cross,4-food,2,A painting of a girl holding a grape,data/quadratic/cross/4-food/2.png,35.083076054235335,74.81892679740304,0.04709797352552414
quadratic,cross,4-food,3,A painting of a girl holding a pineapple,data/quadratic/cross/4-food/3.png,36.77248639278287,79.1155279438417,0.047099519520998
quadratic,cross,4-food,4,A painting of a girl holding a watermelon,data/quadratic/cross/4-food/4.png,37.921139510813646,84.77602651794587,0.029416708275675774
quadratic,cross,4-food,5,A painting of a girl holding a mango,data/quadratic/cross/4-food/5.png,34.34093856551635,85.24810726151281,0.037365227937698364
quadratic,cross,4-food,6,A painting of a girl holding a strawberry,data/quadratic/cross/4-food/6.png,37.694468989903726,81.09233402002928,0.048245809972286224
quadratic,cross,4-food,7,A painting of a girl holding a peach,data/quadratic/cross/4-food/7.png,34.985488342131475,78.41311099343147,0.04680647701025009
quadratic,cross,4-food,8,A painting of a girl holding a papaya,data/quadratic/cross/4-food/8.png,33.78532786638834,83.69046492122334,0.025614028796553612
quadratic,cross,4-food,9,A painting of a girl holding a kiwi,data/quadratic/cross/4-food/9.png,32.497351860797835,84.5978443792601,0.027040356770157814
quadratic,cross,4-food,10,A painting of a girl holding an orange,data/quadratic/cross/4-food/10.png,35.48655184643167,76.30538330500622,0.047457315027713776
quadratic,cross,5-object,1,A photo of a book on the table,data/quadratic/cross/5-object/1.png,28.50145915042549,84.72917130311316,0.04151467978954315
quadratic,cross,5-object,2,A photo of a cup on the table,data/quadratic/cross/5-object/2.png,31.114038218615406,91.0730431421689,0.029934111982584
quadratic,cross,5-object,3,A photo of a lamp on the table,data/quadratic/cross/5-object/3.png,32.132410474388735,86.40565339322256,0.036133937537670135
quadratic,cross,5-object,4,A photo of a phone on the table,data/quadratic/cross/5-object/4.png,27.43763536931101,86.18696393485698,0.04047469049692154
quadratic,cross,5-object,5,A photo of a chair on the table,data/quadratic/cross/5-object/5.png,29.65052950100153,84.7397570888329,0.054598595947027206
quadratic,cross,5-object,6,A photo of a table on the table,data/quadratic/cross/5-object/6.png,26.807700652709855,88.2927663931091,0.12336638569831848
quadratic,cross,5-object,7,A photo of a pen on the table,data/quadratic/cross/5-object/7.png,29.558270444547134,84.3029086534807,0.0758303701877594
quadratic,cross,5-object,8,A photo of a key on the table,data/quadratic/cross/5-object/8.png,21.081762134114115,63.48497159843191,0.07842022180557251
quadratic,cross,5-object,9,A photo of a bag on the table,data/quadratic/cross/5-object/9.png,28.922598780448652,85.13819628816145,0.05165775120258331
quadratic,cross,5-object,10,A photo of a clock on the table,data/quadratic/cross/5-object/10.png,29.65845691936147,76.86585774351897,0.04244310408830643
quadratic,cross,6-plants,1,A drawing of a garden filled with roses,data/quadratic/cross/6-plants/1.png,32.49600181549067,95.24478446920602,0.0267316997051239
quadratic,cross,6-plants,2,A drawing of a garden filled with tulips,data/quadratic/cross/6-plants/2.png,30.25877706594656,90.51646684772186,0.025603635236620903
quadratic,cross,6-plants,3,A drawing of a garden filled with daisies,data/quadratic/cross/6-plants/3.png,31.463887707815957,96.3682367415031,0.019232550635933876
quadratic,cross,6-plants,4,A drawing of a garden filled with lavender,data/quadratic/cross/6-plants/4.png,29.925119179734565,90.35559389919945,0.033803921192884445
quadratic,cross,6-plants,5,A drawing of a garden filled with lotus,data/quadratic/cross/6-plants/5.png,30.373763375187764,92.89134257441219,0.023324664682149887
quadratic,cross,6-plants,6,A drawing of a garden filled with orchids,data/quadratic/cross/6-plants/6.png,31.68653789512905,94.62018734895173,0.027354877442121506
quadratic,cross,6-plants,7,A drawing of a garden filled with peonies,data/quadratic/cross/6-plants/7.png,34.035101149375805,95.28791439345605,0.022594444453716278
quadratic,cross,6-plants,8,A drawing of a garden filled with violets,data/quadratic/cross/6-plants/8.png,31.471764462223973,95.08579502760222,0.022839214652776718
quadratic,cross,6-plants,9,A drawing of a garden filled with carnations,data/quadratic/cross/6-plants/9.png,30.905240151804946,95.20688783316655,0.014408436603844166
quadratic,cross,6-plants,10,A drawing of a garden filled with hydrangeas,data/quadratic/cross/6-plants/10.png,34.63738824938855,94.18843511111663,0.023592080920934677
quadratic,cross,7-text,1,A magazine cover with the headline “FASHION”,data/quadratic/cross/7-text/1.png,24.422388151923087,95.15330325342529,0.001469393027946353
quadratic,cross,7-text,2,A magazine cover with the headline “DESIGN”,data/quadratic/cross/7-text/2.png,25.595932171511095,89.09337008234888,0.013080715201795101
quadratic,cross,7-text,3,A magazine cover with the headline “TRENDS”,data/quadratic/cross/7-text/3.png,24.663110468910872,90.61117267503096,0.007351632695645094
quadratic,cross,7-text,4,A magazine cover with the headline “BEAUTY”,data/quadratic/cross/7-text/4.png,26.648273116933524,88.57743223781017,0.01263786107301712
quadratic,cross,7-text,5,A magazine cover with the headline “LIFESTYLE”,data/quadratic/cross/7-text/5.png,24.00187139048535,98.04427775720751,0.0024766309652477503
quadratic,cross,7-text,6,A magazine cover with the headline “MODERN”,data/quadratic/cross/7-text/6.png,25.101267226315713,90.83777167036169,0.00642734719440341
quadratic,cross,7-text,7,A magazine cover with the headline “ELEGANCE”,data/quadratic/cross/7-text/7.png,26.25194690242347,92.33135093355895,0.006240129470825195
quadratic,cross,7-text,8,A magazine cover with the headline “GLAMOUR”,data/quadratic/cross/7-text/8.png,25.755404410774418,89.54830852877058,0.010643602348864079
quadratic,cross,7-text,9,A magazine cover with the headline “FEATURES”,data/quadratic/cross/7-text/9.png,24.09945463224051,96.88745284175457,0.0021994467824697495
quadratic,cross,7-text,10,A magazine cover with the headline “INSPIRE”,data/quadratic/cross/7-text/10.png,23.68288220847171,95.1003027992474,0.006856934633105993
quadratic,cross,8-texture,1,A cup with a rough surface,data/quadratic/cross/8-texture/1.png,30.078359752911183,98.68084945151077,0.012565512210130692
quadratic,cross,8-texture,2,A cup with a shiny surface,data/quadratic/cross/8-texture/2.png,30.338772465802776,98.82434168429063,0.005078473128378391
quadratic,cross,8-texture,3,A cup with a matte surface,data/quadratic/cross/8-texture/3.png,30.265682264570614,96.61567948270203,0.011729327961802483
quadratic,cross,8-texture,4,A cup with a soft surface,data/quadratic/cross/8-texture/4.png,29.84671522401527,98.73755135441161,0.006798152346163988
quadratic,cross,8-texture,5,A cup with a hard surface,data/quadratic/cross/8-texture/5.png,28.81133478155766,97.53978996580372,0.0066271075047552586
quadratic,cross,8-texture,6,A cup with a sticky surface,data/quadratic/cross/8-texture/6.png,28.891362963971005,96.3778926946934,0.019142508506774902
quadratic,cross,8-texture,7,A cup with a wet surface,data/quadratic/cross/8-texture/7.png,26.94717255189289,93.39652177974813,0.00865440908819437
quadratic,cross,8-texture,8,A cup with a dry surface,data/quadratic/cross/8-texture/8.png,28.372966427647725,97.07200075698802,0.018706316128373146
quadratic,cross,8-texture,9,A cup with a grainy surface,data/quadratic/cross/8-texture/9.png,28.993117041062533,97.05741549929871,0.0121105732396245
quadratic,cross,8-texture,10,A cup with a fuzzy surface,data/quadratic/cross/8-texture/10.png,29.15790303481299,99.26199478240869,0.008690806105732918
quadratic,cross,9-Transportation,1,A drawing of a boy driving a truck,data/quadratic/cross/9-Transportation/1.png,25.44040874026541,96.16279739668198,0.007512226235121489
quadratic,cross,9-Transportation,2,A drawing of a boy driving a motorcycle,data/quadratic/cross/9-Transportation/2.png,33.10244335956122,79.95657934811197,0.09887100756168365
quadratic,cross,9-Transportation,3,A drawing of a boy driving a bus,data/quadratic/cross/9-Transportation/3.png,28.48037102549506,93.33416339562655,0.012718157842755318
quadratic,cross,9-Transportation,4,A drawing of a boy driving a bicycle,data/quadratic/cross/9-Transportation/4.png,32.845586064001736,77.42990250052617,0.11709348112344742
quadratic,cross,9-Transportation,5,A drawing of a boy driving a scooter,data/quadratic/cross/9-Transportation/5.png,30.57947988162823,92.63038745921176,0.022646546363830566
quadratic,cross,9-Transportation,6,A drawing of a boy driving a train,data/quadratic/cross/9-Transportation/6.png,29.762908106834857,91.51734811915139,0.021284572780132294
quadratic,cross,9-Transportation,7,A drawing of a boy driving a submarine,data/quadratic/cross/9-Transportation/7.png,31.67039397585995,86.8679470533707,0.02773926593363285
quadratic,cross,9-Transportation,8,A drawing of a boy driving a helicopter,data/quadratic/cross/9-Transportation/8.png,28.002437105364606,94.68221790750204,0.032109882682561874
quadratic,cross,9-Transportation,9,A drawing of a boy driving a jet,data/quadratic/cross/9-Transportation/9.png,27.836837508150893,94.98775730039597,0.02570359967648983
quadratic,cross,9-Transportation,10,A drawing of a boy driving a spaceship,data/quadratic/cross/9-Transportation/10.png,27.89388213778534,91.11151198284188,0.027729084715247154
